Task ID,Device ID,Source Node,Destination Node,Success,Path,Latency,Task type,IP Allocation 
1.0,81402.0,cangzhou_man2,65,True,cangzhou_man2-cangzhou_edge2,1.0166005540240137,1.0,,GA
2.0,42501.0,shijiangzhuang_man1,48,True,shijiangzhuang_man1-shijiangzhuang_edge1,1.014336667709273,1.0,,GA
3.0,12956.0,baoding_man2,59,True,baoding_man2-baoding_edge2,1.0353808405030964,1.0,,GA
4.0,34375.0,shijiangzhuang_man1,48,True,shijiangzhuang_man1-shijiangzhuang_edge1,1.017366871179614,1.0,,GA
5.0,92567.0,beijing_man1,7,True,beijing_man1-beijing_edge1,1.0162639052958438,1.0,,GA
6.0,51344.0,langfang_man1,66,True,langfang_man1-langfang_edge1,1.0137084177466682,1.0,,GA
7.0,17242.0,hengshui_man1,68,True,hengshui_man1-hengshui_edge1,1.0282977430552376,1.0,,GA
8.0,27503.0,baoding_man1,58,True,baoding_man1-baoding_edge1,1.0298673244576155,1.0,,GA
9.0,32561.0,zhangjiako_man1,60,True,zhangjiako_man1-zhangjiako_edge1,1.015448741392662,1.0,,GA
10.0,2057.0,shijiangzhuang_man1,24,True,shijiangzhuang_man1-shijiangzhuang_core-shijiangzhuang_cloud,11.033818124697065,1.0,,GA
11.0,87419.0,beijing_man2,8,True,beijing_man2-beijing_edge2,1.0153914524416827,1.0,,GA
12.0,94649.0,beijing_man2,8,True,beijing_man2-beijing_edge2,1.0168163429907924,1.0,,GA
13.0,43904.0,langfang_man1,66,True,langfang_man1-langfang_edge1,1.013848730609267,1.0,,GA
14.0,39906.0,hengshui_man2,69,True,hengshui_man2-hengshui_edge2,1.0153380291784813,1.0,,GA
15.0,58577.0,baoding_man1,58,True,baoding_man1-baoding_edge1,1.013999395549473,1.0,,GA
16.0,99019.0,beijing_man2,8,True,beijing_man2-beijing_edge2,1.0161658172059713,1.0,,GA
17.0,69804.0,handan_man1,54,True,handan_man1-handan_edge1,1.0171539240710108,1.0,,GA
18.0,39653.0,hengshui_man2,69,True,hengshui_man2-hengshui_edge2,1.0170693190208469,1.0,,GA
19.0,18777.0,tangshan_man2,51,True,tangshan_man2-tangshan_edge2,1.025379826161431,1.0,,GA
20.0,46278.0,baoding_man1,58,True,baoding_man1-baoding_edge1,1.0142524210268211,1.0,,GA
21.0,79774.0,shijiangzhuang_man2,49,True,shijiangzhuang_man2-shijiangzhuang_edge2,1.016507970637681,1.0,,GA
22.0,61036.0,beijing_man2,8,True,beijing_man2-beijing_edge2,1.0170555694704582,1.0,,GA
23.0,23107.0,handan_man1,54,True,handan_man1-handan_edge1,1.0316815710129028,1.0,,GA
24.0,45734.0,tianjin_man2,18,True,tianjin_man2-tianjin_edge2,1.014162958449767,1.0,,GA
25.0,55093.0,shijiangzhuang_man1,48,True,shijiangzhuang_man1-shijiangzhuang_edge1,1.013827761440816,1.0,,GA
26.0,79050.0,handan_man2,55,True,handan_man2-handan_edge2,1.016331043637577,1.0,,GA
27.0,88983.0,beijing_man1,7,True,beijing_man1-beijing_edge1,1.01599962304752,1.0,,GA
28.0,46068.0,handan_man1,54,True,handan_man1-handan_edge1,1.0144216791071057,1.0,,GA
29.0,54135.0,cangzhou_man1,64,True,cangzhou_man1-cangzhou_edge1,1.0143768507892361,1.0,,GA
30.0,29322.0,qhd_man1,52,True,qhd_man1-qhd_edge1,1.038841713555732,1.0,,GA
31.0,23892.0,langfang_man1,66,True,langfang_man1-langfang_edge1,1.0264688466915628,1.0,,GA
32.0,36187.0,baoding_man1,58,True,baoding_man1-baoding_edge1,1.0155925830463024,1.0,,GA
33.0,78315.0,xingtai_man1,56,True,xingtai_man1-xingtai_edge1,1.0144393368836584,1.0,,GA
34.0,18952.0,langfang_man1,66,True,langfang_man1-langfang_edge1,1.0373888894657723,1.0,,GA
35.0,26658.0,baoding_man1,58,True,baoding_man1-baoding_edge1,1.037884741194591,1.0,,GA
36.0,20501.0,xingtai_man1,56,True,xingtai_man1-xingtai_edge1,1.0255231637080207,1.0,,GA
37.0,57068.0,langfang_man1,66,True,langfang_man1-langfang_edge1,1.0144579385829982,1.0,,GA
38.0,47641.0,shijiangzhuang_man1,48,True,shijiangzhuang_man1-shijiangzhuang_edge1,1.0141309196703157,1.0,,GA
39.0,13120.0,shijiangzhuang_man1,24,True,shijiangzhuang_man1-shijiangzhuang_core-shijiangzhuang_cloud,11.033780085185697,1.0,,GA
40.0,45700.0,beijing_man2,8,True,beijing_man2-beijing_edge2,1.0136481704535614,1.0,,GA
41.0,29600.0,cangzhou_man1,64,True,cangzhou_man1-cangzhou_edge1,1.0288060577931182,1.0,,GA
42.0,82827.0,beijing_man1,7,True,beijing_man1-beijing_edge1,1.0154602265342256,1.0,,GA
43.0,63095.0,tangshan_man2,51,True,tangshan_man2-tangshan_edge2,1.0169987132557796,1.0,,GA
44.0,2545.0,chengde_man1,62,True,chengde_man1-chengde_edge1,1.0394008509006982,1.0,,GA
45.0,75425.0,handan_man1,54,True,handan_man1-handan_edge1,1.0155110725890064,1.0,,GA
46.0,18453.0,handan_man1,54,True,handan_man1-handan_edge1,1.0391953048475546,1.0,,GA
47.0,41420.0,xingtai_man1,56,True,xingtai_man1-xingtai_edge1,1.013504676702154,1.0,,GA
48.0,40501.0,tangshan_man1,50,True,tangshan_man1-tangshan_edge1,1.0136899319454769,1.0,,GA
49.0,62520.0,handan_man1,54,True,handan_man1-handan_edge1,1.0158873742007277,1.0,,GA
50.0,79747.0,beijing_man2,8,True,beijing_man2-beijing_edge2,1.0144816048436258,1.0,,GA
51.0,93781.0,beijing_man2,8,True,beijing_man2-beijing_edge2,1.0155975459297162,1.0,,GA
52.0,22115.0,tianjin_man2,17,True,tianjin_man2-tianjin_edge1,6.030825249006653,1.0,,GA
53.0,82266.0,baoding_man2,59,True,baoding_man2-baoding_edge2,1.0139411558467883,1.0,,GA
54.0,43372.0,tangshan_man1,50,True,tangshan_man1-tangshan_edge1,1.0142206079399723,1.0,,GA
55.0,65345.0,baoding_man2,59,True,baoding_man2-baoding_edge2,1.0149671169404006,1.0,,GA
56.0,66021.0,tianjin_man2,18,True,tianjin_man2-tianjin_edge2,1.0139247077874067,1.0,,GA
57.0,20107.0,zhangjiako_man1,60,True,zhangjiako_man1-zhangjiako_edge1,1.0409192165502572,1.0,,GA
58.0,47131.0,shijiangzhuang_man1,48,True,shijiangzhuang_man1-shijiangzhuang_edge1,1.0138375641240036,1.0,,GA
59.0,75539.0,shijiangzhuang_man1,48,True,shijiangzhuang_man1-shijiangzhuang_edge1,1.0159011081925593,1.0,,GA
60.0,59708.0,beijing_man2,8,True,beijing_man2-beijing_edge2,1.0142015647058626,1.0,,GA
61.0,29174.0,tianjin_man2,20,True,tianjin_man2-tianjin_edge4,6.025720373717627,1.0,,GA
62.0,73612.0,shijiangzhuang_man1,48,True,shijiangzhuang_man1-shijiangzhuang_edge1,1.0141574649475253,1.0,,GA
63.0,91283.0,beijing_man2,8,True,beijing_man2-beijing_edge2,1.0146583573219818,1.0,,GA
64.0,9913.0,qhd_man1,52,True,qhd_man1-qhd_edge1,1.0225875014920718,1.0,,GA
65.0,49486.0,shijiangzhuang_man1,48,True,shijiangzhuang_man1-shijiangzhuang_edge1,1.0139163768360178,1.0,,GA
66.0,7039.0,handan_man2,55,True,handan_man2-handan_edge2,1.0405190477365522,1.0,,GA
67.0,21708.0,langfang_man1,66,True,langfang_man1-langfang_edge1,1.0373994608629522,1.0,,GA
68.0,7843.0,hengshui_man1,68,True,hengshui_man1-hengshui_edge1,1.025236362780835,1.0,,GA
69.0,50938.0,baoding_man1,58,True,baoding_man1-baoding_edge1,1.014089843564465,1.0,,GA
70.0,94533.0,beijing_man2,8,True,beijing_man2-beijing_edge2,1.016710946131402,1.0,,GA
71.0,12264.0,tangshan_man2,51,True,tangshan_man2-tangshan_edge2,1.0325196900118778,1.0,,GA
72.0,25910.0,beijing_man1,9,True,beijing_man1-beijing_edge3,6.034110602475469,1.0,,GA
73.0,23601.0,handan_man1,54,True,handan_man1-handan_edge1,1.0309244523646661,1.0,,GA
74.0,96949.0,beijing_man2,8,True,beijing_man2-beijing_edge2,1.0135673258556308,1.0,,GA
75.0,24917.0,zhangjiako_man1,60,True,zhangjiako_man1-zhangjiako_edge1,1.0407306272890617,1.0,,GA
76.0,12809.0,hengshui_man1,68,True,hengshui_man1-hengshui_edge1,1.030043722350093,1.0,,GA
77.0,39118.0,zhangjiako_man2,61,True,zhangjiako_man2-zhangjiako_edge2,1.0148135230235602,1.0,,GA
78.0,93077.0,beijing_man1,7,True,beijing_man1-beijing_edge1,1.014470370717072,1.0,,GA
79.0,94541.0,beijing_man2,8,True,beijing_man2-beijing_edge2,1.0162039172009951,1.0,,GA
80.0,99506.0,langfang_man2,67,True,langfang_man2-langfang_edge2,1.016349686878602,1.0,,GA
81.0,79703.0,tianjin_man2,19,True,tianjin_man2-tianjin_edge3,6.0155207111077775,1.0,,GA
82.0,65849.0,baoding_man1,58,True,baoding_man1-baoding_edge1,1.0152552397799715,1.0,,GA
83.0,89986.0,tianjin_man2,18,True,tianjin_man2-tianjin_edge2,1.014659216010819,1.0,,GA
84.0,78274.0,shijiangzhuang_man1,48,True,shijiangzhuang_man1-shijiangzhuang_edge1,1.0143101232400606,1.0,,GA
85.0,49130.0,langfang_man1,66,True,langfang_man1-langfang_edge1,1.0142628023549238,1.0,,GA
86.0,16654.0,beijing_man1,10,True,beijing_man1-beijing_edge4,6.033647825036612,1.0,,GA
87.0,58217.0,tangshan_man2,51,True,tangshan_man2-tangshan_edge2,1.014490855125984,1.0,,GA
88.0,41370.0,tangshan_man1,50,True,tangshan_man1-tangshan_edge1,1.0143953443721112,1.0,,GA
89.0,86521.0,shijiangzhuang_man1,48,True,shijiangzhuang_man1-shijiangzhuang_edge1,1.014290492930747,1.0,,GA
90.0,43234.0,cangzhou_man1,64,True,cangzhou_man1-cangzhou_edge1,1.0140335342833136,1.0,,GA
91.0,26161.0,tangshan_man2,51,True,tangshan_man2-tangshan_edge2,1.0390995580743767,1.0,,GA
92.0,44521.0,cangzhou_man1,64,True,cangzhou_man1-cangzhou_edge1,1.0135285063712836,1.0,,GA
93.0,84207.0,beijing_man1,9,True,beijing_man1-beijing_edge3,6.016184475819329,1.0,,GA
94.0,60106.0,cangzhou_man1,64,True,cangzhou_man1-cangzhou_edge1,1.013926713273374,1.0,,GA
95.0,63429.0,tianjin_man2,17,True,tianjin_man2-tianjin_edge1,6.016795502592076,1.0,,GA
96.0,83442.0,baoding_man2,59,True,baoding_man2-baoding_edge2,1.0151414876097917,1.0,,GA
97.0,17899.0,langfang_man1,66,True,langfang_man1-langfang_edge1,1.0323863644894626,1.0,,GA
98.0,59636.0,beijing_man1,7,True,beijing_man1-beijing_edge1,1.0140193180083776,1.0,,GA
99.0,24297.0,xingtai_man1,56,True,xingtai_man1-xingtai_edge1,1.0280084716895217,1.0,,GA
100.0,39754.0,handan_man1,54,True,handan_man1-handan_edge1,1.0146696523491379,1.0,,GA
101.0,64393.0,cangzhou_man2,65,True,cangzhou_man2-cangzhou_edge2,1.01518256420657,1.0,,GA
102.0,44394.0,hengshui_man1,68,True,hengshui_man1-hengshui_edge1,1.0144593793748724,1.0,,GA
103.0,5076.0,handan_man1,54,True,handan_man1-handan_edge1,1.0239674819183933,1.0,,GA
104.0,84787.0,beijing_man1,7,True,beijing_man1-beijing_edge1,1.0144569535242638,1.0,,GA
105.0,76160.0,handan_man1,54,True,handan_man1-handan_edge1,1.0146512115138517,1.0,,GA
106.0,56089.0,xingtai_man1,56,True,xingtai_man1-xingtai_edge1,1.0140651642851695,1.0,,GA
107.0,23742.0,hengshui_man1,68,True,hengshui_man1-hengshui_edge1,1.0305958393107002,1.0,,GA
108.0,38315.0,shijiangzhuang_man1,48,True,shijiangzhuang_man1-shijiangzhuang_edge1,1.0160161464825606,1.0,,GA
109.0,80491.0,beijing_man2,8,True,beijing_man2-beijing_edge2,1.0174985724782888,1.0,,GA
110.0,629.0,tangshan_man2,51,True,tangshan_man2-tangshan_edge2,1.037758991387592,1.0,,GA
111.0,49832.0,langfang_man1,66,True,langfang_man1-langfang_edge1,1.014056945970584,1.0,,GA
112.0,4172.0,cangzhou_man1,64,True,cangzhou_man1-cangzhou_edge1,1.0364732078309693,1.0,,GA
113.0,31531.0,handan_man1,54,True,handan_man1-handan_edge1,1.0140791460338483,1.0,,GA
114.0,9098.0,langfang_man1,66,True,langfang_man1-langfang_edge1,1.0303732183651932,1.0,,GA
115.0,3644.0,hengshui_man1,68,True,hengshui_man1-hengshui_edge1,1.0305934844132447,1.0,,GA
116.0,48273.0,handan_man1,54,True,handan_man1-handan_edge1,1.0139702270410182,1.0,,GA
117.0,9226.0,zhangjiako_man1,39,True,zhangjiako_man1-zhangjiako_cloud,11.038955335509687,1.0,,GA
118.0,11240.0,cangzhou_man2,65,True,cangzhou_man2-cangzhou_edge2,1.023107265515961,1.0,,GA
119.0,98216.0,baoding_man2,59,True,baoding_man2-baoding_edge2,1.0151159956716724,1.0,,GA
120.0,96656.0,beijing_man2,8,True,beijing_man2-beijing_edge2,1.0173512854256683,1.0,,GA
121.0,11186.0,handan_man1,54,True,handan_man1-handan_edge1,1.0420514615525671,1.0,,GA
122.0,86609.0,shijiangzhuang_man1,48,True,shijiangzhuang_man1-shijiangzhuang_edge1,1.0149606099963309,1.0,,GA
123.0,32784.0,langfang_man1,66,True,langfang_man1-langfang_edge1,1.016760884460068,1.0,,GA
124.0,72351.0,tianjin_man2,16,True,tianjin_man2-tianjin_core2-tianjin_cloud2,11.017276001329453,1.0,,GA
125.0,17296.0,handan_man1,54,True,handan_man1-handan_edge1,1.035938929090993,1.0,,GA
126.0,85585.0,shijiangzhuang_man1,48,True,shijiangzhuang_man1-shijiangzhuang_edge1,1.016796366958899,1.0,,GA
127.0,97706.0,langfang_man1,66,True,langfang_man1-langfang_edge1,1.0144877900984968,1.0,,GA
128.0,66319.0,tangshan_man2,51,True,tangshan_man2-tangshan_edge2,1.0152807144943712,1.0,,GA
129.0,10303.0,qhd_man1,52,True,qhd_man1-qhd_edge1,1.024804827929416,1.0,,GA
130.0,29250.0,xingtai_man1,56,True,xingtai_man1-xingtai_edge1,1.039110378139836,1.0,,GA
131.0,89936.0,tianjin_man2,15,True,tianjin_man2-tianjin_core1-tianjin_cloud1,11.0149387047261,1.0,,GA
132.0,93658.0,beijing_man1,7,True,beijing_man1-beijing_edge1,1.0160498599503638,1.0,,GA
133.0,58781.0,tianjin_man2,18,True,tianjin_man2-tianjin_edge2,1.0140113241005515,1.0,,GA
134.0,96523.0,langfang_man2,67,True,langfang_man2-langfang_edge2,1.0152822426648629,1.0,,GA
135.0,94356.0,beijing_man1,7,True,beijing_man1-beijing_edge1,1.0144818705177776,1.0,,GA
136.0,15909.0,chengde_man1,62,True,chengde_man1-chengde_edge1,1.0398175012994462,1.0,,GA
137.0,54838.0,xingtai_man1,56,True,xingtai_man1-xingtai_edge1,1.0144634415664298,1.0,,GA
138.0,92851.0,beijing_man1,7,True,beijing_man1-beijing_edge1,1.0153413192486143,1.0,,GA
139.0,19498.0,langfang_man1,66,True,langfang_man1-langfang_edge1,1.02768969624045,1.0,,GA
140.0,83044.0,tianjin_man2,18,True,tianjin_man2-tianjin_edge2,1.0150723067229555,1.0,,GA
141.0,36975.0,baoding_man2,59,True,baoding_man2-baoding_edge2,1.014522652815992,1.0,,GA
142.0,80795.0,beijing_man2,8,True,beijing_man2-beijing_edge2,1.0149697944451639,1.0,,GA
143.0,38614.0,tianjin_man2,18,True,tianjin_man2-tianjin_edge2,1.0153816075911448,1.0,,GA
144.0,68808.0,handan_man1,54,True,handan_man1-handan_edge1,1.0146011388695535,1.0,,GA
145.0,87427.0,beijing_man2,8,True,beijing_man2-beijing_edge2,1.0141118665190638,1.0,,GA
146.0,25123.0,qhd_man2,53,True,qhd_man2-qhd_edge2,1.0393219092388246,1.0,,GA
147.0,51567.0,handan_man1,54,True,handan_man1-handan_edge1,1.013659416548044,1.0,,GA
148.0,27825.0,tangshan_man1,50,True,tangshan_man1-tangshan_edge1,1.039655774555902,1.0,,GA
149.0,80271.0,baoding_man2,59,True,baoding_man2-baoding_edge2,1.015210100576789,1.0,,GA
150.0,15436.0,tangshan_man1,50,True,tangshan_man1-tangshan_edge1,1.0347647726033466,1.0,,GA
151.0,63845.0,tianjin_man2,18,True,tianjin_man2-tianjin_edge2,1.0173480796475447,1.0,,GA
152.0,66204.0,beijing_man1,7,True,beijing_man1-beijing_edge1,1.0166308383047125,1.0,,GA
153.0,1999.0,chengde_man1,62,True,chengde_man1-chengde_edge1,1.0328578765997654,1.0,,GA
154.0,5401.0,handan_man2,55,True,handan_man2-handan_edge2,1.0268060779042965,1.0,,GA
155.0,60032.0,handan_man1,54,True,handan_man1-handan_edge1,1.015700508159071,1.0,,GA
156.0,48559.0,shijiangzhuang_man1,48,True,shijiangzhuang_man1-shijiangzhuang_edge1,1.0139060239116324,1.0,,GA
157.0,50489.0,langfang_man1,66,True,langfang_man1-langfang_edge1,1.0141401037932574,1.0,,GA
158.0,62694.0,shijiangzhuang_man1,48,True,shijiangzhuang_man1-shijiangzhuang_edge1,1.0144767391853133,1.0,,GA
159.0,35301.0,handan_man1,54,True,handan_man1-handan_edge1,1.0136809934617506,1.0,,GA
160.0,52753.0,shijiangzhuang_man1,48,True,shijiangzhuang_man1-shijiangzhuang_edge1,1.0142625136192913,1.0,,GA
161.0,14585.0,cangzhou_man1,64,True,cangzhou_man1-cangzhou_edge1,1.0338495413293876,1.0,,GA
162.0,37467.0,baoding_man1,58,True,baoding_man1-baoding_edge1,1.0174713762875685,1.0,,GA
163.0,46797.0,cangzhou_man1,64,True,cangzhou_man1-cangzhou_edge1,1.014243391156387,1.0,,GA
164.0,22380.0,qhd_man1,52,True,qhd_man1-qhd_edge1,1.0391648020420958,1.0,,GA
165.0,20599.0,qhd_man2,53,True,qhd_man2-qhd_edge2,1.0336180532721047,1.0,,GA
166.0,29453.0,baoding_man2,59,True,baoding_man2-baoding_edge2,1.039451901065723,1.0,,GA
167.0,55150.0,cangzhou_man2,65,True,cangzhou_man2-cangzhou_edge2,1.01385121970954,1.0,,GA
168.0,69262.0,tianjin_man2,18,True,tianjin_man2-tianjin_edge2,1.015044314744512,1.0,,GA
169.0,33961.0,tangshan_man1,50,True,tangshan_man1-tangshan_edge1,1.0137449275595005,1.0,,GA
170.0,37601.0,chengde_man2,63,True,chengde_man2-chengde_edge2,1.0148984961796959,1.0,,GA
171.0,23814.0,langfang_man1,66,True,langfang_man1-langfang_edge1,1.0304402518309073,1.0,,GA
172.0,14277.0,shijiangzhuang_man1,48,True,shijiangzhuang_man1-shijiangzhuang_edge1,1.026801132387101,1.0,,GA
173.0,45165.0,tangshan_man1,50,True,tangshan_man1-tangshan_edge1,1.0136064473211635,1.0,,GA
174.0,87036.0,tianjin_man2,20,True,tianjin_man2-tianjin_edge4,6.016251884962976,1.0,,GA
175.0,16046.0,hengshui_man1,68,True,hengshui_man1-hengshui_edge1,1.02463644799595,1.0,,GA
176.0,20320.0,beijing_man2,6,True,beijing_man2-beijing_core2-beijing_cloud2,11.028356251133637,1.0,,GA
177.0,53065.0,xingtai_man1,56,True,xingtai_man1-xingtai_edge1,1.0139583505485503,1.0,,GA
178.0,32498.0,langfang_man1,66,True,langfang_man1-langfang_edge1,1.01457629879977,1.0,,GA
179.0,99648.0,langfang_man2,67,True,langfang_man2-langfang_edge2,1.0147377708345036,1.0,,GA
180.0,56864.0,beijing_man2,8,True,beijing_man2-beijing_edge2,1.01384351290148,1.0,,GA
181.0,21157.0,handan_man1,54,True,handan_man1-handan_edge1,1.0285578667869457,1.0,,GA
182.0,2073.0,handan_man1,54,True,handan_man1-handan_edge1,1.02707398766354,1.0,,GA
183.0,42828.0,xingtai_man1,56,True,xingtai_man1-xingtai_edge1,1.014427964902567,1.0,,GA
184.0,92303.0,beijing_man1,7,True,beijing_man1-beijing_edge1,1.013684919373337,1.0,,GA
185.0,38516.0,xingtai_man1,56,True,xingtai_man1-xingtai_edge1,1.0148946423804663,1.0,,GA
186.0,71539.0,baoding_man1,58,True,baoding_man1-baoding_edge1,1.0168190865327709,1.0,,GA
187.0,66181.0,tianjin_man2,18,True,tianjin_man2-tianjin_edge2,1.0147617582023214,1.0,,GA
188.0,73366.0,shijiangzhuang_man1,48,True,shijiangzhuang_man1-shijiangzhuang_edge1,1.0148729695481646,1.0,,GA
189.0,1940.0,shijiangzhuang_man1,49,True,shijiangzhuang_man1-shijiangzhuang_edge2,11.040125062883442,1.0,,GA
190.0,23744.0,handan_man1,54,True,handan_man1-handan_edge1,1.0230908698930274,1.0,,GA
191.0,86833.0,shijiangzhuang_man1,48,True,shijiangzhuang_man1-shijiangzhuang_edge1,1.014940583149454,1.0,,GA
192.0,1813.0,handan_man1,54,True,handan_man1-handan_edge1,1.025326059336379,1.0,,GA
193.0,98706.0,beijing_man1,7,True,beijing_man1-beijing_edge1,1.0164642278966636,1.0,,GA
194.0,81421.0,shijiangzhuang_man1,48,True,shijiangzhuang_man1-shijiangzhuang_edge1,1.013502275070457,1.0,,GA
195.0,3862.0,beijing_man2,5,True,beijing_man2-beijing_core1-beijing_cloud1,11.03936408233346,1.0,,GA
196.0,3219.0,baoding_man1,36,True,baoding_man1-baoding_cloud,11.039547591630347,1.0,,GA
197.0,24190.0,chengde_man2,63,True,chengde_man2-chengde_edge2,1.042485799724257,1.0,,GA
198.0,20130.0,handan_man2,55,True,handan_man2-handan_edge2,1.0256123093457208,1.0,,GA
199.0,38904.0,hengshui_man1,68,True,hengshui_man1-hengshui_edge1,1.015251487733544,1.0,,GA
200.0,9049.0,beijing_man2,8,True,beijing_man2-beijing_edge2,1.0259059835614746,1.0,,GA
201.0,70887.0,shijiangzhuang_man1,48,True,shijiangzhuang_man1-shijiangzhuang_edge1,1.0154873811521774,1.0,,GA
202.0,22977.0,handan_man1,54,True,handan_man1-handan_edge1,1.0395835855187276,1.0,,GA
203.0,17929.0,tianjin_man2,19,True,tianjin_man2-tianjin_edge3,6.039692434220207,1.0,,GA
204.0,5382.0,xingtai_man1,57,True,xingtai_man1-xingtai_edge2,11.041788323230628,1.0,,GA
205.0,91566.0,tianjin_man2,18,True,tianjin_man2-tianjin_edge2,1.0137701325606425,1.0,,GA
206.0,28240.0,hengshui_man1,68,True,hengshui_man1-hengshui_edge1,1.0354039665595496,1.0,,GA
207.0,8241.0,cangzhou_man1,64,True,cangzhou_man1-cangzhou_edge1,1.0243296770082388,1.0,,GA
208.0,45967.0,hengshui_man1,68,True,hengshui_man1-hengshui_edge1,1.0139707338205481,1.0,,GA
209.0,79442.0,beijing_man2,8,True,beijing_man2-beijing_edge2,1.0166238499123441,1.0,,GA
210.0,44726.0,handan_man1,54,True,handan_man1-handan_edge1,1.0139074807536144,1.0,,GA
211.0,10621.0,xingtai_man1,56,True,xingtai_man1-xingtai_edge1,1.0341298763901607,1.0,,GA
212.0,51125.0,tangshan_man1,50,True,tangshan_man1-tangshan_edge1,1.0135295441868035,1.0,,GA
213.0,96902.0,langfang_man1,66,True,langfang_man1-langfang_edge1,1.0146180033011956,1.0,,GA
214.0,25215.0,baoding_man1,58,True,baoding_man1-baoding_edge1,1.0305786209307126,1.0,,GA
215.0,12910.0,beijing_man2,10,True,beijing_man2-beijing_edge4,6.034786901069466,1.0,,GA
216.0,91382.0,tianjin_man2,18,True,tianjin_man2-tianjin_edge2,1.0165293450707809,1.0,,GA
217.0,44166.0,baoding_man1,58,True,baoding_man1-baoding_edge1,1.0139044328861446,1.0,,GA
218.0,73599.0,tianjin_man2,18,True,tianjin_man2-tianjin_edge2,1.016557056577648,1.0,,GA
219.0,24181.0,beijing_man2,9,True,beijing_man2-beijing_edge3,6.0307142929193835,1.0,,GA
220.0,70197.0,baoding_man1,58,True,baoding_man1-baoding_edge1,1.0150370791701138,1.0,,GA
221.0,58604.0,beijing_man1,7,True,beijing_man1-beijing_edge1,1.0140625824637337,1.0,,GA
222.0,89418.0,langfang_man1,66,True,langfang_man1-langfang_edge1,1.0159516257379833,1.0,,GA
223.0,94511.0,beijing_man2,8,True,beijing_man2-beijing_edge2,1.0162745219493023,1.0,,GA
224.0,39135.0,shijiangzhuang_man1,48,True,shijiangzhuang_man1-shijiangzhuang_edge1,1.013970236318579,1.0,,GA
225.0,10682.0,zhangjiako_man2,61,True,zhangjiako_man2-zhangjiako_edge2,1.0317935629168238,1.0,,GA
226.0,86041.0,shijiangzhuang_man1,48,True,shijiangzhuang_man1-shijiangzhuang_edge1,1.0151388495656264,1.0,,GA
227.0,91675.0,beijing_man2,8,True,beijing_man2-beijing_edge2,1.0164044491369462,1.0,,GA
228.0,14819.0,cangzhou_man1,64,True,cangzhou_man1-cangzhou_edge1,1.0316030011867943,1.0,,GA
229.0,89897.0,beijing_man1,7,True,beijing_man1-beijing_edge1,1.0162654282593147,1.0,,GA
230.0,48937.0,shijiangzhuang_man1,48,True,shijiangzhuang_man1-shijiangzhuang_edge1,1.0137399280562096,1.0,,GA
231.0,97148.0,langfang_man1,66,True,langfang_man1-langfang_edge1,1.0174002079215754,1.0,,GA
232.0,24960.0,xingtai_man1,56,True,xingtai_man1-xingtai_edge1,1.0416080535273147,1.0,,GA
233.0,56210.0,tangshan_man1,50,True,tangshan_man1-tangshan_edge1,1.0144905088660474,1.0,,GA
234.0,268.0,baoding_man1,58,True,baoding_man1-baoding_edge1,1.0342328372488185,1.0,,GA
235.0,47107.0,cangzhou_man1,64,True,cangzhou_man1-cangzhou_edge1,1.013815437058318,1.0,,GA
236.0,73461.0,tianjin_man2,18,True,tianjin_man2-tianjin_edge2,1.0139304520763193,1.0,,GA
237.0,36834.0,tangshan_man2,51,True,tangshan_man2-tangshan_edge2,1.0152091610841245,1.0,,GA
238.0,58761.0,baoding_man2,59,True,baoding_man2-baoding_edge2,1.0137417838070466,1.0,,GA
239.0,32538.0,cangzhou_man1,64,True,cangzhou_man1-cangzhou_edge1,1.016146736661325,1.0,,GA
240.0,91716.0,tianjin_man2,18,True,tianjin_man2-tianjin_edge2,1.0162667719117124,1.0,,GA
241.0,50492.0,beijing_man1,7,True,beijing_man1-beijing_edge1,1.0140345732338023,1.0,,GA
242.0,97073.0,beijing_man2,8,True,beijing_man2-beijing_edge2,1.0158098719598423,1.0,,GA
243.0,95727.0,beijing_man1,7,True,beijing_man1-beijing_edge1,1.0147686670848524,1.0,,GA
244.0,51358.0,shijiangzhuang_man1,48,True,shijiangzhuang_man1-shijiangzhuang_edge1,1.014127067058743,1.0,,GA
245.0,59393.0,baoding_man1,58,True,baoding_man1-baoding_edge1,1.014213125403595,1.0,,GA
246.0,52755.0,handan_man1,54,True,handan_man1-handan_edge1,1.0142167905563804,1.0,,GA
247.0,14263.0,tianjin_man2,17,True,tianjin_man2-tianjin_edge1,6.026035314738525,1.0,,GA
248.0,97037.0,beijing_man2,8,True,beijing_man2-beijing_edge2,1.0164740730066981,1.0,,GA
249.0,87526.0,baoding_man1,58,True,baoding_man1-baoding_edge1,1.0157231917177458,1.0,,GA
250.0,71639.0,tangshan_man2,51,True,tangshan_man2-tangshan_edge2,1.0153406907582823,1.0,,GA
251.0,55263.0,tianjin_man2,18,True,tianjin_man2-tianjin_edge2,1.0136342804368506,1.0,,GA
252.0,67978.0,cangzhou_man1,64,True,cangzhou_man1-cangzhou_edge1,1.0174622506735365,1.0,,GA
253.0,50921.0,langfang_man1,66,True,langfang_man1-langfang_edge1,1.0137617106219006,1.0,,GA
254.0,83086.0,baoding_man1,58,True,baoding_man1-baoding_edge1,1.0154192003951623,1.0,,GA
255.0,2654.0,tianjin_man2,20,True,tianjin_man2-tianjin_edge4,6.02987789574319,1.0,,GA
256.0,90167.0,beijing_man2,8,True,beijing_man2-beijing_edge2,1.0152850556080506,1.0,,GA
257.0,7008.0,beijing_man1,10,True,beijing_man1-beijing_edge4,6.025133634818504,1.0,,GA
258.0,16034.0,tangshan_man1,50,True,tangshan_man1-tangshan_edge1,1.0333130816651577,1.0,,GA
259.0,42101.0,cangzhou_man1,64,True,cangzhou_man1-cangzhou_edge1,1.0140857803271124,1.0,,GA
260.0,92309.0,beijing_man1,7,True,beijing_man1-beijing_edge1,1.0152772054402799,1.0,,GA
261.0,27635.0,chengde_man1,62,True,chengde_man1-chengde_edge1,1.0375485603628405,1.0,,GA
262.0,14600.0,beijing_man1,9,True,beijing_man1-beijing_edge3,6.039878266406721,1.0,,GA
263.0,16822.0,xingtai_man1,57,True,xingtai_man1-xingtai_edge2,11.035962380461749,1.0,,GA
264.0,22100.0,xingtai_man1,56,True,xingtai_man1-xingtai_edge1,1.0225402544397957,1.0,,GA
265.0,36538.0,baoding_man2,59,True,baoding_man2-baoding_edge2,1.0148671128502613,1.0,,GA
266.0,52723.0,xingtai_man1,56,True,xingtai_man1-xingtai_edge1,1.0137286885706154,1.0,,GA
267.0,65534.0,shijiangzhuang_man1,48,True,shijiangzhuang_man1-shijiangzhuang_edge1,1.0149824723180172,1.0,,GA
268.0,93705.0,beijing_man1,7,True,beijing_man1-beijing_edge1,1.0172346421514507,1.0,,GA
269.0,36738.0,xingtai_man1,56,True,xingtai_man1-xingtai_edge1,1.015501319023184,1.0,,GA
270.0,74165.0,handan_man2,55,True,handan_man2-handan_edge2,1.0139076692968454,1.0,,GA
271.0,55788.0,handan_man1,54,True,handan_man1-handan_edge1,1.0143896749460544,1.0,,GA
272.0,22862.0,baoding_man1,58,True,baoding_man1-baoding_edge1,1.0361720325917656,1.0,,GA
273.0,23877.0,zhangjiako_man1,60,True,zhangjiako_man1-zhangjiako_edge1,1.0270928113490914,1.0,,GA
274.0,41041.0,handan_man1,54,True,handan_man1-handan_edge1,1.0144578946794807,1.0,,GA
275.0,95777.0,beijing_man1,7,True,beijing_man1-beijing_edge1,1.0145900350670662,1.0,,GA
276.0,90481.0,beijing_man1,7,True,beijing_man1-beijing_edge1,1.013816964907501,1.0,,GA
277.0,46324.0,langfang_man1,66,True,langfang_man1-langfang_edge1,1.0140917213184584,1.0,,GA
278.0,18722.0,tianjin_man2,19,True,tianjin_man2-tianjin_edge3,6.033771915733444,1.0,,GA
279.0,23132.0,tangshan_man2,51,True,tangshan_man2-tangshan_edge2,1.0252444887676337,1.0,,GA
280.0,13697.0,baoding_man1,36,True,baoding_man1-baoding_cloud,11.040259057408685,1.0,,GA
281.0,21775.0,xingtai_man1,56,True,xingtai_man1-xingtai_edge1,1.0246315096727237,1.0,,GA
282.0,99421.0,baoding_man2,59,True,baoding_man2-baoding_edge2,1.0170321105591145,1.0,,GA
283.0,2425.0,qhd_man1,52,True,qhd_man1-qhd_edge1,1.0421416731070945,1.0,,GA
284.0,97009.0,langfang_man1,66,True,langfang_man1-langfang_edge1,1.0170750939576674,1.0,,GA
285.0,74656.0,baoding_man1,58,True,baoding_man1-baoding_edge1,1.016810155439082,1.0,,GA
286.0,1202.0,handan_man1,54,True,handan_man1-handan_edge1,1.0355576382945861,1.0,,GA
287.0,70389.0,tianjin_man2,18,True,tianjin_man2-tianjin_edge2,1.0140042476830857,1.0,,GA
288.0,2958.0,qhd_man2,53,True,qhd_man2-qhd_edge2,1.039225677050379,1.0,,GA
289.0,21017.0,zhangjiako_man1,60,True,zhangjiako_man1-zhangjiako_edge1,1.0270359552675647,1.0,,GA
290.0,26393.0,shijiangzhuang_man1,24,True,shijiangzhuang_man1-shijiangzhuang_core-shijiangzhuang_cloud,11.04047583047659,1.0,,GA
291.0,49585.0,shijiangzhuang_man1,48,True,shijiangzhuang_man1-shijiangzhuang_edge1,1.0144243537501862,1.0,,GA
292.0,99999.0,langfang_man1,66,True,langfang_man1-langfang_edge1,1.0150300911620722,1.0,,GA
293.0,17526.0,tianjin_man2,17,True,tianjin_man2-tianjin_edge1,6.041299276564232,1.0,,GA
294.0,15172.0,beijing_man2,6,True,beijing_man2-beijing_core2-beijing_cloud2,11.033916641183854,1.0,,GA
295.0,79575.0,handan_man1,54,True,handan_man1-handan_edge1,1.0138555333567316,1.0,,GA
296.0,82190.0,baoding_man1,58,True,baoding_man1-baoding_edge1,1.0150122842545333,1.0,,GA
297.0,35381.0,baoding_man2,59,True,baoding_man2-baoding_edge2,1.015570925002575,1.0,,GA
298.0,80626.0,cangzhou_man2,65,True,cangzhou_man2-cangzhou_edge2,1.01685166408333,1.0,,GA
299.0,12771.0,tangshan_man2,51,True,tangshan_man2-tangshan_edge2,1.03338770982579,1.0,,GA
300.0,63791.0,tangshan_man2,51,True,tangshan_man2-tangshan_edge2,1.0170502096056087,1.0,,GA
301.0,73820.0,handan_man1,54,True,handan_man1-handan_edge1,1.0160330341852137,1.0,,GA
302.0,24578.0,baoding_man2,59,True,baoding_man2-baoding_edge2,1.0314512713871284,1.0,,GA
303.0,24262.0,hengshui_man2,69,True,hengshui_man2-hengshui_edge2,1.035212836281506,1.0,,GA
304.0,37530.0,langfang_man1,66,True,langfang_man1-langfang_edge1,1.0162233510816612,1.0,,GA
305.0,90223.0,beijing_man2,8,True,beijing_man2-beijing_edge2,1.0147625937563565,1.0,,GA
306.0,41655.0,hengshui_man1,68,True,hengshui_man1-hengshui_edge1,1.0144119706946553,1.0,,GA
307.0,63443.0,xingtai_man1,56,True,xingtai_man1-xingtai_edge1,1.0165629673066676,1.0,,GA
308.0,50660.0,langfang_man1,66,True,langfang_man1-langfang_edge1,1.0144894247743583,1.0,,GA
309.0,24649.0,beijing_man1,5,True,beijing_man1-beijing_core1-beijing_cloud1,11.034654673501246,1.0,,GA
310.0,85522.0,cangzhou_man2,65,True,cangzhou_man2-cangzhou_edge2,1.015764648559905,1.0,,GA
311.0,77609.0,shijiangzhuang_man1,48,True,shijiangzhuang_man1-shijiangzhuang_edge1,1.0147549600381516,1.0,,GA
312.0,15670.0,tangshan_man2,51,True,tangshan_man2-tangshan_edge2,1.02473880036369,1.0,,GA
313.0,31426.0,tangshan_man2,51,True,tangshan_man2-tangshan_edge2,1.0159746627780974,1.0,,GA
314.0,10937.0,hengshui_man2,69,True,hengshui_man2-hengshui_edge2,1.0312493152358326,1.0,,GA
315.0,79841.0,baoding_man1,58,True,baoding_man1-baoding_edge1,1.0164410881446138,1.0,,GA
316.0,80340.0,tianjin_man2,18,True,tianjin_man2-tianjin_edge2,1.015751277921678,1.0,,GA
317.0,38972.0,xingtai_man1,56,True,xingtai_man1-xingtai_edge1,1.016232942870719,1.0,,GA
318.0,18415.0,qhd_man1,52,True,qhd_man1-qhd_edge1,1.029773242684461,1.0,,GA
319.0,5481.0,baoding_man2,59,True,baoding_man2-baoding_edge2,1.0407384072490742,1.0,,GA
320.0,1130.0,cangzhou_man1,64,True,cangzhou_man1-cangzhou_edge1,1.0353999167899277,1.0,,GA
321.0,81282.0,hengshui_man2,69,True,hengshui_man2-hengshui_edge2,1.0139884707491982,1.0,,GA
322.0,40266.0,beijing_man1,7,True,beijing_man1-beijing_edge1,1.0138190972358827,1.0,,GA
323.0,92839.0,beijing_man1,10,True,beijing_man1-beijing_edge4,6.015692357693261,1.0,,GA
324.0,93986.0,beijing_man2,8,True,beijing_man2-beijing_edge2,1.0159480524432938,1.0,,GA
325.0,63711.0,tangshan_man1,50,True,tangshan_man1-tangshan_edge1,1.0158077753600945,1.0,,GA
326.0,62274.0,cangzhou_man1,64,True,cangzhou_man1-cangzhou_edge1,1.0168665618993527,1.0,,GA
327.0,37473.0,beijing_man1,7,True,beijing_man1-beijing_edge1,1.0145648471616713,1.0,,GA
328.0,16525.0,tianjin_man2,16,True,tianjin_man2-tianjin_core2-tianjin_cloud2,11.031032748966352,1.0,,GA
329.0,60604.0,beijing_man2,8,True,beijing_man2-beijing_edge2,1.015905575265686,1.0,,GA
330.0,5529.0,hengshui_man1,68,True,hengshui_man1-hengshui_edge1,1.0261014632363992,1.0,,GA
331.0,30368.0,xingtai_man1,56,True,xingtai_man1-xingtai_edge1,1.0153906353767466,1.0,,GA
332.0,39659.0,cangzhou_man1,64,True,cangzhou_man1-cangzhou_edge1,1.0135739993636383,1.0,,GA
333.0,70476.0,handan_man1,54,True,handan_man1-handan_edge1,1.0152202706043556,1.0,,GA
334.0,68406.0,shijiangzhuang_man1,48,True,shijiangzhuang_man1-shijiangzhuang_edge1,1.0167090325190065,1.0,,GA
335.0,65911.0,tangshan_man1,50,True,tangshan_man1-tangshan_edge1,1.0166589608014869,1.0,,GA
336.0,50496.0,handan_man2,55,True,handan_man2-handan_edge2,1.0144090123424252,1.0,,GA
337.0,41886.0,hengshui_man2,69,True,hengshui_man2-hengshui_edge2,1.0136117505726348,1.0,,GA
338.0,13247.0,xingtai_man1,57,True,xingtai_man1-xingtai_edge2,11.039866892482719,1.0,,GA
339.0,21570.0,shijiangzhuang_man1,24,True,shijiangzhuang_man1-shijiangzhuang_core-shijiangzhuang_cloud,11.033837147102096,1.0,,GA
340.0,28254.0,tangshan_man2,51,True,tangshan_man2-tangshan_edge2,1.0266103536093532,1.0,,GA
341.0,29858.0,chengde_man2,63,True,chengde_man2-chengde_edge2,1.0232154541290095,1.0,,GA
342.0,18449.0,tianjin_man2,15,True,tianjin_man2-tianjin_core1-tianjin_cloud1,11.037351097901688,1.0,,GA
343.0,88881.0,beijing_man1,9,True,beijing_man1-beijing_edge3,6.015371042972343,1.0,,GA
344.0,91391.0,beijing_man2,8,True,beijing_man2-beijing_edge2,1.0174923052958058,1.0,,GA
345.0,76567.0,beijing_man2,8,True,beijing_man2-beijing_edge2,1.016330308725776,1.0,,GA
346.0,7201.0,cangzhou_man1,64,True,cangzhou_man1-cangzhou_edge1,1.026758596817031,1.0,,GA
347.0,28957.0,handan_man2,55,True,handan_man2-handan_edge2,1.0345925443150625,1.0,,GA
348.0,97970.0,beijing_man2,8,True,beijing_man2-beijing_edge2,1.0174419763570464,1.0,,GA
349.0,52081.0,baoding_man1,58,True,baoding_man1-baoding_edge1,1.0137132082209728,1.0,,GA
350.0,94413.0,beijing_man1,7,True,beijing_man1-beijing_edge1,1.0136995465340908,1.0,,GA
351.0,39625.0,langfang_man1,66,True,langfang_man1-langfang_edge1,1.0157180503031427,1.0,,GA
352.0,56113.0,baoding_man1,58,True,baoding_man1-baoding_edge1,1.0142718898595038,1.0,,GA
353.0,32004.0,langfang_man1,66,True,langfang_man1-langfang_edge1,1.0167678401094498,1.0,,GA
354.0,43807.0,xingtai_man1,56,True,xingtai_man1-xingtai_edge1,1.0136311412648664,1.0,,GA
355.0,30966.0,xingtai_man1,56,True,xingtai_man1-xingtai_edge1,1.0153484860258708,1.0,,GA
356.0,32336.0,tangshan_man2,51,True,tangshan_man2-tangshan_edge2,1.0141712289899547,1.0,,GA
357.0,46706.0,langfang_man1,66,True,langfang_man1-langfang_edge1,1.0137491307963855,1.0,,GA
358.0,7429.0,handan_man1,54,True,handan_man1-handan_edge1,1.0294273610005586,1.0,,GA
359.0,66408.0,handan_man1,54,True,handan_man1-handan_edge1,1.0151274767106022,1.0,,GA
360.0,24075.0,cangzhou_man1,64,True,cangzhou_man1-cangzhou_edge1,1.031240060736152,1.0,,GA
361.0,62529.0,baoding_man2,59,True,baoding_man2-baoding_edge2,1.0159685290007197,1.0,,GA
362.0,82793.0,shijiangzhuang_man1,48,True,shijiangzhuang_man1-shijiangzhuang_edge1,1.0168026690091918,1.0,,GA
363.0,28215.0,tangshan_man2,51,True,tangshan_man2-tangshan_edge2,1.0294403066476898,1.0,,GA
364.0,37392.0,hengshui_man1,68,True,hengshui_man1-hengshui_edge1,1.0161486139214146,1.0,,GA
365.0,55641.0,tianjin_man2,18,True,tianjin_man2-tianjin_edge2,1.01433093380882,1.0,,GA
366.0,36721.0,zhangjiako_man1,60,True,zhangjiako_man1-zhangjiako_edge1,1.014390102999414,1.0,,GA
367.0,62164.0,beijing_man1,7,True,beijing_man1-beijing_edge1,1.0163169847176217,1.0,,GA
368.0,82450.0,baoding_man2,59,True,baoding_man2-baoding_edge2,1.014258009851542,1.0,,GA
369.0,98916.0,beijing_man2,8,True,beijing_man2-beijing_edge2,1.0152248393860541,1.0,,GA
370.0,55406.0,beijing_man2,8,True,beijing_man2-beijing_edge2,1.0142312599842103,1.0,,GA
371.0,96396.0,langfang_man1,66,True,langfang_man1-langfang_edge1,1.01558045706646,1.0,,GA
372.0,72638.0,beijing_man2,8,True,beijing_man2-beijing_edge2,1.0146094368581167,1.0,,GA
373.0,59429.0,tianjin_man2,18,True,tianjin_man2-tianjin_edge2,1.0140164150056294,1.0,,GA
374.0,18196.0,zhangjiako_man2,61,True,zhangjiako_man2-zhangjiako_edge2,1.0283040740438645,1.0,,GA
375.0,74793.0,tianjin_man2,20,True,tianjin_man2-tianjin_edge4,6.0142983236919925,1.0,,GA
376.0,46337.0,xingtai_man1,56,True,xingtai_man1-xingtai_edge1,1.0136630421214976,1.0,,GA
377.0,70240.0,cangzhou_man1,64,True,cangzhou_man1-cangzhou_edge1,1.0148088797019847,1.0,,GA
378.0,94773.0,beijing_man2,8,True,beijing_man2-beijing_edge2,1.016158229880197,1.0,,GA
379.0,47893.0,shijiangzhuang_man1,48,True,shijiangzhuang_man1-shijiangzhuang_edge1,1.0139552534417406,1.0,,GA
380.0,56184.0,handan_man1,54,True,handan_man1-handan_edge1,1.0143350266160076,1.0,,GA
381.0,20173.0,chengde_man1,62,True,chengde_man1-chengde_edge1,1.0370328107423918,1.0,,GA
382.0,18647.0,tangshan_man1,50,True,tangshan_man1-tangshan_edge1,1.0419899053749806,1.0,,GA
383.0,33092.0,qhd_man2,53,True,qhd_man2-qhd_edge2,1.0154363178686974,1.0,,GA
384.0,16241.0,hengshui_man1,68,True,hengshui_man1-hengshui_edge1,1.0392398811399686,1.0,,GA
385.0,96346.0,langfang_man2,67,True,langfang_man2-langfang_edge2,1.015925656308784,1.0,,GA
386.0,42087.0,baoding_man1,58,True,baoding_man1-baoding_edge1,1.0136213405841306,1.0,,GA
387.0,26189.0,qhd_man1,52,True,qhd_man1-qhd_edge1,1.0348941551079804,1.0,,GA
388.0,42836.0,baoding_man2,59,True,baoding_man2-baoding_edge2,1.0139979383141215,1.0,,GA
389.0,55249.0,baoding_man1,58,True,baoding_man1-baoding_edge1,1.0140692729546301,1.0,,GA
390.0,94957.0,beijing_man1,7,True,beijing_man1-beijing_edge1,1.0158402590307531,1.0,,GA
391.0,44939.0,cangzhou_man1,64,True,cangzhou_man1-cangzhou_edge1,1.014073342664623,1.0,,GA
392.0,98673.0,langfang_man1,66,True,langfang_man1-langfang_edge1,1.0168702644975733,1.0,,GA
393.0,37021.0,tangshan_man2,51,True,tangshan_man2-tangshan_edge2,1.0166555068312382,1.0,,GA
394.0,2166.0,baoding_man1,58,True,baoding_man1-baoding_edge1,1.0376351557482226,1.0,,GA
395.0,31030.0,cangzhou_man1,64,True,cangzhou_man1-cangzhou_edge1,1.0165774392118208,1.0,,GA
396.0,37234.0,tianjin_man2,18,True,tianjin_man2-tianjin_edge2,1.0141977403617088,1.0,,GA
397.0,81000.0,tianjin_man2,18,True,tianjin_man2-tianjin_edge2,1.015285394665923,1.0,,GA
398.0,47289.0,beijing_man1,7,True,beijing_man1-beijing_edge1,1.014172043237316,1.0,,GA
399.0,38004.0,hengshui_man2,69,True,hengshui_man2-hengshui_edge2,1.0156128132882927,1.0,,GA
400.0,97366.0,beijing_man2,8,True,beijing_man2-beijing_edge2,1.015186372124951,1.0,,GA
401.0,20441.0,tangshan_man2,51,True,tangshan_man2-tangshan_edge2,1.0361297810302008,1.0,,GA
402.0,93086.0,beijing_man1,7,True,beijing_man1-beijing_edge1,1.013691328795092,1.0,,GA
403.0,6419.0,chengde_man1,62,True,chengde_man1-chengde_edge1,1.036913715285176,1.0,,GA
404.0,64070.0,shijiangzhuang_man1,48,True,shijiangzhuang_man1-shijiangzhuang_edge1,1.0150148293242525,1.0,,GA
405.0,38676.0,hengshui_man1,68,True,hengshui_man1-hengshui_edge1,1.0164661782941304,1.0,,GA
406.0,72413.0,tangshan_man1,50,True,tangshan_man1-tangshan_edge1,1.014493143446969,1.0,,GA
407.0,96522.0,baoding_man2,59,True,baoding_man2-baoding_edge2,1.0136378830022479,1.0,,GA
408.0,59093.0,tianjin_man2,18,True,tianjin_man2-tianjin_edge2,1.0142710286859629,1.0,,GA
409.0,20277.0,chengde_man1,62,True,chengde_man1-chengde_edge1,1.0250648993503506,1.0,,GA
410.0,22683.0,langfang_man1,66,True,langfang_man1-langfang_edge1,1.0296071259165875,1.0,,GA
411.0,97995.0,beijing_man2,8,True,beijing_man2-beijing_edge2,1.0144103237208226,1.0,,GA
412.0,55011.0,tianjin_man2,18,True,tianjin_man2-tianjin_edge2,1.01410973601487,1.0,,GA
413.0,18355.0,cangzhou_man1,64,True,cangzhou_man1-cangzhou_edge1,1.0273713362279677,1.0,,GA
414.0,67190.0,shijiangzhuang_man1,48,True,shijiangzhuang_man1-shijiangzhuang_edge1,1.015056488244619,1.0,,GA
415.0,65543.0,tangshan_man1,50,True,tangshan_man1-tangshan_edge1,1.016393840407174,1.0,,GA
416.0,81653.0,shijiangzhuang_man1,48,True,shijiangzhuang_man1-shijiangzhuang_edge1,1.015429149660544,1.0,,GA
417.0,83976.0,tianjin_man2,18,True,tianjin_man2-tianjin_edge2,1.0151665393000229,1.0,,GA
418.0,33436.0,xingtai_man1,56,True,xingtai_man1-xingtai_edge1,1.0171442661249501,1.0,,GA
419.0,88767.0,beijing_man1,10,True,beijing_man1-beijing_edge4,6.014255172465502,1.0,,GA
420.0,86887.0,beijing_man1,7,True,beijing_man1-beijing_edge1,1.014895068385785,1.0,,GA
421.0,12378.0,tianjin_man2,19,True,tianjin_man2-tianjin_edge3,6.040978797968795,1.0,,GA
422.0,45099.0,tangshan_man2,51,True,tangshan_man2-tangshan_edge2,1.0144006271864143,1.0,,GA
423.0,58269.0,tianjin_man2,18,True,tianjin_man2-tianjin_edge2,1.0143943297613796,1.0,,GA
424.0,17457.0,langfang_man1,66,True,langfang_man1-langfang_edge1,1.035849612909081,1.0,,GA
425.0,36385.0,langfang_man1,66,True,langfang_man1-langfang_edge1,1.0137363383746827,1.0,,GA
426.0,809.0,shijiangzhuang_man1,48,True,shijiangzhuang_man1-shijiangzhuang_edge1,1.0260058970123946,1.0,,GA
427.0,62800.0,handan_man1,54,True,handan_man1-handan_edge1,1.016642835586085,1.0,,GA
428.0,13679.0,shijiangzhuang_man1,48,True,shijiangzhuang_man1-shijiangzhuang_edge1,1.0246757079680968,1.0,,GA
429.0,81583.0,beijing_man1,7,True,beijing_man1-beijing_edge1,1.0161476143769899,1.0,,GA
430.0,54600.0,handan_man1,54,True,handan_man1-handan_edge1,1.0139863077928413,1.0,,GA
431.0,6586.0,baoding_man1,36,True,baoding_man1-baoding_cloud,11.025111068042714,1.0,,GA
432.0,1974.0,langfang_man1,66,True,langfang_man1-langfang_edge1,1.0362076828319606,1.0,,GA
433.0,5568.0,hengshui_man2,69,True,hengshui_man2-hengshui_edge2,1.030565255770397,1.0,,GA
434.0,15432.0,beijing_man2,9,True,beijing_man2-beijing_edge3,6.028091580152299,1.0,,GA
435.0,73297.0,baoding_man2,59,True,baoding_man2-baoding_edge2,1.0158705289023335,1.0,,GA
436.0,36174.0,baoding_man1,58,True,baoding_man1-baoding_edge1,1.0170537757214084,1.0,,GA
437.0,68113.0,baoding_man1,58,True,baoding_man1-baoding_edge1,1.0163767722724684,1.0,,GA
438.0,61555.0,xingtai_man1,56,True,xingtai_man1-xingtai_edge1,1.0136064370595301,1.0,,GA
439.0,77895.0,handan_man1,54,True,handan_man1-handan_edge1,1.0148408541609595,1.0,,GA
440.0,93794.0,beijing_man2,8,True,beijing_man2-beijing_edge2,1.017150344952526,1.0,,GA
441.0,27509.0,beijing_man2,8,True,beijing_man2-beijing_edge2,1.0290008460244173,1.0,,GA
442.0,71716.0,shijiangzhuang_man1,48,True,shijiangzhuang_man1-shijiangzhuang_edge1,1.0149005750092799,1.0,,GA
443.0,15373.0,qhd_man2,53,True,qhd_man2-qhd_edge2,1.0280740876428927,1.0,,GA
444.0,43910.0,hengshui_man2,69,True,hengshui_man2-hengshui_edge2,1.0137452465953158,1.0,,GA
445.0,8465.0,tianjin_man2,17,True,tianjin_man2-tianjin_edge1,6.0343303226144815,1.0,,GA
446.0,41478.0,shijiangzhuang_man1,48,True,shijiangzhuang_man1-shijiangzhuang_edge1,1.0142327078174198,1.0,,GA
447.0,12915.0,handan_man1,54,True,handan_man1-handan_edge1,1.034270159747218,1.0,,GA
448.0,94024.0,beijing_man1,7,True,beijing_man1-beijing_edge1,1.015631290747903,1.0,,GA
449.0,76261.0,baoding_man1,58,True,baoding_man1-baoding_edge1,1.0165002156043739,1.0,,GA
450.0,3312.0,chengde_man2,63,True,chengde_man2-chengde_edge2,1.0394736791973707,1.0,,GA
451.0,34199.0,zhangjiako_man2,61,True,zhangjiako_man2-zhangjiako_edge2,1.016891958415435,1.0,,GA
452.0,4223.0,langfang_man1,66,True,langfang_man1-langfang_edge1,1.0380635277476389,1.0,,GA
453.0,73588.0,shijiangzhuang_man1,48,True,shijiangzhuang_man1-shijiangzhuang_edge1,1.0141578818082522,1.0,,GA
454.0,20807.0,qhd_man1,52,True,qhd_man1-qhd_edge1,1.0412864170861251,1.0,,GA
455.0,15720.0,shijiangzhuang_man1,48,True,shijiangzhuang_man1-shijiangzhuang_edge1,1.0275932881283985,1.0,,GA
456.0,55345.0,shijiangzhuang_man1,48,True,shijiangzhuang_man1-shijiangzhuang_edge1,1.013519699250801,1.0,,GA
457.0,24982.0,zhangjiako_man1,60,True,zhangjiako_man1-zhangjiako_edge1,1.0266286180448918,1.0,,GA
458.0,12856.0,cangzhou_man1,64,True,cangzhou_man1-cangzhou_edge1,1.03961643202292,1.0,,GA
459.0,69105.0,baoding_man1,58,True,baoding_man1-baoding_edge1,1.014864176891449,1.0,,GA
460.0,3867.0,handan_man1,54,True,handan_man1-handan_edge1,1.0374440030267602,1.0,,GA
461.0,11970.0,chengde_man1,62,True,chengde_man1-chengde_edge1,1.031792002054775,1.0,,GA
462.0,24476.0,chengde_man1,62,True,chengde_man1-chengde_edge1,1.0408035674166969,1.0,,GA
463.0,43939.0,xingtai_man1,56,True,xingtai_man1-xingtai_edge1,1.0139433017166968,1.0,,GA
464.0,62320.0,handan_man1,54,True,handan_man1-handan_edge1,1.016001003491726,1.0,,GA
465.0,3268.0,tangshan_man1,50,True,tangshan_man1-tangshan_edge1,1.0379481593732978,1.0,,GA
466.0,98211.0,beijing_man1,7,True,beijing_man1-beijing_edge1,1.0171845374030952,1.0,,GA
467.0,80726.0,shijiangzhuang_man2,49,True,shijiangzhuang_man2-shijiangzhuang_edge2,1.014966996059731,1.0,,GA
468.0,95031.0,beijing_man2,8,True,beijing_man2-beijing_edge2,1.0150643190218664,1.0,,GA
469.0,48294.0,cangzhou_man1,64,True,cangzhou_man1-cangzhou_edge1,1.0141151332687275,1.0,,GA
470.0,28381.0,tianjin_man2,20,True,tianjin_man2-tianjin_edge4,6.035173519139678,1.0,,GA
471.0,48025.0,xingtai_man1,56,True,xingtai_man1-xingtai_edge1,1.013883051360269,1.0,,GA
472.0,36045.0,zhangjiako_man2,61,True,zhangjiako_man2-zhangjiako_edge2,1.0171246028049123,1.0,,GA
473.0,60588.0,beijing_man1,7,True,beijing_man1-beijing_edge1,1.0174972965333544,1.0,,GA
474.0,96409.0,beijing_man1,7,True,beijing_man1-beijing_edge1,1.0142906727672205,1.0,,GA
475.0,62717.0,tianjin_man2,19,True,tianjin_man2-tianjin_edge3,6.016829353290983,1.0,,GA
476.0,76908.0,tianjin_man2,18,True,tianjin_man2-tianjin_edge2,1.0135852499174136,1.0,,GA
477.0,50955.0,handan_man1,54,True,handan_man1-handan_edge1,1.0143187646722958,1.0,,GA
478.0,1282.0,baoding_man2,59,True,baoding_man2-baoding_edge2,1.0296142963570485,1.0,,GA
479.0,21777.0,tianjin_man2,17,True,tianjin_man2-tianjin_edge1,6.0257297806242045,1.0,,GA
480.0,34352.0,handan_man1,54,True,handan_man1-handan_edge1,1.015417566399875,1.0,,GA
481.0,55273.0,shijiangzhuang_man1,48,True,shijiangzhuang_man1-shijiangzhuang_edge1,1.0144422936496507,1.0,,GA
482.0,9934.0,tianjin_man2,16,True,tianjin_man2-tianjin_core2-tianjin_cloud2,11.036798825028807,1.0,,GA
483.0,44852.0,xingtai_man1,56,True,xingtai_man1-xingtai_edge1,1.014399817057824,1.0,,GA
484.0,63982.0,shijiangzhuang_man1,48,True,shijiangzhuang_man1-shijiangzhuang_edge1,1.0156218805607415,1.0,,GA
485.0,4201.0,tianjin_man2,15,True,tianjin_man2-tianjin_core1-tianjin_cloud1,11.026957890148868,1.0,,GA
486.0,77046.0,baoding_man2,59,True,baoding_man2-baoding_edge2,1.0153998765819419,1.0,,GA
487.0,60329.0,baoding_man1,58,True,baoding_man1-baoding_edge1,1.0165887147479342,1.0,,GA
488.0,44777.0,tianjin_man2,18,True,tianjin_man2-tianjin_edge2,1.0136676009061738,1.0,,GA
489.0,24760.0,baoding_man2,59,True,baoding_man2-baoding_edge2,1.0243699642626518,1.0,,GA
490.0,71220.0,handan_man1,54,True,handan_man1-handan_edge1,1.0151142064241656,1.0,,GA
491.0,97011.0,beijing_man1,7,True,beijing_man1-beijing_edge1,1.0174716887058717,1.0,,GA
492.0,43431.0,langfang_man1,66,True,langfang_man1-langfang_edge1,1.0139647962484355,1.0,,GA
493.0,10393.0,handan_man1,54,True,handan_man1-handan_edge1,1.0399471530769258,1.0,,GA
494.0,3301.0,cangzhou_man1,64,True,cangzhou_man1-cangzhou_edge1,1.0317868038537241,1.0,,GA
495.0,89934.0,tianjin_man2,18,True,tianjin_man2-tianjin_edge2,1.0168078417986353,1.0,,GA
496.0,43772.0,langfang_man1,66,True,langfang_man1-langfang_edge1,1.0136338539444336,1.0,,GA
497.0,27058.0,tangshan_man2,51,True,tangshan_man2-tangshan_edge2,1.0309683529074614,1.0,,GA
498.0,92490.0,beijing_man1,7,True,beijing_man1-beijing_edge1,1.0174769938778216,1.0,,GA
499.0,63625.0,baoding_man1,58,True,baoding_man1-baoding_edge1,1.017478125278677,1.0,,GA
500.0,72812.0,beijing_man1,7,True,beijing_man1-beijing_edge1,1.0154206530938412,1.0,,GA
501.0,11460.0,qhd_man2,53,True,qhd_man2-qhd_edge2,1.0280360093237464,1.0,,GA
502.0,42161.0,hengshui_man2,69,True,hengshui_man2-hengshui_edge2,1.0137769606448384,1.0,,GA
503.0,92170.0,tianjin_man2,18,True,tianjin_man2-tianjin_edge2,1.0173521777817178,1.0,,GA
504.0,85440.0,tianjin_man2,18,True,tianjin_man2-tianjin_edge2,1.014789519316088,1.0,,GA
505.0,26993.0,tangshan_man1,50,True,tangshan_man1-tangshan_edge1,1.0418507734680358,1.0,,GA
506.0,17872.0,chengde_man1,62,True,chengde_man1-chengde_edge1,1.0293329332479302,1.0,,GA
507.0,4102.0,qhd_man1,52,True,qhd_man1-qhd_edge1,1.023854305110433,1.0,,GA
508.0,11820.0,shijiangzhuang_man1,48,True,shijiangzhuang_man1-shijiangzhuang_edge1,1.0326474570997912,1.0,,GA
509.0,27943.0,handan_man1,54,True,handan_man1-handan_edge1,1.0348773248379368,1.0,,GA
510.0,31649.0,qhd_man2,53,True,qhd_man2-qhd_edge2,1.015561435474788,1.0,,GA
511.0,33764.0,shijiangzhuang_man1,48,True,shijiangzhuang_man1-shijiangzhuang_edge1,1.015035928465215,1.0,,GA
512.0,15533.0,langfang_man1,66,True,langfang_man1-langfang_edge1,1.0312310582531161,1.0,,GA
513.0,24635.0,xingtai_man1,56,True,xingtai_man1-xingtai_edge1,1.028383048884291,1.0,,GA
514.0,72654.0,handan_man2,55,True,handan_man2-handan_edge2,1.0148749944019235,1.0,,GA
515.0,68965.0,tianjin_man2,20,True,tianjin_man2-tianjin_edge4,6.017369352309491,1.0,,GA
516.0,79695.0,handan_man2,55,True,handan_man2-handan_edge2,1.0155751943589886,1.0,,GA
517.0,96095.0,langfang_man1,66,True,langfang_man1-langfang_edge1,1.0140583981276468,1.0,,GA
518.0,30372.0,hengshui_man1,68,True,hengshui_man1-hengshui_edge1,1.0161847422510775,1.0,,GA
519.0,97356.0,langfang_man2,67,True,langfang_man2-langfang_edge2,1.0159133262350972,1.0,,GA
520.0,78345.0,xingtai_man1,56,True,xingtai_man1-xingtai_edge1,1.0163862158503008,1.0,,GA
521.0,66554.0,cangzhou_man1,64,True,cangzhou_man1-cangzhou_edge1,1.0169308848020977,1.0,,GA
522.0,10362.0,beijing_man1,6,True,beijing_man1-beijing_core2-beijing_cloud2,11.029041675171024,1.0,,GA
523.0,97376.0,beijing_man2,8,True,beijing_man2-beijing_edge2,1.0152454668694173,1.0,,GA
524.0,56132.0,langfang_man1,66,True,langfang_man1-langfang_edge1,1.0136870352414915,1.0,,GA
525.0,27167.0,chengde_man1,62,True,chengde_man1-chengde_edge1,1.026425206329203,1.0,,GA
526.0,6584.0,handan_man2,55,True,handan_man2-handan_edge2,1.024026189496489,1.0,,GA
527.0,9330.0,zhangjiako_man1,60,True,zhangjiako_man1-zhangjiako_edge1,1.0322710740890813,1.0,,GA
528.0,23094.0,handan_man1,54,True,handan_man1-handan_edge1,1.025610962727289,1.0,,GA
529.0,35019.0,chengde_man1,62,True,chengde_man1-chengde_edge1,1.0148064400168813,1.0,,GA
530.0,22147.0,baoding_man1,58,True,baoding_man1-baoding_edge1,1.030530277707947,1.0,,GA
531.0,57116.0,beijing_man1,7,True,beijing_man1-beijing_edge1,1.0143239112191982,1.0,,GA
532.0,67005.0,tianjin_man2,19,True,tianjin_man2-tianjin_edge3,6.0140810394365225,1.0,,GA
533.0,25879.0,zhangjiako_man2,61,True,zhangjiako_man2-zhangjiako_edge2,1.0335644895525387,1.0,,GA
534.0,52380.0,cangzhou_man1,64,True,cangzhou_man1-cangzhou_edge1,1.0142301162444776,1.0,,GA
535.0,22812.0,chengde_man1,62,True,chengde_man1-chengde_edge1,1.0303724545253907,1.0,,GA
536.0,45664.0,langfang_man1,66,True,langfang_man1-langfang_edge1,1.0141881919770162,1.0,,GA
537.0,99585.0,langfang_man1,66,True,langfang_man1-langfang_edge1,1.0158367465811076,1.0,,GA
538.0,73201.0,baoding_man2,59,True,baoding_man2-baoding_edge2,1.0150527883619351,1.0,,GA
539.0,64043.0,xingtai_man1,56,True,xingtai_man1-xingtai_edge1,1.0137440118033316,1.0,,GA
540.0,23293.0,chengde_man1,62,True,chengde_man1-chengde_edge1,1.0267688849577337,1.0,,GA
541.0,47020.0,tianjin_man2,18,True,tianjin_man2-tianjin_edge2,1.0136223756180522,1.0,,GA
542.0,82398.0,baoding_man2,59,True,baoding_man2-baoding_edge2,1.0167518294655544,1.0,,GA
543.0,95643.0,beijing_man2,8,True,beijing_man2-beijing_edge2,1.0149263414612215,1.0,,GA
544.0,22967.0,zhangjiako_man1,60,True,zhangjiako_man1-zhangjiako_edge1,1.0323034609988428,1.0,,GA
545.0,26379.0,tianjin_man2,17,True,tianjin_man2-tianjin_edge1,6.023729440631395,1.0,,GA
546.0,2208.0,langfang_man1,66,True,langfang_man1-langfang_edge1,1.0260425694106814,1.0,,GA
547.0,9563.0,baoding_man1,58,True,baoding_man1-baoding_edge1,1.0287483034545915,1.0,,GA
548.0,63587.0,xingtai_man1,56,True,xingtai_man1-xingtai_edge1,1.01588312890805,1.0,,GA
549.0,71400.0,handan_man1,54,True,handan_man1-handan_edge1,1.0150485579806057,1.0,,GA
550.0,79323.0,tianjin_man2,18,True,tianjin_man2-tianjin_edge2,1.0141187034459205,1.0,,GA
551.0,32131.0,baoding_man1,58,True,baoding_man1-baoding_edge1,1.015951239957901,1.0,,GA
552.0,60279.0,tangshan_man2,51,True,tangshan_man2-tangshan_edge2,1.016864089293512,1.0,,GA
553.0,60423.0,tangshan_man1,50,True,tangshan_man1-tangshan_edge1,1.017356058499464,1.0,,GA
554.0,49370.0,tangshan_man2,51,True,tangshan_man2-tangshan_edge2,1.0138148312967101,1.0,,GA
555.0,24991.0,tangshan_man1,50,True,tangshan_man1-tangshan_edge1,1.036744643172329,1.0,,GA
556.0,21936.0,tangshan_man2,51,True,tangshan_man2-tangshan_edge2,1.0281592901209846,1.0,,GA
557.0,24566.0,zhangjiako_man1,60,True,zhangjiako_man1-zhangjiako_edge1,1.0326321820596018,1.0,,GA
558.0,40694.0,xingtai_man1,56,True,xingtai_man1-xingtai_edge1,1.0143572532909273,1.0,,GA
559.0,78093.0,tianjin_man2,18,True,tianjin_man2-tianjin_edge2,1.0162675041805773,1.0,,GA
560.0,99566.0,langfang_man1,66,True,langfang_man1-langfang_edge1,1.0146517144264187,1.0,,GA
561.0,47132.0,hengshui_man2,69,True,hengshui_man2-hengshui_edge2,1.0136349332303738,1.0,,GA
562.0,11675.0,beijing_man2,8,True,beijing_man2-beijing_edge2,1.0298498915442362,1.0,,GA
563.0,10189.0,chengde_man1,62,True,chengde_man1-chengde_edge1,1.0308869262903815,1.0,,GA
564.0,17614.0,cangzhou_man1,64,True,cangzhou_man1-cangzhou_edge1,1.0285060179426448,1.0,,GA
565.0,84331.0,beijing_man2,8,True,beijing_man2-beijing_edge2,1.0161820143383675,1.0,,GA
566.0,44200.0,zhangjiako_man1,60,True,zhangjiako_man1-zhangjiako_edge1,1.0136888618916746,1.0,,GA
567.0,16602.0,beijing_man1,5,True,beijing_man1-beijing_core1-beijing_cloud1,11.037920360371816,1.0,,GA
568.0,19230.0,shijiangzhuang_man1,49,True,shijiangzhuang_man1-shijiangzhuang_edge2,11.034502420874368,1.0,,GA
569.0,66106.0,cangzhou_man1,64,True,cangzhou_man1-cangzhou_edge1,1.0142355616332053,1.0,,GA
570.0,72484.0,shijiangzhuang_man1,48,True,shijiangzhuang_man1-shijiangzhuang_edge1,1.0167938606834663,1.0,,GA
571.0,16461.0,shijiangzhuang_man1,24,True,shijiangzhuang_man1-shijiangzhuang_core-shijiangzhuang_cloud,11.036181110665455,1.0,,GA
572.0,14402.0,langfang_man1,66,True,langfang_man1-langfang_edge1,1.0389162626785164,1.0,,GA
573.0,2130.0,langfang_man1,66,True,langfang_man1-langfang_edge1,1.0233180409976192,1.0,,GA
574.0,89748.0,cangzhou_man1,64,True,cangzhou_man1-cangzhou_edge1,1.0173334092428794,1.0,,GA
575.0,56066.0,tangshan_man1,50,True,tangshan_man1-tangshan_edge1,1.0138376008155332,1.0,,GA
576.0,91046.0,tianjin_man2,18,True,tianjin_man2-tianjin_edge2,1.0170720534737427,1.0,,GA
577.0,97780.0,langfang_man2,67,True,langfang_man2-langfang_edge2,1.0149058493452845,1.0,,GA
578.0,95104.0,beijing_man2,8,True,beijing_man2-beijing_edge2,1.0149449796137522,1.0,,GA
579.0,98788.0,baoding_man2,59,True,baoding_man2-baoding_edge2,1.0146861760533985,1.0,,GA
580.0,91076.0,tianjin_man2,18,True,tianjin_man2-tianjin_edge2,1.016963894948466,1.0,,GA
581.0,10048.0,cangzhou_man1,64,True,cangzhou_man1-cangzhou_edge1,1.033073679851312,1.0,,GA
582.0,31867.0,hengshui_man2,69,True,hengshui_man2-hengshui_edge2,1.0146459059927109,1.0,,GA
583.0,34452.0,tianjin_man2,18,True,tianjin_man2-tianjin_edge2,1.015808274544049,1.0,,GA
584.0,41251.0,baoding_man1,58,True,baoding_man1-baoding_edge1,1.0135126541089405,1.0,,GA
585.0,64385.0,baoding_man2,59,True,baoding_man2-baoding_edge2,1.01682207938429,1.0,,GA
586.0,950.0,beijing_man2,10,True,beijing_man2-beijing_edge4,6.038790199440578,1.0,,GA
587.0,60399.0,tangshan_man1,50,True,tangshan_man1-tangshan_edge1,1.0159929829693795,1.0,,GA
588.0,95773.0,beijing_man1,7,True,beijing_man1-beijing_edge1,1.0157587374753088,1.0,,GA
589.0,34635.0,shijiangzhuang_man1,48,True,shijiangzhuang_man1-shijiangzhuang_edge1,1.0161997847216167,1.0,,GA
590.0,64121.0,baoding_man2,59,True,baoding_man2-baoding_edge2,1.0163738047530346,1.0,,GA
591.0,27194.0,langfang_man1,66,True,langfang_man1-langfang_edge1,1.035977502448174,1.0,,GA
592.0,14392.0,beijing_man1,9,True,beijing_man1-beijing_edge3,6.0417045621472445,1.0,,GA
593.0,42415.0,tangshan_man2,51,True,tangshan_man2-tangshan_edge2,1.014077854800912,1.0,,GA
594.0,96992.0,beijing_man1,10,True,beijing_man1-beijing_edge4,6.014861643901876,1.0,,GA
595.0,72920.0,beijing_man2,8,True,beijing_man2-beijing_edge2,1.0158403154365103,1.0,,GA
596.0,23030.0,qhd_man1,52,True,qhd_man1-qhd_edge1,1.0395027215423276,1.0,,GA
597.0,71330.0,beijing_man1,9,True,beijing_man1-beijing_edge3,6.016876998869308,1.0,,GA
598.0,34049.0,tianjin_man2,16,True,tianjin_man2-tianjin_core2-tianjin_cloud2,11.01552049741552,1.0,,GA
599.0,5874.0,langfang_man1,66,True,langfang_man1-langfang_edge1,1.036671268276778,1.0,,GA
600.0,48635.0,langfang_man1,66,True,langfang_man1-langfang_edge1,1.0136886590369243,1.0,,GA
601.0,49231.0,xingtai_man1,56,True,xingtai_man1-xingtai_edge1,1.0142277069825438,1.0,,GA
602.0,60548.0,beijing_man1,7,True,beijing_man1-beijing_edge1,1.013581023859562,1.0,,GA
603.0,96939.0,beijing_man1,7,True,beijing_man1-beijing_edge1,1.0145243515346622,1.0,,GA
604.0,15655.0,shijiangzhuang_man1,48,True,shijiangzhuang_man1-shijiangzhuang_edge1,1.0315721352234213,1.0,,GA
605.0,53569.0,xingtai_man1,56,True,xingtai_man1-xingtai_edge1,1.0140182727731624,1.0,,GA
606.0,874.0,shijiangzhuang_man1,24,True,shijiangzhuang_man1-shijiangzhuang_core-shijiangzhuang_cloud,11.03868425183917,1.0,,GA
607.0,33417.0,qhd_man1,52,True,qhd_man1-qhd_edge1,1.0138125710681443,1.0,,GA
608.0,76384.0,shijiangzhuang_man1,48,True,shijiangzhuang_man1-shijiangzhuang_edge1,1.0141406590519455,1.0,,GA
609.0,79904.0,shijiangzhuang_man2,49,True,shijiangzhuang_man2-shijiangzhuang_edge2,1.0141025772879644,1.0,,GA
610.0,67167.0,tangshan_man2,51,True,tangshan_man2-tangshan_edge2,1.0148762077651439,1.0,,GA
611.0,99313.0,langfang_man2,67,True,langfang_man2-langfang_edge2,1.0171385072414054,1.0,,GA
612.0,41798.0,hengshui_man1,68,True,hengshui_man1-hengshui_edge1,1.0135339535501469,1.0,,GA
613.0,81247.0,beijing_man1,7,True,beijing_man1-beijing_edge1,1.0137518193781592,1.0,,GA
614.0,72344.0,beijing_man1,7,True,beijing_man1-beijing_edge1,1.0169059428064249,1.0,,GA
615.0,25589.0,tangshan_man2,51,True,tangshan_man2-tangshan_edge2,1.0370451482563876,1.0,,GA
616.0,4529.0,tangshan_man1,50,True,tangshan_man1-tangshan_edge1,1.0352310775213955,1.0,,GA
617.0,6252.0,cangzhou_man1,64,True,cangzhou_man1-cangzhou_edge1,1.027565141554695,1.0,,GA
618.0,55627.0,cangzhou_man2,65,True,cangzhou_man2-cangzhou_edge2,1.0139858619104134,1.0,,GA
619.0,84116.0,tianjin_man2,15,True,tianjin_man2-tianjin_core1-tianjin_cloud1,11.014629982511405,1.0,,GA
620.0,88882.0,tianjin_man2,18,True,tianjin_man2-tianjin_edge2,1.0136644590306965,1.0,,GA
621.0,25177.0,zhangjiako_man2,61,True,zhangjiako_man2-zhangjiako_edge2,1.0373609995154311,1.0,,GA
622.0,33392.0,baoding_man1,58,True,baoding_man1-baoding_edge1,1.0137057233637046,1.0,,GA
623.0,62009.0,baoding_man1,58,True,baoding_man1-baoding_edge1,1.0157668820875883,1.0,,GA
624.0,49327.0,cangzhou_man2,65,True,cangzhou_man2-cangzhou_edge2,1.0137372644125677,1.0,,GA
625.0,29731.0,xingtai_man1,56,True,xingtai_man1-xingtai_edge1,1.042040573510153,1.0,,GA
626.0,93136.0,beijing_man1,7,True,beijing_man1-beijing_edge1,1.0152252778128958,1.0,,GA
627.0,51940.0,xingtai_man1,56,True,xingtai_man1-xingtai_edge1,1.0140108639103818,1.0,,GA
628.0,30188.0,tianjin_man2,20,True,tianjin_man2-tianjin_edge4,6.0156797604070285,1.0,,GA
629.0,3311.0,zhangjiako_man1,39,True,zhangjiako_man1-zhangjiako_cloud,11.028379605615877,1.0,,GA
630.0,24647.0,cangzhou_man1,64,True,cangzhou_man1-cangzhou_edge1,1.035414590974271,1.0,,GA
631.0,95211.0,beijing_man1,7,True,beijing_man1-beijing_edge1,1.0155516649467042,1.0,,GA
632.0,85705.0,shijiangzhuang_man1,48,True,shijiangzhuang_man1-shijiangzhuang_edge1,1.0170769822248316,1.0,,GA
633.0,37063.0,cangzhou_man1,64,True,cangzhou_man1-cangzhou_edge1,1.0137056853724637,1.0,,GA
634.0,89092.0,tianjin_man2,19,True,tianjin_man2-tianjin_edge3,6.0155592281364445,1.0,,GA
635.0,68166.0,shijiangzhuang_man1,48,True,shijiangzhuang_man1-shijiangzhuang_edge1,1.015344765400125,1.0,,GA
636.0,384.0,qhd_man1,52,True,qhd_man1-qhd_edge1,1.0351947336825886,1.0,,GA
637.0,64712.0,handan_man1,54,True,handan_man1-handan_edge1,1.014021913132876,1.0,,GA
638.0,72232.0,shijiangzhuang_man1,48,True,shijiangzhuang_man1-shijiangzhuang_edge1,1.0138221247130432,1.0,,GA
639.0,86414.0,baoding_man2,59,True,baoding_man2-baoding_edge2,1.0138431348541455,1.0,,GA
640.0,72330.0,handan_man1,54,True,handan_man1-handan_edge1,1.015926788986856,1.0,,GA
641.0,97629.0,langfang_man1,66,True,langfang_man1-langfang_edge1,1.0161708689244542,1.0,,GA
642.0,879.0,baoding_man1,58,True,baoding_man1-baoding_edge1,1.0320424908125556,1.0,,GA
643.0,85545.0,shijiangzhuang_man1,48,True,shijiangzhuang_man1-shijiangzhuang_edge1,1.015874126983551,1.0,,GA
644.0,19545.0,handan_man1,54,True,handan_man1-handan_edge1,1.0330472131010842,1.0,,GA
645.0,9907.0,beijing_man1,7,True,beijing_man1-beijing_edge1,1.0234270958503928,1.0,,GA
646.0,38975.0,shijiangzhuang_man1,48,True,shijiangzhuang_man1-shijiangzhuang_edge1,1.0141108112387605,1.0,,GA
647.0,20462.0,xingtai_man1,56,True,xingtai_man1-xingtai_edge1,1.0397660227914147,1.0,,GA
648.0,87421.0,shijiangzhuang_man1,48,True,shijiangzhuang_man1-shijiangzhuang_edge1,1.0168852356216371,1.0,,GA
649.0,84249.0,shijiangzhuang_man1,48,True,shijiangzhuang_man1-shijiangzhuang_edge1,1.0146356983908436,1.0,,GA
650.0,52262.0,langfang_man1,66,True,langfang_man1-langfang_edge1,1.0135877868793202,1.0,,GA
651.0,1681.0,hengshui_man1,68,True,hengshui_man1-hengshui_edge1,1.027329361448114,1.0,,GA
652.0,42604.0,baoding_man2,59,True,baoding_man2-baoding_edge2,1.0135926529523278,1.0,,GA
653.0,77334.0,shijiangzhuang_man1,48,True,shijiangzhuang_man1-shijiangzhuang_edge1,1.0166963165090002,1.0,,GA
654.0,45218.0,shijiangzhuang_man1,48,True,shijiangzhuang_man1-shijiangzhuang_edge1,1.0143399365410763,1.0,,GA
655.0,18640.0,langfang_man1,66,True,langfang_man1-langfang_edge1,1.0334840906339724,1.0,,GA
656.0,2472.0,tianjin_man2,17,True,tianjin_man2-tianjin_edge1,6.025825907682943,1.0,,GA
657.0,80672.0,tianjin_man2,18,True,tianjin_man2-tianjin_edge2,1.0157038134747145,1.0,,GA
658.0,66749.0,tianjin_man2,18,True,tianjin_man2-tianjin_edge2,1.0149097530378286,1.0,,GA
659.0,62344.0,handan_man1,54,True,handan_man1-handan_edge1,1.0138049415711723,1.0,,GA
660.0,42152.0,handan_man1,54,True,handan_man1-handan_edge1,1.0136068493148032,1.0,,GA
661.0,65896.0,handan_man1,54,True,handan_man1-handan_edge1,1.0135173656858734,1.0,,GA
662.0,50282.0,langfang_man1,66,True,langfang_man1-langfang_edge1,1.0140863385403425,1.0,,GA
663.0,42130.0,handan_man1,54,True,handan_man1-handan_edge1,1.0137860229004658,1.0,,GA
664.0,35870.0,shijiangzhuang_man1,48,True,shijiangzhuang_man1-shijiangzhuang_edge1,1.0157632254678377,1.0,,GA
665.0,61672.0,handan_man1,54,True,handan_man1-handan_edge1,1.0147564439986883,1.0,,GA
666.0,56447.0,langfang_man1,66,True,langfang_man1-langfang_edge1,1.0144600810034963,1.0,,GA
667.0,91247.0,beijing_man1,7,True,beijing_man1-beijing_edge1,1.0160125705011305,1.0,,GA
668.0,50969.0,beijing_man2,8,True,beijing_man2-beijing_edge2,1.013590110141885,1.0,,GA
669.0,85652.0,tianjin_man2,18,True,tianjin_man2-tianjin_edge2,1.0145567339484232,1.0,,GA
670.0,6540.0,beijing_man2,6,True,beijing_man2-beijing_core2-beijing_cloud2,11.028834003103881,1.0,,GA
671.0,91728.0,tianjin_man2,18,True,tianjin_man2-tianjin_edge2,1.0148894884540227,1.0,,GA
672.0,27751.0,zhangjiako_man1,60,True,zhangjiako_man1-zhangjiako_edge1,1.028628926338299,1.0,,GA
673.0,89676.0,tianjin_man2,18,True,tianjin_man2-tianjin_edge2,1.0146412089528247,1.0,,GA
674.0,14119.0,beijing_man2,5,True,beijing_man2-beijing_core1-beijing_cloud1,11.042042923606523,1.0,,GA
675.0,1779.0,langfang_man1,66,True,langfang_man1-langfang_edge1,1.0352667723258462,1.0,,GA
676.0,46515.0,tianjin_man2,18,True,tianjin_man2-tianjin_edge2,1.0139931286293375,1.0,,GA
677.0,85249.0,shijiangzhuang_man1,48,True,shijiangzhuang_man1-shijiangzhuang_edge1,1.0145889406170319,1.0,,GA
678.0,22544.0,tianjin_man2,20,True,tianjin_man2-tianjin_edge4,6.03663039459258,1.0,,GA
679.0,11022.0,langfang_man1,66,True,langfang_man1-langfang_edge1,1.0369491147132495,1.0,,GA
680.0,55626.0,handan_man1,54,True,handan_man1-handan_edge1,1.0143843745290526,1.0,,GA
681.0,72448.0,shijiangzhuang_man1,48,True,shijiangzhuang_man1-shijiangzhuang_edge1,1.0160920569939145,1.0,,GA
682.0,95431.0,beijing_man2,8,True,beijing_man2-beijing_edge2,1.0155691081291573,1.0,,GA
683.0,21800.0,cangzhou_man1,64,True,cangzhou_man1-cangzhou_edge1,1.023591166706639,1.0,,GA
684.0,84732.0,tianjin_man2,18,True,tianjin_man2-tianjin_edge2,1.0140773119891813,1.0,,GA
685.0,48298.0,shijiangzhuang_man1,48,True,shijiangzhuang_man1-shijiangzhuang_edge1,1.0141292461494316,1.0,,GA
686.0,58341.0,tianjin_man2,18,True,tianjin_man2-tianjin_edge2,1.0141480371967848,1.0,,GA
687.0,25047.0,zhangjiako_man1,60,True,zhangjiako_man1-zhangjiako_edge1,1.0268815340184352,1.0,,GA
688.0,51400.0,xingtai_man1,56,True,xingtai_man1-xingtai_edge1,1.0141200660142449,1.0,,GA
689.0,77025.0,handan_man2,55,True,handan_man2-handan_edge2,1.0153522155860102,1.0,,GA
690.0,61209.0,baoding_man2,59,True,baoding_man2-baoding_edge2,1.0171841417614258,1.0,,GA
691.0,37920.0,hengshui_man2,69,True,hengshui_man2-hengshui_edge2,1.0163335033256846,1.0,,GA
692.0,3250.0,xingtai_man1,56,True,xingtai_man1-xingtai_edge1,1.0233472967268151,1.0,,GA
693.0,92298.0,tianjin_man2,18,True,tianjin_man2-tianjin_edge2,1.0142128117728526,1.0,,GA
694.0,63996.0,beijing_man1,7,True,beijing_man1-beijing_edge1,1.017097234939271,1.0,,GA
695.0,5978.0,langfang_man1,66,True,langfang_man1-langfang_edge1,1.0276884551174112,1.0,,GA
696.0,43273.0,tangshan_man2,51,True,tangshan_man2-tangshan_edge2,1.0144588064416171,1.0,,GA
697.0,6944.0,tianjin_man2,19,True,tianjin_man2-tianjin_edge3,6.029128021951955,1.0,,GA
698.0,9207.0,shijiangzhuang_man1,49,True,shijiangzhuang_man1-shijiangzhuang_edge2,11.035595355553674,1.0,,GA
699.0,78251.0,baoding_man1,58,True,baoding_man1-baoding_edge1,1.0161196532690042,1.0,,GA
700.0,75835.0,handan_man1,54,True,handan_man1-handan_edge1,1.0142484013410555,1.0,,GA
701.0,37957.0,tangshan_man1,50,True,tangshan_man1-tangshan_edge1,1.014690098186403,1.0,,GA
702.0,30709.0,shijiangzhuang_man1,48,True,shijiangzhuang_man1-shijiangzhuang_edge1,1.014749375124645,1.0,,GA
703.0,52715.0,beijing_man1,7,True,beijing_man1-beijing_edge1,1.0135994030449695,1.0,,GA
704.0,57704.0,tangshan_man2,51,True,tangshan_man2-tangshan_edge2,1.0141714728190927,1.0,,GA
705.0,94014.0,beijing_man1,7,True,beijing_man1-beijing_edge1,1.0168129363308696,1.0,,GA
706.0,79825.0,handan_man2,55,True,handan_man2-handan_edge2,1.0162157910570682,1.0,,GA
707.0,1969.0,handan_man1,54,True,handan_man1-handan_edge1,1.0386945499126392,1.0,,GA
708.0,9795.0,handan_man1,54,True,handan_man1-handan_edge1,1.0355638634727649,1.0,,GA
709.0,31422.0,beijing_man1,7,True,beijing_man1-beijing_edge1,1.0168512543355253,1.0,,GA
710.0,64212.0,beijing_man2,8,True,beijing_man2-beijing_edge2,1.013623415844115,1.0,,GA
711.0,96101.0,beijing_man2,8,True,beijing_man2-beijing_edge2,1.016785033106363,1.0,,GA
712.0,44740.0,langfang_man1,66,True,langfang_man1-langfang_edge1,1.0137529510991672,1.0,,GA
713.0,82129.0,shijiangzhuang_man1,48,True,shijiangzhuang_man1-shijiangzhuang_edge1,1.016672651633796,1.0,,GA
714.0,33696.0,xingtai_man1,56,True,xingtai_man1-xingtai_edge1,1.0165720134024936,1.0,,GA
715.0,49927.0,shijiangzhuang_man1,48,True,shijiangzhuang_man1-shijiangzhuang_edge1,1.0135765346533379,1.0,,GA
716.0,10830.0,beijing_man1,10,True,beijing_man1-beijing_edge4,6.027544734876192,1.0,,GA
717.0,79137.0,beijing_man2,8,True,beijing_man2-beijing_edge2,1.0136265753373876,1.0,,GA
718.0,59311.0,tangshan_man2,51,True,tangshan_man2-tangshan_edge2,1.014006972713817,1.0,,GA
719.0,80815.0,beijing_man2,8,True,beijing_man2-beijing_edge2,1.0151227141929942,1.0,,GA
720.0,41763.0,tianjin_man2,18,True,tianjin_man2-tianjin_edge2,1.014081588568168,1.0,,GA
721.0,36949.0,tangshan_man2,51,True,tangshan_man2-tangshan_edge2,1.015508326337257,1.0,,GA
722.0,28822.0,beijing_man1,9,True,beijing_man1-beijing_edge3,6.026965659974774,1.0,,GA
723.0,36430.0,hengshui_man1,68,True,hengshui_man1-hengshui_edge1,1.0151445628179574,1.0,,GA
724.0,99027.0,beijing_man1,7,True,beijing_man1-beijing_edge1,1.016070133884763,1.0,,GA
725.0,73735.0,handan_man1,54,True,handan_man1-handan_edge1,1.0158532083008693,1.0,,GA
726.0,24793.0,tianjin_man2,16,True,tianjin_man2-tianjin_core2-tianjin_cloud2,11.024630795017472,1.0,,GA
727.0,2088.0,baoding_man2,59,True,baoding_man2-baoding_edge2,1.040745013583128,1.0,,GA
728.0,38707.0,cangzhou_man1,64,True,cangzhou_man1-cangzhou_edge1,1.0161511431546055,1.0,,GA
729.0,79652.0,beijing_man2,6,True,beijing_man2-beijing_core2-beijing_cloud2,11.016439617793285,1.0,,GA
730.0,98827.0,beijing_man2,8,True,beijing_man2-beijing_edge2,1.0159104402319683,1.0,,GA
731.0,31215.0,tianjin_man2,18,True,tianjin_man2-tianjin_edge2,1.0137780609446696,1.0,,GA
732.0,12525.0,handan_man1,54,True,handan_man1-handan_edge1,1.0281271665778338,1.0,,GA
733.0,83578.0,baoding_man2,59,True,baoding_man2-baoding_edge2,1.0139554960039794,1.0,,GA
734.0,38964.0,hengshui_man2,69,True,hengshui_man2-hengshui_edge2,1.0171089130208895,1.0,,GA
735.0,7530.0,shijiangzhuang_man1,24,True,shijiangzhuang_man1-shijiangzhuang_core-shijiangzhuang_cloud,11.034825651068966,1.0,,GA
736.0,86467.0,beijing_man2,8,True,beijing_man2-beijing_edge2,1.0144326927368768,1.0,,GA
737.0,99748.0,beijing_man2,8,True,beijing_man2-beijing_edge2,1.01532639614517,1.0,,GA
738.0,72233.0,tangshan_man1,50,True,tangshan_man1-tangshan_edge1,1.0138252498603544,1.0,,GA
739.0,58285.0,xingtai_man1,56,True,xingtai_man1-xingtai_edge1,1.0144644711972497,1.0,,GA
740.0,88395.0,baoding_man2,59,True,baoding_man2-baoding_edge2,1.0137439655547051,1.0,,GA
741.0,31204.0,hengshui_man1,68,True,hengshui_man1-hengshui_edge1,1.0172899850534969,1.0,,GA
742.0,68932.0,beijing_man1,10,True,beijing_man1-beijing_edge4,6.016204144693953,1.0,,GA
743.0,4446.0,xingtai_man1,57,True,xingtai_man1-xingtai_edge2,11.041247363984136,1.0,,GA
744.0,14117.0,cangzhou_man1,64,True,cangzhou_man1-cangzhou_edge1,1.0264779555773818,1.0,,GA
745.0,43882.0,langfang_man1,66,True,langfang_man1-langfang_edge1,1.014435792736188,1.0,,GA
746.0,99184.0,beijing_man1,7,True,beijing_man1-beijing_edge1,1.015673087862762,1.0,,GA
747.0,18146.0,langfang_man1,66,True,langfang_man1-langfang_edge1,1.0409049975244329,1.0,,GA
748.0,6853.0,tianjin_man2,15,True,tianjin_man2-tianjin_core1-tianjin_cloud1,11.023612874833066,1.0,,GA
749.0,46567.0,cangzhou_man1,64,True,cangzhou_man1-cangzhou_edge1,1.0140200177528622,1.0,,GA
750.0,96102.0,beijing_man2,8,True,beijing_man2-beijing_edge2,1.0138847625366105,1.0,,GA
751.0,6353.0,zhangjiako_man1,60,True,zhangjiako_man1-zhangjiako_edge1,1.0252699630278213,1.0,,GA
752.0,72914.0,beijing_man1,7,True,beijing_man1-beijing_edge1,1.0148536082492816,1.0,,GA
753.0,87778.0,cangzhou_man2,65,True,cangzhou_man2-cangzhou_edge2,1.014849394512092,1.0,,GA
754.0,64653.0,tianjin_man2,20,True,tianjin_man2-tianjin_edge4,6.013808965898892,1.0,,GA
755.0,40048.0,shijiangzhuang_man1,48,True,shijiangzhuang_man1-shijiangzhuang_edge1,1.013832975397906,1.0,,GA
756.0,2901.0,tianjin_man2,19,True,tianjin_man2-tianjin_edge3,6.038125022191986,1.0,,GA
757.0,3204.0,handan_man1,54,True,handan_man1-handan_edge1,1.023095672312692,1.0,,GA
758.0,23007.0,chengde_man1,62,True,chengde_man1-chengde_edge1,1.0377889604494648,1.0,,GA
759.0,7757.0,zhangjiako_man1,60,True,zhangjiako_man1-zhangjiako_edge1,1.0333843743289322,1.0,,GA
760.0,30106.0,langfang_man1,66,True,langfang_man1-langfang_edge1,1.0159247935455766,1.0,,GA
761.0,28974.0,chengde_man1,62,True,chengde_man1-chengde_edge1,1.0250174020679714,1.0,,GA
762.0,60684.0,beijing_man2,8,True,beijing_man2-beijing_edge2,1.0165891952165018,1.0,,GA
763.0,4140.0,handan_man1,54,True,handan_man1-handan_edge1,1.0229735084823266,1.0,,GA
764.0,11393.0,tangshan_man2,51,True,tangshan_man2-tangshan_edge2,1.0361093037892377,1.0,,GA
765.0,84004.0,tianjin_man2,18,True,tianjin_man2-tianjin_edge2,1.0143429849669212,1.0,,GA
766.0,81719.0,beijing_man1,7,True,beijing_man1-beijing_edge1,1.0146066831032883,1.0,,GA
767.0,93992.0,beijing_man1,7,True,beijing_man1-beijing_edge1,1.0169609733846394,1.0,,GA
768.0,45847.0,tangshan_man2,51,True,tangshan_man2-tangshan_edge2,1.0140836466108936,1.0,,GA
769.0,8666.0,baoding_man1,36,True,baoding_man1-baoding_cloud,11.035175532046892,1.0,,GA
770.0,86163.0,beijing_man1,7,True,beijing_man1-beijing_edge1,1.0161322260986787,1.0,,GA
771.0,29288.0,cangzhou_man1,64,True,cangzhou_man1-cangzhou_edge1,1.0410017089813062,1.0,,GA
772.0,64962.0,cangzhou_man2,65,True,cangzhou_man2-cangzhou_edge2,1.0140129825997894,1.0,,GA
773.0,50411.0,beijing_man2,8,True,beijing_man2-beijing_edge2,1.0135783848575715,1.0,,GA
774.0,99340.0,beijing_man1,7,True,beijing_man1-beijing_edge1,1.0155812006604497,1.0,,GA
775.0,47348.0,xingtai_man1,56,True,xingtai_man1-xingtai_edge1,1.0140175246901042,1.0,,GA
776.0,2509.0,xingtai_man1,56,True,xingtai_man1-xingtai_edge1,1.0266036493251947,1.0,,GA
777.0,34733.0,langfang_man2,67,True,langfang_man2-langfang_edge2,1.0165852120498136,1.0,,GA
778.0,3103.0,zhangjiako_man1,60,True,zhangjiako_man1-zhangjiako_edge1,1.038268017230968,1.0,,GA
779.0,41631.0,tianjin_man2,18,True,tianjin_man2-tianjin_edge2,1.0143439173635165,1.0,,GA
780.0,432.0,shijiangzhuang_man1,48,True,shijiangzhuang_man1-shijiangzhuang_edge1,1.0230065885693445,1.0,,GA
781.0,16703.0,langfang_man1,66,True,langfang_man1-langfang_edge1,1.0324952569359993,1.0,,GA
782.0,71286.0,handan_man1,54,True,handan_man1-handan_edge1,1.016256609098619,1.0,,GA
783.0,76095.0,xingtai_man1,56,True,xingtai_man1-xingtai_edge1,1.0135494300358903,1.0,,GA
784.0,51388.0,baoding_man2,59,True,baoding_man2-baoding_edge2,1.0136748996421696,1.0,,GA
785.0,65573.0,tianjin_man2,18,True,tianjin_man2-tianjin_edge2,1.0158746573000712,1.0,,GA
786.0,21122.0,tianjin_man1,17,True,tianjin_man1-tianjin_edge1,1.0225066445492503,1.0,,GA
787.0,88681.0,beijing_man2,8,True,beijing_man2-beijing_edge2,1.0138293640542955,1.0,,GA
788.0,61807.0,tangshan_man1,50,True,tangshan_man1-tangshan_edge1,1.0149875035901155,1.0,,GA
789.0,77704.0,shijiangzhuang_man1,48,True,shijiangzhuang_man1-shijiangzhuang_edge1,1.01545290063909,1.0,,GA
790.0,56120.0,tangshan_man2,51,True,tangshan_man2-tangshan_edge2,1.0141652484005708,1.0,,GA
791.0,66421.0,tianjin_man2,18,True,tianjin_man2-tianjin_edge2,1.0142062485119667,1.0,,GA
792.0,47493.0,tangshan_man2,51,True,tangshan_man2-tangshan_edge2,1.013847197445721,1.0,,GA
793.0,10544.0,beijing_man1,9,True,beijing_man1-beijing_edge3,6.03019380526216,1.0,,GA
794.0,62616.0,handan_man1,54,True,handan_man1-handan_edge1,1.016381886867541,1.0,,GA
795.0,48156.0,handan_man1,54,True,handan_man1-handan_edge1,1.0135626606240766,1.0,,GA
796.0,78358.0,tianjin_man2,18,True,tianjin_man2-tianjin_edge2,1.0151681051231063,1.0,,GA
797.0,51323.0,tangshan_man2,51,True,tangshan_man2-tangshan_edge2,1.0142389157840075,1.0,,GA
798.0,16650.0,chengde_man1,62,True,chengde_man1-chengde_edge1,1.0324519134887984,1.0,,GA
799.0,89216.0,tianjin_man2,18,True,tianjin_man2-tianjin_edge2,1.0135568574155047,1.0,,GA
800.0,86297.0,shijiangzhuang_man1,48,True,shijiangzhuang_man1-shijiangzhuang_edge1,1.016055696619143,1.0,,GA
801.0,37305.0,beijing_man1,7,True,beijing_man1-beijing_edge1,1.0167765847512584,1.0,,GA
802.0,25596.0,cangzhou_man1,64,True,cangzhou_man1-cangzhou_edge1,1.0389583288454465,1.0,,GA
803.0,65247.0,tangshan_man1,50,True,tangshan_man1-tangshan_edge1,1.0142200946983913,1.0,,GA
804.0,13197.0,tianjin_man2,17,True,tianjin_man2-tianjin_edge1,6.028808965761337,1.0,,GA
805.0,42147.0,beijing_man1,7,True,beijing_man1-beijing_edge1,1.0136819375865036,1.0,,GA
806.0,71365.0,baoding_man1,58,True,baoding_man1-baoding_edge1,1.015859300711685,1.0,,GA
807.0,25808.0,shijiangzhuang_man1,49,True,shijiangzhuang_man1-shijiangzhuang_edge2,11.04103303643759,1.0,,GA
808.0,85854.0,cangzhou_man2,65,True,cangzhou_man2-cangzhou_edge2,1.0156800630048093,1.0,,GA
809.0,33267.0,xingtai_man1,56,True,xingtai_man1-xingtai_edge1,1.0151479422307852,1.0,,GA
810.0,53182.0,xingtai_man1,56,True,xingtai_man1-xingtai_edge1,1.0138842254746239,1.0,,GA
811.0,80118.0,tianjin_man2,18,True,tianjin_man2-tianjin_edge2,1.0147765894272882,1.0,,GA
812.0,50897.0,beijing_man2,8,True,beijing_man2-beijing_edge2,1.0143268569051318,1.0,,GA
813.0,28835.0,beijing_man1,7,True,beijing_man1-beijing_edge1,1.0257242949284824,1.0,,GA
814.0,29556.0,qhd_man1,52,True,qhd_man1-qhd_edge1,1.0385207828724474,1.0,,GA
815.0,8364.0,tangshan_man2,51,True,tangshan_man2-tangshan_edge2,1.0393391126465161,1.0,,GA
816.0,41415.0,handan_man1,54,True,handan_man1-handan_edge1,1.0139479395368727,1.0,,GA
817.0,55670.0,tangshan_man2,51,True,tangshan_man2-tangshan_edge2,1.0139779070548984,1.0,,GA
818.0,78794.0,shijiangzhuang_man1,48,True,shijiangzhuang_man1-shijiangzhuang_edge1,1.0172604773772007,1.0,,GA
819.0,42824.0,cangzhou_man2,65,True,cangzhou_man2-cangzhou_edge2,1.0143756217738438,1.0,,GA
820.0,49162.0,shijiangzhuang_man1,48,True,shijiangzhuang_man1-shijiangzhuang_edge1,1.014255771470236,1.0,,GA
821.0,81930.0,baoding_man1,58,True,baoding_man1-baoding_edge1,1.015213118331754,1.0,,GA
822.0,13539.0,handan_man1,54,True,handan_man1-handan_edge1,1.032200716866627,1.0,,GA
823.0,93101.0,beijing_man2,8,True,beijing_man2-beijing_edge2,1.0151861884088091,1.0,,GA
824.0,77317.0,beijing_man2,8,True,beijing_man2-beijing_edge2,1.014955055581122,1.0,,GA
825.0,83602.0,baoding_man1,58,True,baoding_man1-baoding_edge1,1.013531130454718,1.0,,GA
826.0,96715.0,baoding_man2,59,True,baoding_man2-baoding_edge2,1.0167643636823227,1.0,,GA
827.0,21067.0,qhd_man1,52,True,qhd_man1-qhd_edge1,1.0245609691159443,1.0,,GA
828.0,88829.0,beijing_man2,8,True,beijing_man2-beijing_edge2,1.01656542243225,1.0,,GA
829.0,15263.0,beijing_man2,5,True,beijing_man2-beijing_core1-beijing_cloud1,11.03730950821432,1.0,,GA
830.0,818.0,cangzhou_man1,64,True,cangzhou_man1-cangzhou_edge1,1.0325064398138422,1.0,,GA
831.0,94945.0,beijing_man2,8,True,beijing_man2-beijing_edge2,1.0162590370596938,1.0,,GA
832.0,72781.0,baoding_man1,58,True,baoding_man1-baoding_edge1,1.0152899014198733,1.0,,GA
833.0,46789.0,beijing_man1,7,True,beijing_man1-beijing_edge1,1.0138909019233633,1.0,,GA
834.0,17227.0,tianjin_man2,20,True,tianjin_man2-tianjin_edge4,6.025851590241017,1.0,,GA
835.0,66427.0,xingtai_man1,56,True,xingtai_man1-xingtai_edge1,1.015431594927581,1.0,,GA
836.0,2757.0,beijing_man2,10,True,beijing_man2-beijing_edge4,6.036763323275124,1.0,,GA
837.0,39931.0,baoding_man2,59,True,baoding_man2-baoding_edge2,1.0155901330400758,1.0,,GA
838.0,30410.0,shijiangzhuang_man1,48,True,shijiangzhuang_man1-shijiangzhuang_edge1,1.013885688266765,1.0,,GA
839.0,22768.0,tangshan_man1,50,True,tangshan_man1-tangshan_edge1,1.036683484957124,1.0,,GA
840.0,70773.0,beijing_man1,7,True,beijing_man1-beijing_edge1,1.0169148410152555,1.0,,GA
841.0,7346.0,beijing_man2,9,True,beijing_man2-beijing_edge3,6.038808029793775,1.0,,GA
842.0,83001.0,shijiangzhuang_man1,48,True,shijiangzhuang_man1-shijiangzhuang_edge1,1.016755173762346,1.0,,GA
843.0,37706.0,handan_man1,54,True,handan_man1-handan_edge1,1.0154397023115012,1.0,,GA
844.0,66134.0,shijiangzhuang_man1,48,True,shijiangzhuang_man1-shijiangzhuang_edge1,1.0147746194351905,1.0,,GA
845.0,12377.0,beijing_man1,6,True,beijing_man1-beijing_core2-beijing_cloud2,11.03080642432951,1.0,,GA
846.0,10534.0,hengshui_man1,68,True,hengshui_man1-hengshui_edge1,1.0375586296003627,1.0,,GA
847.0,82938.0,baoding_man1,58,True,baoding_man1-baoding_edge1,1.0157602679066426,1.0,,GA
848.0,93876.0,beijing_man2,8,True,beijing_man2-beijing_edge2,1.0144028059330295,1.0,,GA
849.0,84195.0,beijing_man1,5,True,beijing_man1-beijing_core1-beijing_cloud1,11.017368874033808,1.0,,GA
850.0,24456.0,shijiangzhuang_man1,24,True,shijiangzhuang_man1-shijiangzhuang_core-shijiangzhuang_cloud,11.035666197128903,1.0,,GA
851.0,24398.0,chengde_man2,63,True,chengde_man2-chengde_edge2,1.037726468146871,1.0,,GA
852.0,81222.0,cangzhou_man2,65,True,cangzhou_man2-cangzhou_edge2,1.017014715108079,1.0,,GA
853.0,1543.0,zhangjiako_man1,60,True,zhangjiako_man1-zhangjiako_edge1,1.0385141259241122,1.0,,GA
854.0,61902.0,shijiangzhuang_man1,48,True,shijiangzhuang_man1-shijiangzhuang_edge1,1.016674156803766,1.0,,GA
855.0,88463.0,tianjin_man2,19,True,tianjin_man2-tianjin_edge3,6.015055740351835,1.0,,GA
856.0,11125.0,chengde_man1,62,True,chengde_man1-chengde_edge1,1.037391420074851,1.0,,GA
857.0,76757.0,beijing_man1,7,True,beijing_man1-beijing_edge1,1.0142999568473978,1.0,,GA
858.0,86963.0,beijing_man2,8,True,beijing_man2-beijing_edge2,1.0163372900452678,1.0,,GA
859.0,19868.0,hengshui_man1,68,True,hengshui_man1-hengshui_edge1,1.0239520056998133,1.0,,GA
860.0,15666.0,beijing_man1,10,True,beijing_man1-beijing_edge4,6.026360399641433,1.0,,GA
861.0,75873.0,tianjin_man2,17,True,tianjin_man2-tianjin_edge1,6.017488712996341,1.0,,GA
862.0,710.0,baoding_man1,58,True,baoding_man1-baoding_edge1,1.0398932504526555,1.0,,GA
863.0,2827.0,handan_man1,54,True,handan_man1-handan_edge1,1.0351316284662813,1.0,,GA
864.0,61003.0,handan_man1,54,True,handan_man1-handan_edge1,1.0163523826915937,1.0,,GA
865.0,11163.0,zhangjiako_man1,60,True,zhangjiako_man1-zhangjiako_edge1,1.0400349394368928,1.0,,GA
866.0,9508.0,tangshan_man1,50,True,tangshan_man1-tangshan_edge1,1.0411699060397215,1.0,,GA
867.0,53406.0,cangzhou_man1,64,True,cangzhou_man1-cangzhou_edge1,1.0141548909422944,1.0,,GA
868.0,13064.0,cangzhou_man1,64,True,cangzhou_man1-cangzhou_edge1,1.0383590371581142,1.0,,GA
869.0,63696.0,handan_man1,54,True,handan_man1-handan_edge1,1.014711803771989,1.0,,GA
870.0,25286.0,beijing_man2,9,True,beijing_man2-beijing_edge3,6.034552945749693,1.0,,GA
871.0,64551.0,tangshan_man2,51,True,tangshan_man2-tangshan_edge2,1.0146078044686309,1.0,,GA
872.0,54942.0,handan_man1,54,True,handan_man1-handan_edge1,1.0143447783082518,1.0,,GA
873.0,65127.0,tangshan_man1,50,True,tangshan_man1-tangshan_edge1,1.0170016613471764,1.0,,GA
874.0,5985.0,tangshan_man2,51,True,tangshan_man2-tangshan_edge2,1.040125968609164,1.0,,GA
875.0,68029.0,tianjin_man2,18,True,tianjin_man2-tianjin_edge2,1.0145893911566344,1.0,,GA
876.0,98438.0,langfang_man1,66,True,langfang_man1-langfang_edge1,1.0149555642745323,1.0,,GA
877.0,43787.0,tianjin_man2,18,True,tianjin_man2-tianjin_edge2,1.0136693882281806,1.0,,GA
878.0,64822.0,shijiangzhuang_man1,48,True,shijiangzhuang_man1-shijiangzhuang_edge1,1.0140155679115488,1.0,,GA
879.0,67727.0,tangshan_man2,51,True,tangshan_man2-tangshan_edge2,1.0140487124377575,1.0,,GA
880.0,10866.0,langfang_man1,66,True,langfang_man1-langfang_edge1,1.023846028325814,1.0,,GA
881.0,66512.0,handan_man1,54,True,handan_man1-handan_edge1,1.015421966050878,1.0,,GA
882.0,68062.0,shijiangzhuang_man1,48,True,shijiangzhuang_man1-shijiangzhuang_edge1,1.0138148033374061,1.0,,GA
883.0,61433.0,cangzhou_man2,65,True,cangzhou_man2-cangzhou_edge2,1.0137742554517954,1.0,,GA
884.0,42261.0,tangshan_man2,51,True,tangshan_man2-tangshan_edge2,1.0143317314175906,1.0,,GA
885.0,90954.0,tianjin_man2,18,True,tianjin_man2-tianjin_edge2,1.0146885276817368,1.0,,GA
886.0,26527.0,qhd_man1,52,True,qhd_man1-qhd_edge1,1.0342921825342246,1.0,,GA
887.0,67696.0,handan_man1,54,True,handan_man1-handan_edge1,1.0135540475637363,1.0,,GA
888.0,6638.0,baoding_man2,59,True,baoding_man2-baoding_edge2,1.0254828805818121,1.0,,GA
889.0,87796.0,tianjin_man2,16,True,tianjin_man2-tianjin_core2-tianjin_cloud2,11.014990292147779,1.0,,GA
890.0,46242.0,hengshui_man1,68,True,hengshui_man1-hengshui_edge1,1.0140832185046542,1.0,,GA
891.0,59668.0,beijing_man2,8,True,beijing_man2-beijing_edge2,1.0143615310830452,1.0,,GA
892.0,19055.0,chengde_man2,63,True,chengde_man2-chengde_edge2,1.0423413521713896,1.0,,GA
893.0,22262.0,handan_man1,54,True,handan_man1-handan_edge1,1.0273169496293069,1.0,,GA
894.0,63792.0,handan_man1,54,True,handan_man1-handan_edge1,1.017267390845598,1.0,,GA
895.0,14832.0,cangzhou_man1,64,True,cangzhou_man1-cangzhou_edge1,1.0317170014248682,1.0,,GA
896.0,14064.0,langfang_man1,66,True,langfang_man1-langfang_edge1,1.026429532620626,1.0,,GA
897.0,95269.0,beijing_man1,7,True,beijing_man1-beijing_edge1,1.0156360620867297,1.0,,GA
898.0,90758.0,tianjin_man2,18,True,tianjin_man2-tianjin_edge2,1.0149892239703107,1.0,,GA
899.0,39771.0,beijing_man1,7,True,beijing_man1-beijing_edge1,1.016706856599996,1.0,,GA
900.0,24929.0,baoding_man1,36,True,baoding_man1-baoding_cloud,11.033986492675174,1.0,,GA
901.0,96692.0,baoding_man2,59,True,baoding_man2-baoding_edge2,1.0161012100208593,1.0,,GA
902.0,88287.0,cangzhou_man2,65,True,cangzhou_man2-cangzhou_edge2,1.0148361254509426,1.0,,GA
903.0,71857.0,baoding_man1,58,True,baoding_man1-baoding_edge1,1.0173496579865422,1.0,,GA
904.0,35121.0,baoding_man1,58,True,baoding_man1-baoding_edge1,1.014432683862356,1.0,,GA
905.0,81923.0,beijing_man1,7,True,beijing_man1-beijing_edge1,1.0146928589747632,1.0,,GA
906.0,27489.0,qhd_man2,53,True,qhd_man2-qhd_edge2,1.0278639271202443,1.0,,GA
907.0,97500.0,beijing_man2,8,True,beijing_man2-beijing_edge2,1.0139330405533238,1.0,,GA
908.0,20578.0,cangzhou_man1,64,True,cangzhou_man1-cangzhou_edge1,1.0301292778816558,1.0,,GA
909.0,39691.0,langfang_man1,66,True,langfang_man1-langfang_edge1,1.0169119308140357,1.0,,GA
910.0,74326.0,baoding_man2,59,True,baoding_man2-baoding_edge2,1.0151450335365069,1.0,,GA
911.0,18397.0,tianjin_man2,15,True,tianjin_man2-tianjin_core1-tianjin_cloud1,11.040315513037335,1.0,,GA
912.0,12179.0,langfang_man1,66,True,langfang_man1-langfang_edge1,1.033876344393804,1.0,,GA
913.0,50618.0,beijing_man1,7,True,beijing_man1-beijing_edge1,1.0135768824207125,1.0,,GA
914.0,47447.0,cangzhou_man1,64,True,cangzhou_man1-cangzhou_edge1,1.013795837062842,1.0,,GA
915.0,27922.0,langfang_man1,66,True,langfang_man1-langfang_edge1,1.038729915452545,1.0,,GA
916.0,54081.0,cangzhou_man1,64,True,cangzhou_man1-cangzhou_edge1,1.0144318214627936,1.0,,GA
917.0,86466.0,cangzhou_man2,65,True,cangzhou_man2-cangzhou_edge2,1.0158721922648108,1.0,,GA
918.0,95894.0,beijing_man1,7,True,beijing_man1-beijing_edge1,1.0173686525588679,1.0,,GA
919.0,74639.0,shijiangzhuang_man1,48,True,shijiangzhuang_man1-shijiangzhuang_edge1,1.0146117666463461,1.0,,GA
920.0,8966.0,zhangjiako_man1,60,True,zhangjiako_man1-zhangjiako_edge1,1.0334735807261175,1.0,,GA
921.0,77991.0,baoding_man2,59,True,baoding_man2-baoding_edge2,1.015737929810655,1.0,,GA
922.0,4053.0,chengde_man1,62,True,chengde_man1-chengde_edge1,1.0346443621283983,1.0,,GA
923.0,39246.0,hengshui_man1,68,True,hengshui_man1-hengshui_edge1,1.0153736919679575,1.0,,GA
924.0,91715.0,beijing_man2,8,True,beijing_man2-beijing_edge2,1.0139090983675765,1.0,,GA
925.0,32765.0,tangshan_man2,51,True,tangshan_man2-tangshan_edge2,1.0161581445467505,1.0,,GA
926.0,87977.0,tianjin_man2,18,True,tianjin_man2-tianjin_edge2,1.0162755866182722,1.0,,GA
927.0,68748.0,beijing_man1,7,True,beijing_man1-beijing_edge1,1.0159689867617836,1.0,,GA
928.0,20287.0,qhd_man2,53,True,qhd_man2-qhd_edge2,1.0406159046704262,1.0,,GA
929.0,91682.0,langfang_man1,66,True,langfang_man1-langfang_edge1,1.0165894503782542,1.0,,GA
930.0,72409.0,baoding_man1,58,True,baoding_man1-baoding_edge1,1.0155384657970132,1.0,,GA
931.0,66646.0,shijiangzhuang_man1,48,True,shijiangzhuang_man1-shijiangzhuang_edge1,1.0137902084235808,1.0,,GA
932.0,91847.0,beijing_man2,8,True,beijing_man2-beijing_edge2,1.0171045795642604,1.0,,GA
933.0,48337.0,baoding_man1,58,True,baoding_man1-baoding_edge1,1.0139203066383125,1.0,,GA
934.0,69453.0,tangshan_man2,51,True,tangshan_man2-tangshan_edge2,1.0146638590575203,1.0,,GA
935.0,12842.0,langfang_man1,66,True,langfang_man1-langfang_edge1,1.0320314808377287,1.0,,GA
936.0,45776.0,xingtai_man1,56,True,xingtai_man1-xingtai_edge1,1.0140628769321018,1.0,,GA
937.0,13260.0,xingtai_man1,56,True,xingtai_man1-xingtai_edge1,1.0329457969421043,1.0,,GA
938.0,29474.0,shijiangzhuang_man1,24,True,shijiangzhuang_man1-shijiangzhuang_core-shijiangzhuang_cloud,11.024087859518133,1.0,,GA
939.0,32152.0,shijiangzhuang_man1,48,True,shijiangzhuang_man1-shijiangzhuang_edge1,1.0156612969738308,1.0,,GA
940.0,99826.0,beijing_man2,8,True,beijing_man2-beijing_edge2,1.0163965287203913,1.0,,GA
941.0,72651.0,tianjin_man2,20,True,tianjin_man2-tianjin_edge4,6.013745853158108,1.0,,GA
942.0,18635.0,handan_man1,54,True,handan_man1-handan_edge1,1.0412704479648254,1.0,,GA
943.0,92748.0,beijing_man2,8,True,beijing_man2-beijing_edge2,1.0135844593084502,1.0,,GA
944.0,28065.0,langfang_man1,66,True,langfang_man1-langfang_edge1,1.041538237064337,1.0,,GA
945.0,58501.0,tianjin_man2,18,True,tianjin_man2-tianjin_edge2,1.0139580773636783,1.0,,GA
946.0,79379.0,shijiangzhuang_man1,48,True,shijiangzhuang_man1-shijiangzhuang_edge1,1.0137478537489149,1.0,,GA
947.0,74456.0,baoding_man1,58,True,baoding_man1-baoding_edge1,1.0151243655099946,1.0,,GA
948.0,99879.0,beijing_man2,8,True,beijing_man2-beijing_edge2,1.015176343820148,1.0,,GA
949.0,61846.0,shijiangzhuang_man1,48,True,shijiangzhuang_man1-shijiangzhuang_edge1,1.014368949749854,1.0,,GA
950.0,11652.0,hengshui_man1,68,True,hengshui_man1-hengshui_edge1,1.0304677542779073,1.0,,GA
951.0,10641.0,qhd_man2,53,True,qhd_man2-qhd_edge2,1.0359219223460427,1.0,,GA
952.0,990.0,tianjin_man2,19,True,tianjin_man2-tianjin_edge3,6.032643546953775,1.0,,GA
953.0,60882.0,cangzhou_man1,64,True,cangzhou_man1-cangzhou_edge1,1.015081653111169,1.0,,GA
954.0,60848.0,handan_man1,54,True,handan_man1-handan_edge1,1.016073325760132,1.0,,GA
955.0,82804.0,tianjin_man2,18,True,tianjin_man2-tianjin_edge2,1.0147986482378755,1.0,,GA
956.0,74778.0,tianjin_man2,18,True,tianjin_man2-tianjin_edge2,1.0155529344538983,1.0,,GA
957.0,56283.0,handan_man1,54,True,handan_man1-handan_edge1,1.014167925009935,1.0,,GA
958.0,55703.0,beijing_man2,8,True,beijing_man2-beijing_edge2,1.0140858603966774,1.0,,GA
959.0,89409.0,beijing_man1,10,True,beijing_man1-beijing_edge4,6.016591911320609,1.0,,GA
960.0,75823.0,tianjin_man2,18,True,tianjin_man2-tianjin_edge2,1.0139414481238596,1.0,,GA
961.0,65855.0,tangshan_man2,51,True,tangshan_man2-tangshan_edge2,1.0137523336220056,1.0,,GA
962.0,70020.0,tangshan_man2,51,True,tangshan_man2-tangshan_edge2,1.0173784008615263,1.0,,GA
963.0,99929.0,langfang_man1,66,True,langfang_man1-langfang_edge1,1.0148446725437101,1.0,,GA
964.0,36459.0,qhd_man1,52,True,qhd_man1-qhd_edge1,1.0157492896595373,1.0,,GA
965.0,69759.0,tianjin_man2,18,True,tianjin_man2-tianjin_edge2,1.0164831628172337,1.0,,GA
966.0,74124.0,shijiangzhuang_man1,48,True,shijiangzhuang_man1-shijiangzhuang_edge1,1.0174602899718057,1.0,,GA
967.0,26016.0,shijiangzhuang_man1,48,True,shijiangzhuang_man1-shijiangzhuang_edge1,1.0246648654787267,1.0,,GA
968.0,50847.0,handan_man1,54,True,handan_man1-handan_edge1,1.013534234290635,1.0,,GA
969.0,99801.0,langfang_man1,66,True,langfang_man1-langfang_edge1,1.016263631984524,1.0,,GA
970.0,86280.0,tianjin_man2,18,True,tianjin_man2-tianjin_edge2,1.016090011732691,1.0,,GA
971.0,18226.0,xingtai_man1,56,True,xingtai_man1-xingtai_edge1,1.0275448446882254,1.0,,GA
972.0,7287.0,qhd_man1,52,True,qhd_man1-qhd_edge1,1.034765466383006,1.0,,GA
973.0,22565.0,chengde_man1,62,True,chengde_man1-chengde_edge1,1.0391958793767053,1.0,,GA
974.0,92726.0,beijing_man1,7,True,beijing_man1-beijing_edge1,1.0156017444961452,1.0,,GA
975.0,10995.0,chengde_man1,62,True,chengde_man1-chengde_edge1,1.0367121691666608,1.0,,GA
976.0,51763.0,shijiangzhuang_man1,48,True,shijiangzhuang_man1-shijiangzhuang_edge1,1.0139475505990037,1.0,,GA
977.0,45762.0,zhangjiako_man2,61,True,zhangjiako_man2-zhangjiako_edge2,1.0139340149169194,1.0,,GA
978.0,36978.0,langfang_man1,66,True,langfang_man1-langfang_edge1,1.0165005246990346,1.0,,GA
979.0,88554.0,baoding_man2,59,True,baoding_man2-baoding_edge2,1.01737060952689,1.0,,GA
980.0,62019.0,xingtai_man1,56,True,xingtai_man1-xingtai_edge1,1.016766535072003,1.0,,GA
981.0,30510.0,cangzhou_man1,64,True,cangzhou_man1-cangzhou_edge1,1.016630655815209,1.0,,GA
982.0,62372.0,beijing_man2,8,True,beijing_man2-beijing_edge2,1.0140565987514742,1.0,,GA
983.0,93518.0,beijing_man1,7,True,beijing_man1-beijing_edge1,1.016827405753461,1.0,,GA
984.0,95700.0,beijing_man1,7,True,beijing_man1-beijing_edge1,1.016320619269006,1.0,,GA
985.0,938.0,tianjin_man2,17,True,tianjin_man2-tianjin_edge1,6.031666107766438,1.0,,GA
986.0,3196.0,langfang_man1,66,True,langfang_man1-langfang_edge1,1.0334185948780121,1.0,,GA
987.0,4092.0,chengde_man1,62,True,chengde_man1-chengde_edge1,1.035930489592837,1.0,,GA
988.0,22551.0,zhangjiako_man1,60,True,zhangjiako_man1-zhangjiako_edge1,1.0388094750631414,1.0,,GA
989.0,51887.0,beijing_man2,8,True,beijing_man2-beijing_edge2,1.0137813151665,1.0,,GA
990.0,88850.0,tianjin_man2,20,True,tianjin_man2-tianjin_edge4,6.015183894611266,1.0,,GA
991.0,13714.0,cangzhou_man1,64,True,cangzhou_man1-cangzhou_edge1,1.0316917198556657,1.0,,GA
992.0,90093.0,beijing_man1,7,True,beijing_man1-beijing_edge1,1.016150811255122,1.0,,GA
993.0,38543.0,shijiangzhuang_man1,48,True,shijiangzhuang_man1-shijiangzhuang_edge1,1.017379315854066,1.0,,GA
994.0,48019.0,shijiangzhuang_man1,48,True,shijiangzhuang_man1-shijiangzhuang_edge1,1.01375100091403,1.0,,GA
995.0,83757.0,shijiangzhuang_man2,49,True,shijiangzhuang_man2-shijiangzhuang_edge2,1.0136814515880634,1.0,,GA
996.0,3066.0,langfang_man1,66,True,langfang_man1-langfang_edge1,1.025078659131145,1.0,,GA
997.0,45331.0,handan_man1,54,True,handan_man1-handan_edge1,1.0141469815371342,1.0,,GA
998.0,36650.0,shijiangzhuang_man1,48,True,shijiangzhuang_man1-shijiangzhuang_edge1,1.0137350571616615,1.0,,GA
999.0,2295.0,qhd_man1,52,True,qhd_man1-qhd_edge1,1.0269758823648085,1.0,,GA
1000.0,45746.0,shijiangzhuang_man1,48,True,shijiangzhuang_man1-shijiangzhuang_edge1,1.0135989532513718,1.0,,GA
1001.0,31034.0,shijiangzhuang_man1,48,True,shijiangzhuang_man1-shijiangzhuang_edge1,1.0172975557199997,1.0,,GA
1002.0,94263.0,beijing_man1,7,True,beijing_man1-beijing_edge1,1.0150177854219105,1.0,,GA
1003.0,65144.0,handan_man1,54,True,handan_man1-handan_edge1,1.0142632866861645,1.0,,GA
1004.0,57171.0,tianjin_man2,18,True,tianjin_man2-tianjin_edge2,1.0144241646397256,1.0,,GA
1005.0,26975.0,xingtai_man1,57,True,xingtai_man1-xingtai_edge2,11.038711195189236,1.0,,GA
1006.0,7924.0,qhd_man1,52,True,qhd_man1-qhd_edge1,1.033521628654642,1.0,,GA
1007.0,74831.0,baoding_man2,59,True,baoding_man2-baoding_edge2,1.0166112024257579,1.0,,GA
1008.0,72209.0,tangshan_man2,51,True,tangshan_man2-tangshan_edge2,1.0157246187297984,1.0,,GA
1009.0,4685.0,tangshan_man2,51,True,tangshan_man2-tangshan_edge2,1.0236426157556198,1.0,,GA
1010.0,35328.0,qhd_man1,52,True,qhd_man1-qhd_edge1,1.0148683219710544,1.0,,GA
1011.0,62211.0,xingtai_man1,57,True,xingtai_man1-xingtai_edge2,11.015268211339334,1.0,,GA
1012.0,27356.0,hengshui_man1,68,True,hengshui_man1-hengshui_edge1,1.0274713743635115,1.0,,GA
1013.0,53312.0,tangshan_man2,51,True,tangshan_man2-tangshan_edge2,1.0143302885062464,1.0,,GA
1014.0,29252.0,tianjin_man2,19,True,tianjin_man2-tianjin_edge3,6.041961119558358,1.0,,GA
1015.0,29433.0,beijing_man1,9,True,beijing_man1-beijing_edge3,6.032527056073079,1.0,,GA
1016.0,87138.0,baoding_man1,58,True,baoding_man1-baoding_edge1,1.0158644984721712,1.0,,GA
1017.0,49786.0,baoding_man1,58,True,baoding_man1-baoding_edge1,1.01439511347258,1.0,,GA
1018.0,13801.0,baoding_man2,59,True,baoding_man2-baoding_edge2,1.0246980730705273,1.0,,GA
1019.0,56903.0,tangshan_man2,51,True,tangshan_man2-tangshan_edge2,1.0135332991312092,1.0,,GA
1020.0,70726.0,shijiangzhuang_man1,48,True,shijiangzhuang_man1-shijiangzhuang_edge1,1.0153891800661285,1.0,,GA
1021.0,22051.0,shijiangzhuang_man1,49,True,shijiangzhuang_man1-shijiangzhuang_edge2,11.040765554519663,1.0,,GA
1022.0,50696.0,langfang_man1,66,True,langfang_man1-langfang_edge1,1.0138476965095478,1.0,,GA
1023.0,69710.0,tianjin_man2,18,True,tianjin_man2-tianjin_edge2,1.0140934812650653,1.0,,GA
1024.0,30832.0,zhangjiako_man1,60,True,zhangjiako_man1-zhangjiako_edge1,1.017401676325116,1.0,,GA
1025.0,15466.0,zhangjiako_man1,60,True,zhangjiako_man1-zhangjiako_edge1,1.033094746636239,1.0,,GA
1026.0,32824.0,cangzhou_man1,64,True,cangzhou_man1-cangzhou_edge1,1.0168280840769373,1.0,,GA
1027.0,73325.0,tangshan_man2,51,True,tangshan_man2-tangshan_edge2,1.015553766915242,1.0,,GA
1028.0,74283.0,tianjin_man2,18,True,tianjin_man2-tianjin_edge2,1.0158435496125306,1.0,,GA
1029.0,93150.0,beijing_man2,8,True,beijing_man2-beijing_edge2,1.0167536889851894,1.0,,GA
1030.0,51619.0,shijiangzhuang_man1,48,True,shijiangzhuang_man1-shijiangzhuang_edge1,1.014168665386275,1.0,,GA
1031.0,38738.0,handan_man1,54,True,handan_man1-handan_edge1,1.0142212670916686,1.0,,GA
1032.0,20255.0,beijing_man2,6,True,beijing_man2-beijing_core2-beijing_cloud2,11.03428347217796,1.0,,GA
1033.0,95993.0,beijing_man1,7,True,beijing_man1-beijing_edge1,1.0156967207747545,1.0,,GA
1034.0,49820.0,tangshan_man2,51,True,tangshan_man2-tangshan_edge2,1.0142900567024113,1.0,,GA
1035.0,47274.0,handan_man2,55,True,handan_man2-handan_edge2,1.0143679243791013,1.0,,GA
1036.0,943.0,qhd_man1,52,True,qhd_man1-qhd_edge1,1.0250035185199955,1.0,,GA
1037.0,53703.0,cangzhou_man1,64,True,cangzhou_man1-cangzhou_edge1,1.0140021367180414,1.0,,GA
1038.0,53503.0,baoding_man1,58,True,baoding_man1-baoding_edge1,1.0135472561359182,1.0,,GA
1039.0,12804.0,cangzhou_man1,64,True,cangzhou_man1-cangzhou_edge1,1.0285852543490428,1.0,,GA
1040.0,35245.0,tianjin_man2,18,True,tianjin_man2-tianjin_edge2,1.016755100295531,1.0,,GA
1041.0,32629.0,cangzhou_man1,64,True,cangzhou_man1-cangzhou_edge1,1.0152725359470582,1.0,,GA
1042.0,95171.0,beijing_man1,7,True,beijing_man1-beijing_edge1,1.0169225906796076,1.0,,GA
1043.0,108.0,hengshui_man2,69,True,hengshui_man2-hengshui_edge2,1.0361277279193255,1.0,,GA
1044.0,24176.0,zhangjiako_man1,60,True,zhangjiako_man1-zhangjiako_edge1,1.028453532981687,1.0,,GA
1045.0,33559.0,handan_man2,55,True,handan_man2-handan_edge2,1.017462221275505,1.0,,GA
1046.0,86810.0,cangzhou_man2,65,True,cangzhou_man2-cangzhou_edge2,1.0170798351524075,1.0,,GA
1047.0,17036.0,handan_man1,54,True,handan_man1-handan_edge1,1.02923459868045,1.0,,GA
1048.0,7571.0,tangshan_man1,50,True,tangshan_man1-tangshan_edge1,1.0244553777878669,1.0,,GA
1049.0,16158.0,cangzhou_man1,64,True,cangzhou_man1-cangzhou_edge1,1.029133543523793,1.0,,GA
1050.0,89268.0,tianjin_man2,18,True,tianjin_man2-tianjin_edge2,1.0172360969380363,1.0,,GA
1051.0,55079.0,langfang_man1,66,True,langfang_man1-langfang_edge1,1.0137420085486586,1.0,,GA
1052.0,79079.0,shijiangzhuang_man1,48,True,shijiangzhuang_man1-shijiangzhuang_edge1,1.014067691466865,1.0,,GA
1053.0,44632.0,xingtai_man1,56,True,xingtai_man1-xingtai_edge1,1.0140272895682951,1.0,,GA
1054.0,86136.0,tianjin_man2,18,True,tianjin_man2-tianjin_edge2,1.0157262465996004,1.0,,GA
1055.0,66177.0,baoding_man1,58,True,baoding_man1-baoding_edge1,1.0137210736997861,1.0,,GA
1056.0,47078.0,xingtai_man1,56,True,xingtai_man1-xingtai_edge1,1.0136983677465492,1.0,,GA
1057.0,1197.0,beijing_man1,5,True,beijing_man1-beijing_core1-beijing_cloud1,11.023137751914577,1.0,,GA
1058.0,96218.0,langfang_man2,67,True,langfang_man2-langfang_edge2,1.0153347425781478,1.0,,GA
1059.0,79403.0,tianjin_man2,18,True,tianjin_man2-tianjin_edge2,1.0143911474061242,1.0,,GA
1060.0,12405.0,shijiangzhuang_man1,48,True,shijiangzhuang_man1-shijiangzhuang_edge1,1.0232838808816334,1.0,,GA
1061.0,52978.0,shijiangzhuang_man1,48,True,shijiangzhuang_man1-shijiangzhuang_edge1,1.014194595272966,1.0,,GA
1062.0,96673.0,beijing_man2,10,True,beijing_man2-beijing_edge4,6.0153326252294645,1.0,,GA
1063.0,11852.0,zhangjiako_man1,60,True,zhangjiako_man1-zhangjiako_edge1,1.0297744735186052,1.0,,GA
1064.0,968.0,handan_man2,55,True,handan_man2-handan_edge2,1.032730717395465,1.0,,GA
1065.0,70164.0,beijing_man1,7,True,beijing_man1-beijing_edge1,1.0145047670996497,1.0,,GA
1066.0,43054.0,handan_man1,54,True,handan_man1-handan_edge1,1.0144928246141198,1.0,,GA
1067.0,2269.0,qhd_man1,52,True,qhd_man1-qhd_edge1,1.0237300906048536,1.0,,GA
1068.0,48354.0,handan_man1,54,True,handan_man1-handan_edge1,1.0139859345453432,1.0,,GA
1069.0,22754.0,hengshui_man1,68,True,hengshui_man1-hengshui_edge1,1.0405584647315778,1.0,,GA
1070.0,90614.0,tianjin_man2,18,True,tianjin_man2-tianjin_edge2,1.0163975017260811,1.0,,GA
1071.0,24013.0,tianjin_man2,17,True,tianjin_man2-tianjin_edge1,6.031614452952429,1.0,,GA
1072.0,60456.0,handan_man1,54,True,handan_man1-handan_edge1,1.016491519838003,1.0,,GA
1073.0,47445.0,baoding_man1,58,True,baoding_man1-baoding_edge1,1.0143987721634962,1.0,,GA
1074.0,22302.0,qhd_man2,53,True,qhd_man2-qhd_edge2,1.0319437291345295,1.0,,GA
1075.0,49698.0,cangzhou_man1,64,True,cangzhou_man1-cangzhou_edge1,1.01374329332379,1.0,,GA
1076.0,58078.0,xingtai_man1,56,True,xingtai_man1-xingtai_edge1,1.0144478745045347,1.0,,GA
1077.0,28630.0,hengshui_man2,69,True,hengshui_man2-hengshui_edge2,1.0358539335599637,1.0,,GA
1078.0,90850.0,langfang_man1,66,True,langfang_man1-langfang_edge1,1.0137950311124617,1.0,,GA
1079.0,4995.0,shijiangzhuang_man1,24,True,shijiangzhuang_man1-shijiangzhuang_core-shijiangzhuang_cloud,11.035363086025932,1.0,,GA
1080.0,76922.0,beijing_man2,8,True,beijing_man2-beijing_edge2,1.0140809417519905,1.0,,GA
1081.0,9007.0,langfang_man1,66,True,langfang_man1-langfang_edge1,1.031689643772731,1.0,,GA
1082.0,32480.0,handan_man1,54,True,handan_man1-handan_edge1,1.0139564428302186,1.0,,GA
1083.0,99289.0,beijing_man2,8,True,beijing_man2-beijing_edge2,1.0152940164605082,1.0,,GA
1084.0,20226.0,langfang_man1,66,True,langfang_man1-langfang_edge1,1.0414415431003972,1.0,,GA
1085.0,84177.0,shijiangzhuang_man1,48,True,shijiangzhuang_man1-shijiangzhuang_edge1,1.0163299764768714,1.0,,GA
1086.0,99219.0,baoding_man2,59,True,baoding_man2-baoding_edge2,1.0159493801395911,1.0,,GA
1087.0,49774.0,shijiangzhuang_man1,48,True,shijiangzhuang_man1-shijiangzhuang_edge1,1.0135976394107944,1.0,,GA
1088.0,53311.0,shijiangzhuang_man1,48,True,shijiangzhuang_man1-shijiangzhuang_edge1,1.0142525343540014,1.0,,GA
1089.0,22136.0,chengde_man1,62,True,chengde_man1-chengde_edge1,1.0414011992143528,1.0,,GA
1090.0,5256.0,hengshui_man2,69,True,hengshui_man2-hengshui_edge2,1.0417438313495375,1.0,,GA
1091.0,29743.0,cangzhou_man1,64,True,cangzhou_man1-cangzhou_edge1,1.0394512929185922,1.0,,GA
1092.0,32393.0,chengde_man1,62,True,chengde_man1-chengde_edge1,1.0159755212229191,1.0,,GA
1093.0,38010.0,langfang_man1,66,True,langfang_man1-langfang_edge1,1.0144514687768182,1.0,,GA
1094.0,72571.0,baoding_man2,59,True,baoding_man2-baoding_edge2,1.014684633741602,1.0,,GA
1095.0,24300.0,shijiangzhuang_man1,48,True,shijiangzhuang_man1-shijiangzhuang_edge1,1.0316454223957197,1.0,,GA
1096.0,50956.0,baoding_man1,58,True,baoding_man1-baoding_edge1,1.0138512743097734,1.0,,GA
1097.0,23420.0,qhd_man1,52,True,qhd_man1-qhd_edge1,1.0374060925759832,1.0,,GA
1098.0,18624.0,baoding_man1,58,True,baoding_man1-baoding_edge1,1.027296567865747,1.0,,GA
1099.0,69445.0,shijiangzhuang_man1,48,True,shijiangzhuang_man1-shijiangzhuang_edge1,1.0150700663986956,1.0,,GA
1100.0,58132.0,xingtai_man1,56,True,xingtai_man1-xingtai_edge1,1.013570313163668,1.0,,GA
1101.0,83352.0,tianjin_man2,18,True,tianjin_man2-tianjin_edge2,1.0168997936139488,1.0,,GA
1102.0,49805.0,langfang_man1,66,True,langfang_man1-langfang_edge1,1.0143425485231408,1.0,,GA
1103.0,89808.0,tianjin_man2,18,True,tianjin_man2-tianjin_edge2,1.0171023744719536,1.0,,GA
1104.0,38730.0,langfang_man1,66,True,langfang_man1-langfang_edge1,1.0145392038474252,1.0,,GA
1105.0,21296.0,tianjin_man2,16,True,tianjin_man2-tianjin_core2-tianjin_cloud2,11.032710236853141,1.0,,GA
1106.0,35340.0,handan_man1,54,True,handan_man1-handan_edge1,1.0144611556128806,1.0,,GA
1107.0,11026.0,tianjin_man2,15,True,tianjin_man2-tianjin_core1-tianjin_cloud1,11.035192376608771,1.0,,GA
1108.0,32110.0,xingtai_man1,56,True,xingtai_man1-xingtai_edge1,1.0144115634778825,1.0,,GA
1109.0,17615.0,xingtai_man1,56,True,xingtai_man1-xingtai_edge1,1.023824642564171,1.0,,GA
1110.0,41949.0,beijing_man2,8,True,beijing_man2-beijing_edge2,1.0135524294013993,1.0,,GA
1111.0,33423.0,xingtai_man1,56,True,xingtai_man1-xingtai_edge1,1.014945128535125,1.0,,GA
1112.0,22362.0,tianjin_man2,20,True,tianjin_man2-tianjin_edge4,6.0230034992931385,1.0,,GA
1113.0,70301.0,handan_man1,54,True,handan_man1-handan_edge1,1.0135004238071346,1.0,,GA
1114.0,22401.0,tianjin_man2,19,True,tianjin_man2-tianjin_edge3,6.02559550159458,1.0,,GA
1115.0,40858.0,cangzhou_man1,64,True,cangzhou_man1-cangzhou_edge1,1.0135684393010367,1.0,,GA
1116.0,64615.0,tianjin_man1,17,True,tianjin_man1-tianjin_edge1,1.0160291688931125,1.0,,GA
1117.0,8885.0,handan_man1,54,True,handan_man1-handan_edge1,1.0321908340158972,1.0,,GA
1118.0,32052.0,qhd_man2,53,True,qhd_man2-qhd_edge2,1.0143108156400449,1.0,,GA
1119.0,24202.0,zhangjiako_man1,39,True,zhangjiako_man1-zhangjiako_cloud,11.03826563315284,1.0,,GA
1120.0,69033.0,baoding_man1,58,True,baoding_man1-baoding_edge1,1.0161643072232278,1.0,,GA
1121.0,72748.0,shijiangzhuang_man1,48,True,shijiangzhuang_man1-shijiangzhuang_edge1,1.0143466695552115,1.0,,GA
1122.0,32210.0,zhangjiako_man1,60,True,zhangjiako_man1-zhangjiako_edge1,1.013825982176041,1.0,,GA
1123.0,95301.0,beijing_man1,7,True,beijing_man1-beijing_edge1,1.0163108414848798,1.0,,GA
1124.0,84631.0,beijing_man1,7,True,beijing_man1-beijing_edge1,1.014369808499354,1.0,,GA
1125.0,33385.0,beijing_man1,7,True,beijing_man1-beijing_edge1,1.0154901355985915,1.0,,GA
1126.0,32197.0,zhangjiako_man1,60,True,zhangjiako_man1-zhangjiako_edge1,1.0159172578716642,1.0,,GA
1127.0,19599.0,cangzhou_man2,65,True,cangzhou_man2-cangzhou_edge2,1.03324102802574,1.0,,GA
1128.0,64078.0,shijiangzhuang_man1,48,True,shijiangzhuang_man1-shijiangzhuang_edge1,1.0153868598294113,1.0,,GA
1129.0,40538.0,langfang_man1,66,True,langfang_man1-langfang_edge1,1.0138730889220229,1.0,,GA
1130.0,3522.0,cangzhou_man1,64,True,cangzhou_man1-cangzhou_edge1,1.0290697637449564,1.0,,GA
1131.0,91241.0,beijing_man2,8,True,beijing_man2-beijing_edge2,1.0146707758062183,1.0,,GA
1132.0,73861.0,baoding_man2,59,True,baoding_man2-baoding_edge2,1.0151912584403435,1.0,,GA
1133.0,36610.0,tianjin_man2,18,True,tianjin_man2-tianjin_edge2,1.0162037744078658,1.0,,GA
1134.0,38336.0,xingtai_man1,56,True,xingtai_man1-xingtai_edge1,1.0137203180492766,1.0,,GA
1135.0,46867.0,cangzhou_man1,64,True,cangzhou_man1-cangzhou_edge1,1.0141678408292158,1.0,,GA
1136.0,57926.0,beijing_man2,8,True,beijing_man2-beijing_edge2,1.0143853418052242,1.0,,GA
1137.0,13.0,xingtai_man1,56,True,xingtai_man1-xingtai_edge1,1.0294929151276284,1.0,,GA
1138.0,71802.0,handan_man1,54,True,handan_man1-handan_edge1,1.0155852333018842,1.0,,GA
1139.0,54538.0,baoding_man1,58,True,baoding_man1-baoding_edge1,1.0135659653995104,1.0,,GA
1140.0,85762.0,baoding_man1,58,True,baoding_man1-baoding_edge1,1.014898780265936,1.0,,GA
1141.0,14397.0,handan_man1,54,True,handan_man1-handan_edge1,1.0402721518245066,1.0,,GA
1142.0,71355.0,tianjin_man2,18,True,tianjin_man2-tianjin_edge2,1.0157874845147656,1.0,,GA
1143.0,27387.0,zhangjiako_man1,60,True,zhangjiako_man1-zhangjiako_edge1,1.0403672690832781,1.0,,GA
1144.0,40705.0,xingtai_man1,56,True,xingtai_man1-xingtai_edge1,1.0140621282247801,1.0,,GA
1145.0,49575.0,tianjin_man2,20,True,tianjin_man2-tianjin_edge4,6.01382275536868,1.0,,GA
1146.0,83266.0,baoding_man2,59,True,baoding_man2-baoding_edge2,1.016946442293637,1.0,,GA
1147.0,13035.0,zhangjiako_man1,60,True,zhangjiako_man1-zhangjiako_edge1,1.0383926838910573,1.0,,GA
1148.0,12332.0,baoding_man1,58,True,baoding_man1-baoding_edge1,1.0307949895288202,1.0,,GA
1149.0,54903.0,tianjin_man2,18,True,tianjin_man2-tianjin_edge2,1.0136510629624669,1.0,,GA
1150.0,15928.0,shijiangzhuang_man1,49,True,shijiangzhuang_man1-shijiangzhuang_edge2,11.03627344752433,1.0,,GA
1151.0,28755.0,cangzhou_man1,64,True,cangzhou_man1-cangzhou_edge1,1.0366849242250973,1.0,,GA
1152.0,26638.0,beijing_man2,9,True,beijing_man2-beijing_edge3,6.029821864185399,1.0,,GA
1153.0,30085.0,shijiangzhuang_man1,48,True,shijiangzhuang_man1-shijiangzhuang_edge1,1.016185743761714,1.0,,GA
1154.0,74998.0,tianjin_man2,19,True,tianjin_man2-tianjin_edge3,6.016179214666369,1.0,,GA
1155.0,47238.0,xingtai_man1,56,True,xingtai_man1-xingtai_edge1,1.0143297659566097,1.0,,GA
1156.0,11302.0,tangshan_man2,51,True,tangshan_man2-tangshan_edge2,1.0273645322539031,1.0,,GA
1157.0,83673.0,shijiangzhuang_man1,48,True,shijiangzhuang_man1-shijiangzhuang_edge1,1.0162897586410649,1.0,,GA
1158.0,19704.0,zhangjiako_man1,60,True,zhangjiako_man1-zhangjiako_edge1,1.0356030250757047,1.0,,GA
1159.0,6135.0,cangzhou_man1,64,True,cangzhou_man1-cangzhou_edge1,1.0281455691697141,1.0,,GA
1160.0,58291.0,cangzhou_man2,65,True,cangzhou_man2-cangzhou_edge2,1.0140610658536473,1.0,,GA
1161.0,9038.0,shijiangzhuang_man1,24,True,shijiangzhuang_man1-shijiangzhuang_core-shijiangzhuang_cloud,11.032465301176174,1.0,,GA
1162.0,55036.0,xingtai_man1,56,True,xingtai_man1-xingtai_edge1,1.0139287817941194,1.0,,GA
1163.0,93485.0,beijing_man2,8,True,beijing_man2-beijing_edge2,1.0148736715089846,1.0,,GA
1164.0,54615.0,tianjin_man2,18,True,tianjin_man2-tianjin_edge2,1.0142226600826925,1.0,,GA
1165.0,30698.0,tangshan_man2,51,True,tangshan_man2-tangshan_edge2,1.0153935728511356,1.0,,GA
1166.0,95636.0,beijing_man2,8,True,beijing_man2-beijing_edge2,1.0138460978893824,1.0,,GA
1167.0,30181.0,baoding_man2,59,True,baoding_man2-baoding_edge2,1.0135665782866867,1.0,,GA
1168.0,29444.0,cangzhou_man1,64,True,cangzhou_man1-cangzhou_edge1,1.0393778727049747,1.0,,GA
1169.0,53132.0,tangshan_man2,51,True,tangshan_man2-tangshan_edge2,1.0137723242507966,1.0,,GA
1170.0,99767.0,langfang_man1,66,True,langfang_man1-langfang_edge1,1.0139559419040196,1.0,,GA
1171.0,43127.0,tianjin_man2,18,True,tianjin_man2-tianjin_edge2,1.0139121517531502,1.0,,GA
1172.0,2490.0,qhd_man2,53,True,qhd_man2-qhd_edge2,1.0269761084917872,1.0,,GA
1173.0,75884.0,shijiangzhuang_man1,48,True,shijiangzhuang_man1-shijiangzhuang_edge1,1.0147188202052755,1.0,,GA
1174.0,46126.0,langfang_man1,66,True,langfang_man1-langfang_edge1,1.0141567688989177,1.0,,GA
1175.0,53987.0,tangshan_man1,50,True,tangshan_man1-tangshan_edge1,1.0139292744546728,1.0,,GA
1176.0,78256.0,cangzhou_man2,65,True,cangzhou_man2-cangzhou_edge2,1.017334482593199,1.0,,GA
1177.0,17820.0,chengde_man1,62,True,chengde_man1-chengde_edge1,1.0393561066986798,1.0,,GA
1178.0,93761.0,beijing_man1,10,True,beijing_man1-beijing_edge4,6.0161339797178774,1.0,,GA
1179.0,51943.0,shijiangzhuang_man1,24,True,shijiangzhuang_man1-shijiangzhuang_core-shijiangzhuang_cloud,11.014225002954783,1.0,,GA
1180.0,58336.0,baoding_man1,58,True,baoding_man1-baoding_edge1,1.014427154516961,1.0,,GA
1181.0,5824.0,xingtai_man1,56,True,xingtai_man1-xingtai_edge1,1.0264007038488514,1.0,,GA
1182.0,57854.0,beijing_man1,9,True,beijing_man1-beijing_edge3,6.014023275076312,1.0,,GA
1183.0,7583.0,hengshui_man1,68,True,hengshui_man1-hengshui_edge1,1.0410614431288583,1.0,,GA
1184.0,75047.0,beijing_man2,8,True,beijing_man2-beijing_edge2,1.0168227320681804,1.0,,GA
1185.0,34037.0,shijiangzhuang_man1,48,True,shijiangzhuang_man1-shijiangzhuang_edge1,1.0137870465092036,1.0,,GA
1186.0,69309.0,cangzhou_man1,64,True,cangzhou_man1-cangzhou_edge1,1.0160927610573784,1.0,,GA
1187.0,91513.0,beijing_man1,7,True,beijing_man1-beijing_edge1,1.0144723178532375,1.0,,GA
1188.0,52456.0,shijiangzhuang_man1,48,True,shijiangzhuang_man1-shijiangzhuang_edge1,1.0143359129763225,1.0,,GA
1189.0,48870.0,cangzhou_man1,64,True,cangzhou_man1-cangzhou_edge1,1.013621848596178,1.0,,GA
1190.0,18093.0,chengde_man1,62,True,chengde_man1-chengde_edge1,1.0349387653939948,1.0,,GA
1191.0,72304.0,shijiangzhuang_man1,48,True,shijiangzhuang_man1-shijiangzhuang_edge1,1.0154876128224242,1.0,,GA
1192.0,41344.0,beijing_man1,7,True,beijing_man1-beijing_edge1,1.0143375849195053,1.0,,GA
1193.0,32732.0,langfang_man1,66,True,langfang_man1-langfang_edge1,1.0160909128875033,1.0,,GA
1194.0,54463.0,shijiangzhuang_man1,48,True,shijiangzhuang_man1-shijiangzhuang_edge1,1.0141997231211801,1.0,,GA
1246.0,94969.0,beijing_man2,8,True,beijing_man2-beijing_edge2,1.0164059956999862,1.0,,GA
1195.0,68862.0,shijiangzhuang_man1,48,True,shijiangzhuang_man1-shijiangzhuang_edge1,1.0157599516157125,1.0,,GA
1196.0,4692.0,cangzhou_man1,64,True,cangzhou_man1-cangzhou_edge1,1.0407059564860421,1.0,,GA
1197.0,70354.0,tianjin_man2,18,True,tianjin_man2-tianjin_edge2,1.0138707235168227,1.0,,GA
1198.0,32715.0,qhd_man2,53,True,qhd_man2-qhd_edge2,1.0167734696884794,1.0,,GA
1199.0,43982.0,cangzhou_man1,64,True,cangzhou_man1-cangzhou_edge1,1.014197073643959,1.0,,GA
1200.0,87956.0,tianjin_man2,18,True,tianjin_man2-tianjin_edge2,1.015354435712197,1.0,,GA
1201.0,49292.0,langfang_man1,66,True,langfang_man1-langfang_edge1,1.0141547107074207,1.0,,GA
1202.0,11559.0,tianjin_man2,17,True,tianjin_man2-tianjin_edge1,6.032617863742657,1.0,,GA
1203.0,95416.0,beijing_man1,6,True,beijing_man1-beijing_core2-beijing_cloud2,11.015207906814473,1.0,,GA
1204.0,61989.0,tianjin_man2,18,True,tianjin_man2-tianjin_edge2,1.013556703658026,1.0,,GA
1205.0,74161.0,baoding_man2,59,True,baoding_man2-baoding_edge2,1.0138389310675389,1.0,,GA
1206.0,14891.0,handan_man1,54,True,handan_man1-handan_edge1,1.025809433308884,1.0,,GA
1207.0,51851.0,beijing_man1,7,True,beijing_man1-beijing_edge1,1.0136773018157297,1.0,,GA
1208.0,95053.0,beijing_man2,8,True,beijing_man2-beijing_edge2,1.0158400401861303,1.0,,GA
1209.0,60894.0,shijiangzhuang_man1,48,True,shijiangzhuang_man1-shijiangzhuang_edge1,1.0163257226628128,1.0,,GA
1210.0,3876.0,tianjin_man2,16,True,tianjin_man2-tianjin_core2-tianjin_cloud2,11.02620076083603,1.0,,GA
1211.0,57498.0,handan_man1,54,True,handan_man1-handan_edge1,1.0140136791680971,1.0,,GA
1212.0,20113.0,tianjin_man2,15,True,tianjin_man2-tianjin_core1-tianjin_cloud1,11.042350929811455,1.0,,GA
1213.0,9377.0,hengshui_man1,68,True,hengshui_man1-hengshui_edge1,1.0231037499698135,1.0,,GA
1214.0,66757.0,tianjin_man2,20,True,tianjin_man2-tianjin_edge4,6.016888598890083,1.0,,GA
1215.0,93084.0,beijing_man1,7,True,beijing_man1-beijing_edge1,1.0152479249608188,1.0,,GA
1216.0,69339.0,tianjin_man2,18,True,tianjin_man2-tianjin_edge2,1.0146843197644808,1.0,,GA
1217.0,50681.0,beijing_man1,7,True,beijing_man1-beijing_edge1,1.0137919349895304,1.0,,GA
1218.0,37813.0,tangshan_man1,50,True,tangshan_man1-tangshan_edge1,1.0149794822342337,1.0,,GA
1219.0,17863.0,beijing_man1,5,True,beijing_man1-beijing_core1-beijing_cloud1,11.029117808248055,1.0,,GA
1220.0,87786.0,baoding_man2,59,True,baoding_man2-baoding_edge2,1.016619626495914,1.0,,GA
1221.0,6377.0,qhd_man1,52,True,qhd_man1-qhd_edge1,1.0330947883361372,1.0,,GA
1222.0,64648.0,handan_man1,54,True,handan_man1-handan_edge1,1.0143972622514787,1.0,,GA
1223.0,14224.0,tianjin_man2,19,True,tianjin_man2-tianjin_edge3,6.0267919096465175,1.0,,GA
1224.0,46939.0,beijing_man1,7,True,beijing_man1-beijing_edge1,1.0138492803581798,1.0,,GA
1225.0,39905.0,shijiangzhuang_man1,48,True,shijiangzhuang_man1-shijiangzhuang_edge1,1.0156733084957383,1.0,,GA
1226.0,24734.0,baoding_man2,59,True,baoding_man2-baoding_edge2,1.039412441700643,1.0,,GA
1227.0,96356.0,beijing_man2,8,True,beijing_man2-beijing_edge2,1.0160542522919676,1.0,,GA
1228.0,60213.0,tianjin_man2,18,True,tianjin_man2-tianjin_edge2,1.013942498389819,1.0,,GA
1229.0,8185.0,cangzhou_man2,65,True,cangzhou_man2-cangzhou_edge2,1.0316330351377203,1.0,,GA
1230.0,74918.0,tianjin_man2,18,True,tianjin_man2-tianjin_edge2,1.0172291415776655,1.0,,GA
1231.0,77687.0,beijing_man1,7,True,beijing_man1-beijing_edge1,1.0156216775559723,1.0,,GA
1232.0,81195.0,beijing_man1,7,True,beijing_man1-beijing_edge1,1.016627492183007,1.0,,GA
1233.0,39552.0,tianjin_man2,18,True,tianjin_man2-tianjin_edge2,1.0162630855898158,1.0,,GA
1234.0,28628.0,tianjin_man2,17,True,tianjin_man2-tianjin_edge1,6.034111776873233,1.0,,GA
1235.0,74142.0,beijing_man2,8,True,beijing_man2-beijing_edge2,1.0144272714597284,1.0,,GA
1236.0,84014.0,cangzhou_man2,65,True,cangzhou_man2-cangzhou_edge2,1.0158145117376336,1.0,,GA
1237.0,944.0,baoding_man1,36,True,baoding_man1-baoding_cloud,11.0347831772372,1.0,,GA
1238.0,48417.0,handan_man2,55,True,handan_man2-handan_edge2,1.014309192366335,1.0,,GA
1239.0,74820.0,handan_man1,54,True,handan_man1-handan_edge1,1.0145001136094696,1.0,,GA
1240.0,92239.0,beijing_man2,8,True,beijing_man2-beijing_edge2,1.013783315141437,1.0,,GA
1241.0,10788.0,langfang_man1,66,True,langfang_man1-langfang_edge1,1.0245441036905885,1.0,,GA
1242.0,97920.0,langfang_man2,67,True,langfang_man2-langfang_edge2,1.0173032086958895,1.0,,GA
1243.0,39508.0,tianjin_man2,18,True,tianjin_man2-tianjin_edge2,1.0147347110702343,1.0,,GA
1244.0,98978.0,langfang_man1,66,True,langfang_man1-langfang_edge1,1.0158386864960343,1.0,,GA
1245.0,71962.0,shijiangzhuang_man1,48,True,shijiangzhuang_man1-shijiangzhuang_edge1,1.0150419739456031,1.0,,GA
1247.0,90006.0,tianjin_man2,18,True,tianjin_man2-tianjin_edge2,1.016842854963095,1.0,,GA
1248.0,49184.0,langfang_man1,66,True,langfang_man1-langfang_edge1,1.0135961144373542,1.0,,GA
1249.0,75261.0,baoding_man1,58,True,baoding_man1-baoding_edge1,1.0139984733144563,1.0,,GA
1250.0,79249.0,shijiangzhuang_man1,48,True,shijiangzhuang_man1-shijiangzhuang_edge1,1.0148690614040832,1.0,,GA
1251.0,15855.0,cangzhou_man2,65,True,cangzhou_man2-cangzhou_edge2,1.0377952916582125,1.0,,GA
1252.0,38841.0,beijing_man2,8,True,beijing_man2-beijing_edge2,1.017234212226002,1.0,,GA
1253.0,35865.0,langfang_man1,66,True,langfang_man1-langfang_edge1,1.0159437718277418,1.0,,GA
1254.0,26140.0,chengde_man2,63,True,chengde_man2-chengde_edge2,1.0341806825980981,1.0,,GA
1255.0,80053.0,tianjin_man2,16,True,tianjin_man2-tianjin_core2-tianjin_cloud2,11.016188853211274,1.0,,GA
1256.0,97088.0,beijing_man1,10,True,beijing_man1-beijing_edge4,6.017132914518628,1.0,,GA
1257.0,5564.0,xingtai_man1,56,True,xingtai_man1-xingtai_edge1,1.0347147839782687,1.0,,GA
1258.0,2287.0,cangzhou_man1,64,True,cangzhou_man1-cangzhou_edge1,1.0389556217009543,1.0,,GA
1259.0,9130.0,hengshui_man1,68,True,hengshui_man1-hengshui_edge1,1.0260582366482696,1.0,,GA
1260.0,61309.0,tianjin_man2,18,True,tianjin_man2-tianjin_edge2,1.0140021496894422,1.0,,GA
1261.0,92332.0,tianjin_man2,20,True,tianjin_man2-tianjin_edge4,6.017023575266433,1.0,,GA
1262.0,97434.0,langfang_man1,66,True,langfang_man1-langfang_edge1,1.0168878719619245,1.0,,GA
1263.0,38630.0,handan_man1,54,True,handan_man1-handan_edge1,1.0174364513465142,1.0,,GA
1264.0,82966.0,baoding_man1,58,True,baoding_man1-baoding_edge1,1.0168131842477768,1.0,,GA
1265.0,64249.0,baoding_man2,59,True,baoding_man2-baoding_edge2,1.0163080812586556,1.0,,GA
1266.0,64084.0,beijing_man2,8,True,beijing_man2-beijing_edge2,1.0159754631921676,1.0,,GA
1267.0,58728.0,handan_man1,54,True,handan_man1-handan_edge1,1.0136812339556054,1.0,,GA
1268.0,91946.0,tianjin_man2,18,True,tianjin_man2-tianjin_edge2,1.015956720716191,1.0,,GA
1269.0,93963.0,beijing_man1,7,True,beijing_man1-beijing_edge1,1.014961500784255,1.0,,GA
1270.0,78133.0,tianjin_man2,19,True,tianjin_man2-tianjin_edge3,6.017294200836496,1.0,,GA
1271.0,79377.0,beijing_man1,7,True,beijing_man1-beijing_edge1,1.0144544034208387,1.0,,GA
1272.0,94338.0,beijing_man2,8,True,beijing_man2-beijing_edge2,1.0151797248972947,1.0,,GA
1273.0,28497.0,beijing_man1,9,True,beijing_man1-beijing_edge3,6.033352834142168,1.0,,GA
1274.0,94580.0,beijing_man2,8,True,beijing_man2-beijing_edge2,1.0158201293427627,1.0,,GA
1275.0,90359.0,beijing_man1,7,True,beijing_man1-beijing_edge1,1.0142547519155538,1.0,,GA
1276.0,94530.0,beijing_man2,8,True,beijing_man2-beijing_edge2,1.0173319007071135,1.0,,GA
1277.0,20184.0,baoding_man1,58,True,baoding_man1-baoding_edge1,1.0237396338093603,1.0,,GA
1278.0,70029.0,baoding_man2,59,True,baoding_man2-baoding_edge2,1.016622358026,1.0,,GA
1279.0,76326.0,baoding_man1,58,True,baoding_man1-baoding_edge1,1.0171397407957372,1.0,,GA
1280.0,44072.0,beijing_man1,7,True,beijing_man1-beijing_edge1,1.0142947652388805,1.0,,GA
1281.0,30260.0,zhangjiako_man1,60,True,zhangjiako_man1-zhangjiako_edge1,1.0144810706367684,1.0,,GA
1282.0,31856.0,handan_man1,54,True,handan_man1-handan_edge1,1.0150730819874394,1.0,,GA
1283.0,40779.0,zhangjiako_man1,60,True,zhangjiako_man1-zhangjiako_edge1,1.013883567674973,1.0,,GA
1284.0,67447.0,tangshan_man1,50,True,tangshan_man1-tangshan_edge1,1.0148343320252848,1.0,,GA
1285.0,59567.0,tangshan_man1,50,True,tangshan_man1-tangshan_edge1,1.0139244936262946,1.0,,GA
1286.0,82500.0,tianjin_man2,17,True,tianjin_man2-tianjin_edge1,6.017145738404781,1.0,,GA
1287.0,36162.0,zhangjiako_man2,61,True,zhangjiako_man2-zhangjiako_edge2,1.0135180787313685,1.0,,GA
1288.0,21470.0,qhd_man1,52,True,qhd_man1-qhd_edge1,1.0238558798303838,1.0,,GA
1289.0,63806.0,shijiangzhuang_man1,48,True,shijiangzhuang_man1-shijiangzhuang_edge1,1.0141948729611296,1.0,,GA
1290.0,12219.0,cangzhou_man1,64,True,cangzhou_man1-cangzhou_edge1,1.023991070005574,1.0,,GA
1291.0,32049.0,hengshui_man2,69,True,hengshui_man2-hengshui_edge2,1.0148914706735954,1.0,,GA
1292.0,95194.0,beijing_man2,10,True,beijing_man2-beijing_edge4,6.0162135110243975,1.0,,GA
1293.0,49622.0,tangshan_man1,50,True,tangshan_man1-tangshan_edge1,1.0136827857716104,1.0,,GA
1294.0,15561.0,xingtai_man1,56,True,xingtai_man1-xingtai_edge1,1.034569657923936,1.0,,GA
1295.0,70217.0,handan_man1,54,True,handan_man1-handan_edge1,1.0151586380919093,1.0,,GA
1296.0,51442.0,baoding_man1,58,True,baoding_man1-baoding_edge1,1.0144250827088286,1.0,,GA
1297.0,62070.0,shijiangzhuang_man1,48,True,shijiangzhuang_man1-shijiangzhuang_edge1,1.0171767734675659,1.0,,GA
1298.0,6541.0,tianjin_man2,15,True,tianjin_man2-tianjin_core1-tianjin_cloud1,11.029387839601762,1.0,,GA
1299.0,84133.0,shijiangzhuang_man2,49,True,shijiangzhuang_man2-shijiangzhuang_edge2,1.0171787242921553,1.0,,GA
1300.0,64927.0,tangshan_man1,50,True,tangshan_man1-tangshan_edge1,1.0141598756841639,1.0,,GA
1301.0,56519.0,langfang_man1,66,True,langfang_man1-langfang_edge1,1.0136207771228538,1.0,,GA
1302.0,28123.0,hengshui_man1,68,True,hengshui_man1-hengshui_edge1,1.0284196395565974,1.0,,GA
1303.0,57609.0,cangzhou_man1,64,True,cangzhou_man1-cangzhou_edge1,1.014488243399688,1.0,,GA
1304.0,79024.0,shijiangzhuang_man1,48,True,shijiangzhuang_man1-shijiangzhuang_edge1,1.0163399271346958,1.0,,GA
1305.0,65251.0,handan_man1,54,True,handan_man1-handan_edge1,1.0156804341655186,1.0,,GA
1306.0,14594.0,baoding_man1,58,True,baoding_man1-baoding_edge1,1.0247591147116855,1.0,,GA
1307.0,45453.0,baoding_man1,58,True,baoding_man1-baoding_edge1,1.013673576719089,1.0,,GA
1308.0,73192.0,shijiangzhuang_man1,49,True,shijiangzhuang_man1-shijiangzhuang_edge2,11.017420398319949,1.0,,GA
1309.0,85771.0,beijing_man1,7,True,beijing_man1-beijing_edge1,1.0149212253097728,1.0,,GA
1310.0,99023.0,beijing_man2,9,True,beijing_man2-beijing_edge3,6.017304444937487,1.0,,GA
1311.0,95511.0,beijing_man2,8,True,beijing_man2-beijing_edge2,1.016330814581544,1.0,,GA
1312.0,43560.0,handan_man1,54,True,handan_man1-handan_edge1,1.0135604260400262,1.0,,GA
1313.0,59742.0,shijiangzhuang_man1,48,True,shijiangzhuang_man1-shijiangzhuang_edge1,1.013589076106523,1.0,,GA
1314.0,49452.0,handan_man1,54,True,handan_man1-handan_edge1,1.0137093924968061,1.0,,GA
1315.0,6688.0,handan_man1,54,True,handan_man1-handan_edge1,1.026862729114559,1.0,,GA
1316.0,63062.0,shijiangzhuang_man1,48,True,shijiangzhuang_man1-shijiangzhuang_edge1,1.0168755986599232,1.0,,GA
1317.0,7016.0,zhangjiako_man1,60,True,zhangjiako_man1-zhangjiako_edge1,1.039085501627724,1.0,,GA
1318.0,36212.0,qhd_man2,53,True,qhd_man2-qhd_edge2,1.0146834990236888,1.0,,GA
1319.0,80838.0,baoding_man2,59,True,baoding_man2-baoding_edge2,1.0162052485771587,1.0,,GA
1320.0,87765.0,shijiangzhuang_man1,48,True,shijiangzhuang_man1-shijiangzhuang_edge1,1.0144767575217373,1.0,,GA
1321.0,8753.0,hengshui_man1,68,True,hengshui_man1-hengshui_edge1,1.0386664097715965,1.0,,GA
1322.0,87003.0,beijing_man1,7,True,beijing_man1-beijing_edge1,1.0143724022586225,1.0,,GA
1323.0,95695.0,beijing_man1,7,True,beijing_man1-beijing_edge1,1.014767608797346,1.0,,GA
1324.0,51173.0,langfang_man1,66,True,langfang_man1-langfang_edge1,1.0135428012159677,1.0,,GA
1325.0,94707.0,beijing_man1,7,True,beijing_man1-beijing_edge1,1.0143220197910343,1.0,,GA
1326.0,1972.0,zhangjiako_man1,60,True,zhangjiako_man1-zhangjiako_edge1,1.0393311610931817,1.0,,GA
1327.0,32290.0,langfang_man1,66,True,langfang_man1-langfang_edge1,1.014065870731515,1.0,,GA
1328.0,78169.0,shijiangzhuang_man1,48,True,shijiangzhuang_man1-shijiangzhuang_edge1,1.014861517569999,1.0,,GA
1329.0,38188.0,zhangjiako_man2,61,True,zhangjiako_man2-zhangjiako_edge2,1.0172308701767867,1.0,,GA
1330.0,80344.0,tianjin_man2,18,True,tianjin_man2-tianjin_edge2,1.0153797755645655,1.0,,GA
1331.0,75056.0,baoding_man1,58,True,baoding_man1-baoding_edge1,1.016641873630049,1.0,,GA
1332.0,48496.0,shijiangzhuang_man1,48,True,shijiangzhuang_man1-shijiangzhuang_edge1,1.0140345495111664,1.0,,GA
1333.0,30310.0,qhd_man1,52,True,qhd_man1-qhd_edge1,1.0156579048459278,1.0,,GA
1334.0,77060.0,handan_man1,54,True,handan_man1-handan_edge1,1.0169345348280054,1.0,,GA
1335.0,854.0,zhangjiako_man1,60,True,zhangjiako_man1-zhangjiako_edge1,1.0355551477749536,1.0,,GA
1336.0,80011.0,baoding_man2,59,True,baoding_man2-baoding_edge2,1.016061921337096,1.0,,GA
1337.0,10859.0,hengshui_man1,68,True,hengshui_man1-hengshui_edge1,1.0382493287552943,1.0,,GA
1338.0,59375.0,tangshan_man1,50,True,tangshan_man1-tangshan_edge1,1.0144786454484267,1.0,,GA
1339.0,84526.0,cangzhou_man2,65,True,cangzhou_man2-cangzhou_edge2,1.0167450269964944,1.0,,GA
1340.0,20658.0,beijing_man2,6,True,beijing_man2-beijing_core2-beijing_cloud2,11.023157129544835,1.0,,GA
1341.0,13276.0,shijiangzhuang_man1,24,True,shijiangzhuang_man1-shijiangzhuang_core-shijiangzhuang_cloud,11.023021044318947,1.0,,GA
1342.0,79557.0,beijing_man2,8,True,beijing_man2-beijing_edge2,1.0139930517113687,1.0,,GA
1343.0,19390.0,qhd_man1,52,True,qhd_man1-qhd_edge1,1.0232606217728677,1.0,,GA
1344.0,8135.0,chengde_man1,62,True,chengde_man1-chengde_edge1,1.0269873511671948,1.0,,GA
1345.0,98036.0,baoding_man2,59,True,baoding_man2-baoding_edge2,1.0170880676033736,1.0,,GA
1346.0,66121.0,baoding_man1,58,True,baoding_man1-baoding_edge1,1.0172262936629997,1.0,,GA
1347.0,63117.0,tianjin_man2,18,True,tianjin_man2-tianjin_edge2,1.0136975395231285,1.0,,GA
1348.0,31115.0,handan_man1,54,True,handan_man1-handan_edge1,1.016974782287175,1.0,,GA
1349.0,19629.0,cangzhou_man1,64,True,cangzhou_man1-cangzhou_edge1,1.0231085991408937,1.0,,GA
1350.0,86651.0,beijing_man1,7,True,beijing_man1-beijing_edge1,1.0159813576102055,1.0,,GA
1351.0,28833.0,cangzhou_man1,64,True,cangzhou_man1-cangzhou_edge1,1.0281256466117346,1.0,,GA
1352.0,99353.0,beijing_man2,8,True,beijing_man2-beijing_edge2,1.01642594588203,1.0,,GA
1353.0,8741.0,tangshan_man2,51,True,tangshan_man2-tangshan_edge2,1.0370430848799355,1.0,,GA
1354.0,7408.0,langfang_man1,66,True,langfang_man1-langfang_edge1,1.0369387039194151,1.0,,GA
1355.0,59500.0,beijing_man2,8,True,beijing_man2-beijing_edge2,1.0140075846362147,1.0,,GA
1356.0,35237.0,qhd_man1,52,True,qhd_man1-qhd_edge1,1.0156503129602263,1.0,,GA
1357.0,88826.0,tianjin_man2,18,True,tianjin_man2-tianjin_edge2,1.0170876831564453,1.0,,GA
1358.0,73113.0,tianjin_man2,18,True,tianjin_man2-tianjin_edge2,1.01644554422755,1.0,,GA
1359.0,93775.0,beijing_man2,8,True,beijing_man2-beijing_edge2,1.0174385626520333,1.0,,GA
1360.0,12372.0,zhangjiako_man1,60,True,zhangjiako_man1-zhangjiako_edge1,1.022794060410695,1.0,,GA
1361.0,78459.0,shijiangzhuang_man1,48,True,shijiangzhuang_man1-shijiangzhuang_edge1,1.0169011630646028,1.0,,GA
1362.0,75054.0,shijiangzhuang_man1,48,True,shijiangzhuang_man1-shijiangzhuang_edge1,1.0150010101648457,1.0,,GA
1363.0,28020.0,tangshan_man1,50,True,tangshan_man1-tangshan_edge1,1.0350559455705408,1.0,,GA
1364.0,36224.0,handan_man1,54,True,handan_man1-handan_edge1,1.0151099700529265,1.0,,GA
1365.0,11867.0,langfang_man1,66,True,langfang_man1-langfang_edge1,1.0260956577646134,1.0,,GA
1366.0,50666.0,tangshan_man2,51,True,tangshan_man2-tangshan_edge2,1.013693340400791,1.0,,GA
1367.0,89453.0,beijing_man1,7,True,beijing_man1-beijing_edge1,1.0152238390687522,1.0,,GA
1368.0,365.0,beijing_man1,5,True,beijing_man1-beijing_core1-beijing_cloud1,11.042165184470141,1.0,,GA
1369.0,81778.0,cangzhou_man2,65,True,cangzhou_man2-cangzhou_edge2,1.015874833141268,1.0,,GA
1370.0,66331.0,xingtai_man1,56,True,xingtai_man1-xingtai_edge1,1.0171645870170583,1.0,,GA
1371.0,80966.0,baoding_man2,59,True,baoding_man2-baoding_edge2,1.0136300642203124,1.0,,GA
1372.0,24052.0,tianjin_man2,20,True,tianjin_man2-tianjin_edge4,6.031127869521816,1.0,,GA
1373.0,40109.0,langfang_man1,66,True,langfang_man1-langfang_edge1,1.0142142459255592,1.0,,GA
1374.0,70322.0,handan_man1,54,True,handan_man1-handan_edge1,1.0151367083125402,1.0,,GA
1375.0,70812.0,handan_man1,54,True,handan_man1-handan_edge1,1.0167204810969577,1.0,,GA
1376.0,82647.0,beijing_man1,7,True,beijing_man1-beijing_edge1,1.0163967366814777,1.0,,GA
1377.0,31879.0,shijiangzhuang_man1,48,True,shijiangzhuang_man1-shijiangzhuang_edge1,1.0141172748041838,1.0,,GA
1378.0,97196.0,baoding_man2,59,True,baoding_man2-baoding_edge2,1.0167012055737799,1.0,,GA
1379.0,32863.0,cangzhou_man1,64,True,cangzhou_man1-cangzhou_edge1,1.0162882530380486,1.0,,GA
1380.0,17252.0,beijing_man1,10,True,beijing_man1-beijing_edge4,6.040053614080058,1.0,,GA
1381.0,51043.0,shijiangzhuang_man1,48,True,shijiangzhuang_man1-shijiangzhuang_edge1,1.0144343967797929,1.0,,GA
1382.0,99365.0,langfang_man1,66,True,langfang_man1-langfang_edge1,1.0174186714759836,1.0,,GA
1383.0,85703.0,beijing_man1,7,True,beijing_man1-beijing_edge1,1.015598523669619,1.0,,GA
1384.0,41290.0,tianjin_man2,19,True,tianjin_man2-tianjin_edge3,6.0139081753196,1.0,,GA
1385.0,52486.0,baoding_man1,58,True,baoding_man1-baoding_edge1,1.013763481644914,1.0,,GA
1386.0,54337.0,shijiangzhuang_man1,48,True,shijiangzhuang_man1-shijiangzhuang_edge1,1.0136486437804217,1.0,,GA
1387.0,13685.0,zhangjiako_man1,39,True,zhangjiako_man1-zhangjiako_cloud,11.038917515648091,1.0,,GA
1388.0,62080.0,handan_man1,54,True,handan_man1-handan_edge1,1.0137627622987422,1.0,,GA
1389.0,97918.0,beijing_man2,8,True,beijing_man2-beijing_edge2,1.0150937923034156,1.0,,GA
1390.0,77089.0,shijiangzhuang_man1,48,True,shijiangzhuang_man1-shijiangzhuang_edge1,1.0173530006297593,1.0,,GA
1391.0,75842.0,beijing_man2,8,True,beijing_man2-beijing_edge2,1.0143506012392205,1.0,,GA
1392.0,70402.0,beijing_man1,7,True,beijing_man1-beijing_edge1,1.016991629629891,1.0,,GA
1393.0,56703.0,tianjin_man2,18,True,tianjin_man2-tianjin_edge2,1.014265406568414,1.0,,GA
1394.0,89156.0,tianjin_man2,18,True,tianjin_man2-tianjin_edge2,1.0172036940660867,1.0,,GA
1395.0,72979.0,baoding_man2,59,True,baoding_man2-baoding_edge2,1.0171551701859385,1.0,,GA
1396.0,86212.0,tianjin_man2,18,True,tianjin_man2-tianjin_edge2,1.0141844493775083,1.0,,GA
1397.0,32822.0,tangshan_man1,50,True,tangshan_man1-tangshan_edge1,1.0135209730948822,1.0,,GA
1398.0,90990.0,tianjin_man2,18,True,tianjin_man2-tianjin_edge2,1.0142016054402145,1.0,,GA
1399.0,78722.0,beijing_man2,8,True,beijing_man2-beijing_edge2,1.017162765961854,1.0,,GA
1400.0,16059.0,hengshui_man2,69,True,hengshui_man2-hengshui_edge2,1.0401494650221808,1.0,,GA
1401.0,61970.0,cangzhou_man1,64,True,cangzhou_man1-cangzhou_edge1,1.0168647681493221,1.0,,GA
1402.0,23630.0,zhangjiako_man1,60,True,zhangjiako_man1-zhangjiako_edge1,1.038295796297014,1.0,,GA
1403.0,11803.0,cangzhou_man1,64,True,cangzhou_man1-cangzhou_edge1,1.0265012650902245,1.0,,GA
1404.0,48371.0,tangshan_man2,51,True,tangshan_man2-tangshan_edge2,1.0135503194337403,1.0,,GA
1405.0,61748.0,beijing_man1,7,True,beijing_man1-beijing_edge1,1.0157109076696795,1.0,,GA
1406.0,84700.0,tianjin_man2,18,True,tianjin_man2-tianjin_edge2,1.0159294037988884,1.0,,GA
1407.0,74828.0,tianjin_man2,16,True,tianjin_man2-tianjin_core2-tianjin_cloud2,11.015751390482986,1.0,,GA
1408.0,4369.0,beijing_man1,9,True,beijing_man1-beijing_edge3,6.0421241245945625,1.0,,GA
1409.0,652.0,tianjin_man2,20,True,tianjin_man2-tianjin_edge4,6.02347279208743,1.0,,GA
1410.0,65024.0,handan_man1,54,True,handan_man1-handan_edge1,1.0159133343605875,1.0,,GA
1411.0,20085.0,xingtai_man1,56,True,xingtai_man1-xingtai_edge1,1.0397241550181193,1.0,,GA
1412.0,34620.0,beijing_man2,8,True,beijing_man2-beijing_edge2,1.0157256502404939,1.0,,GA
1413.0,39419.0,beijing_man1,7,True,beijing_man1-beijing_edge1,1.016572334452716,1.0,,GA
1414.0,74574.0,shijiangzhuang_man1,48,True,shijiangzhuang_man1-shijiangzhuang_edge1,1.0148204429325833,1.0,,GA
1415.0,82148.0,tianjin_man2,19,True,tianjin_man2-tianjin_edge3,6.016228535441038,1.0,,GA
1416.0,23462.0,chengde_man1,62,True,chengde_man1-chengde_edge1,1.0368814109125946,1.0,,GA
1417.0,59318.0,shijiangzhuang_man1,48,True,shijiangzhuang_man1-shijiangzhuang_edge1,1.0136009235970875,1.0,,GA
1418.0,479.0,langfang_man1,66,True,langfang_man1-langfang_edge1,1.0289384611982189,1.0,,GA
1419.0,78880.0,handan_man2,55,True,handan_man2-handan_edge2,1.0150693100475208,1.0,,GA
1420.0,72182.0,beijing_man2,8,True,beijing_man2-beijing_edge2,1.0161982412960306,1.0,,GA
1421.0,58832.0,handan_man1,54,True,handan_man1-handan_edge1,1.0135639766970774,1.0,,GA
1422.0,79149.0,shijiangzhuang_man1,48,True,shijiangzhuang_man1-shijiangzhuang_edge1,1.01676369396437,1.0,,GA
1423.0,86723.0,beijing_man1,7,True,beijing_man1-beijing_edge1,1.0142229833536136,1.0,,GA
1424.0,65929.0,cangzhou_man2,65,True,cangzhou_man2-cangzhou_edge2,1.016193355464077,1.0,,GA
1425.0,8236.0,qhd_man2,53,True,qhd_man2-qhd_edge2,1.0227983171899246,1.0,,GA
1426.0,47681.0,langfang_man1,66,True,langfang_man1-langfang_edge1,1.0138461750190315,1.0,,GA
1427.0,98937.0,beijing_man2,8,True,beijing_man2-beijing_edge2,1.01683032715073,1.0,,GA
1428.0,86179.0,beijing_man1,6,True,beijing_man1-beijing_core2-beijing_cloud2,11.016172231131286,1.0,,GA
1429.0,83514.0,cangzhou_man2,65,True,cangzhou_man2-cangzhou_edge2,1.0159190963260845,1.0,,GA
1430.0,4027.0,chengde_man1,62,True,chengde_man1-chengde_edge1,1.0348217266266166,1.0,,GA
1431.0,86499.0,beijing_man2,8,True,beijing_man2-beijing_edge2,1.0136010993187379,1.0,,GA
1432.0,26957.0,baoding_man2,59,True,baoding_man2-baoding_edge2,1.0388784535181461,1.0,,GA
1433.0,51868.0,xingtai_man1,56,True,xingtai_man1-xingtai_edge1,1.013702844244633,1.0,,GA
1434.0,36461.0,zhangjiako_man1,60,True,zhangjiako_man1-zhangjiako_edge1,1.013906985748162,1.0,,GA
1435.0,58401.0,cangzhou_man1,64,True,cangzhou_man1-cangzhou_edge1,1.0138345403925157,1.0,,GA
1436.0,64489.0,cangzhou_man2,65,True,cangzhou_man2-cangzhou_edge2,1.0156073013513573,1.0,,GA
1437.0,48513.0,tianjin_man2,18,True,tianjin_man2-tianjin_edge2,1.0136949077529938,1.0,,GA
1438.0,80456.0,tianjin_man2,18,True,tianjin_man2-tianjin_edge2,1.0135266809695451,1.0,,GA
1439.0,28351.0,langfang_man1,66,True,langfang_man1-langfang_edge1,1.0277920271440633,1.0,,GA
1440.0,65375.0,tangshan_man1,50,True,tangshan_man1-tangshan_edge1,1.0166065846872865,1.0,,GA
1441.0,68607.0,tianjin_man1,17,True,tianjin_man1-tianjin_edge1,1.0169967002559916,1.0,,GA
1442.0,19948.0,handan_man1,54,True,handan_man1-handan_edge1,1.0248035178577275,1.0,,GA
1443.0,16538.0,tianjin_man2,15,True,tianjin_man2-tianjin_core1-tianjin_cloud1,11.038762819982994,1.0,,GA
1444.0,81983.0,beijing_man1,7,True,beijing_man1-beijing_edge1,1.0153794712185578,1.0,,GA
1445.0,75102.0,beijing_man1,10,True,beijing_man1-beijing_edge4,6.017070137753697,1.0,,GA
1446.0,74077.0,beijing_man1,9,True,beijing_man1-beijing_edge3,6.01554762029079,1.0,,GA
1447.0,97605.0,langfang_man2,67,True,langfang_man2-langfang_edge2,1.0169853870354377,1.0,,GA
1448.0,77664.0,shijiangzhuang_man1,48,True,shijiangzhuang_man1-shijiangzhuang_edge1,1.0145309110649536,1.0,,GA
1449.0,41355.0,beijing_man1,7,True,beijing_man1-beijing_edge1,1.0140637748647752,1.0,,GA
1450.0,47624.0,tangshan_man2,51,True,tangshan_man2-tangshan_edge2,1.0137576796941257,1.0,,GA
1451.0,35398.0,cangzhou_man1,64,True,cangzhou_man1-cangzhou_edge1,1.0156754765137557,1.0,,GA
1452.0,5859.0,zhangjiako_man1,60,True,zhangjiako_man1-zhangjiako_edge1,1.022685103974003,1.0,,GA
1453.0,76363.0,tianjin_man2,17,True,tianjin_man2-tianjin_edge1,6.017367841128847,1.0,,GA
1454.0,29398.0,tangshan_man1,50,True,tangshan_man1-tangshan_edge1,1.0392491892430558,1.0,,GA
1455.0,97906.0,langfang_man1,66,True,langfang_man1-langfang_edge1,1.017451508825201,1.0,,GA
1456.0,67059.0,xingtai_man1,56,True,xingtai_man1-xingtai_edge1,1.0138717185648674,1.0,,GA
1457.0,49319.0,langfang_man1,66,True,langfang_man1-langfang_edge1,1.0142502993529612,1.0,,GA
1458.0,88245.0,baoding_man2,59,True,baoding_man2-baoding_edge2,1.0145930501406637,1.0,,GA
1459.0,40946.0,cangzhou_man1,64,True,cangzhou_man1-cangzhou_edge1,1.0142960912450947,1.0,,GA
1460.0,55245.0,tianjin_man2,18,True,tianjin_man2-tianjin_edge2,1.013634342061423,1.0,,GA
1461.0,35655.0,zhangjiako_man2,61,True,zhangjiako_man2-zhangjiako_edge2,1.0156872892841236,1.0,,GA
1462.0,77857.0,beijing_man1,7,True,beijing_man1-beijing_edge1,1.0162361817888013,1.0,,GA
1463.0,62950.0,shijiangzhuang_man1,48,True,shijiangzhuang_man1-shijiangzhuang_edge1,1.0172752879266669,1.0,,GA
1464.0,61162.0,cangzhou_man1,64,True,cangzhou_man1-cangzhou_edge1,1.014807567437745,1.0,,GA
1465.0,79954.0,shijiangzhuang_man1,48,True,shijiangzhuang_man1-shijiangzhuang_edge1,1.015080464668433,1.0,,GA
1466.0,513.0,handan_man1,54,True,handan_man1-handan_edge1,1.0305670269939322,1.0,,GA
1467.0,93151.0,beijing_man2,8,True,beijing_man2-beijing_edge2,1.016424294164619,1.0,,GA
1468.0,87056.0,tianjin_man2,18,True,tianjin_man2-tianjin_edge2,1.0168974746695298,1.0,,GA
1469.0,68852.0,beijing_man1,7,True,beijing_man1-beijing_edge1,1.0153173689839956,1.0,,GA
1470.0,45658.0,shijiangzhuang_man1,48,True,shijiangzhuang_man1-shijiangzhuang_edge1,1.0137842666929855,1.0,,GA
1471.0,65312.0,handan_man1,54,True,handan_man1-handan_edge1,1.014307778350136,1.0,,GA
1472.0,52201.0,xingtai_man1,56,True,xingtai_man1-xingtai_edge1,1.01409377319954,1.0,,GA
1473.0,60220.0,beijing_man2,8,True,beijing_man2-beijing_edge2,1.0149729310748974,1.0,,GA
1474.0,14852.0,handan_man1,54,True,handan_man1-handan_edge1,1.0333897070998677,1.0,,GA
1475.0,36179.0,xingtai_man1,56,True,xingtai_man1-xingtai_edge1,1.014413445075137,1.0,,GA
1476.0,47702.0,beijing_man2,8,True,beijing_man2-beijing_edge2,1.0135557006053333,1.0,,GA
1477.0,19748.0,beijing_man2,5,True,beijing_man2-beijing_core1-beijing_cloud1,11.03579622602571,1.0,,GA
1478.0,76730.0,handan_man1,54,True,handan_man1-handan_edge1,1.0157782262094175,1.0,,GA
1479.0,72296.0,beijing_man1,7,True,beijing_man1-beijing_edge1,1.0170704098784096,1.0,,GA
1480.0,32940.0,langfang_man1,66,True,langfang_man1-langfang_edge1,1.0149737312195433,1.0,,GA
1481.0,30686.0,handan_man1,54,True,handan_man1-handan_edge1,1.016013125869437,1.0,,GA
1482.0,12492.0,cangzhou_man1,64,True,cangzhou_man1-cangzhou_edge1,1.0320857887128976,1.0,,GA
1483.0,68979.0,xingtai_man1,56,True,xingtai_man1-xingtai_edge1,1.0165621601550316,1.0,,GA
1484.0,1052.0,cangzhou_man1,64,True,cangzhou_man1-cangzhou_edge1,1.04247303695548,1.0,,GA
1485.0,30841.0,tangshan_man2,51,True,tangshan_man2-tangshan_edge2,1.0157882898173518,1.0,,GA
1486.0,90450.0,tianjin_man2,18,True,tianjin_man2-tianjin_edge2,1.013795964134788,1.0,,GA
1487.0,99265.0,baoding_man2,59,True,baoding_man2-baoding_edge2,1.0172343697734505,1.0,,GA
1488.0,68012.0,beijing_man1,7,True,beijing_man1-beijing_edge1,1.0165426473855645,1.0,,GA
1489.0,52699.0,shijiangzhuang_man1,48,True,shijiangzhuang_man1-shijiangzhuang_edge1,1.0140547486932712,1.0,,GA
1490.0,27593.0,qhd_man1,52,True,qhd_man1-qhd_edge1,1.0314819147352552,1.0,,GA
1491.0,38995.0,cangzhou_man1,64,True,cangzhou_man1-cangzhou_edge1,1.0135750616837094,1.0,,GA
1492.0,70173.0,shijiangzhuang_man1,48,True,shijiangzhuang_man1-shijiangzhuang_edge1,1.015809656379376,1.0,,GA
1493.0,16764.0,qhd_man1,52,True,qhd_man1-qhd_edge1,1.022971859562803,1.0,,GA
1494.0,36276.0,handan_man2,55,True,handan_man2-handan_edge2,1.017473901787927,1.0,,GA
1495.0,8535.0,qhd_man2,53,True,qhd_man2-qhd_edge2,1.0307301079336466,1.0,,GA
1496.0,92571.0,beijing_man1,7,True,beijing_man1-beijing_edge1,1.0144022980105323,1.0,,GA
1497.0,2548.0,xingtai_man1,57,True,xingtai_man1-xingtai_edge2,11.041334705714743,1.0,,GA
1498.0,93653.0,beijing_man2,8,True,beijing_man2-beijing_edge2,1.0154377594146546,1.0,,GA
1499.0,88564.0,tianjin_man2,18,True,tianjin_man2-tianjin_edge2,1.016731165877288,1.0,,GA
1500.0,92815.0,beijing_man2,8,True,beijing_man2-beijing_edge2,1.014533228701145,1.0,,GA
1501.0,66116.0,beijing_man1,7,True,beijing_man1-beijing_edge1,1.0171875242037103,1.0,,GA
1502.0,71116.0,beijing_man2,8,True,beijing_man2-beijing_edge2,1.0174988259940592,1.0,,GA
1503.0,79275.0,xingtai_man1,56,True,xingtai_man1-xingtai_edge1,1.0158951927627613,1.0,,GA
1504.0,59925.0,tianjin_man2,18,True,tianjin_man2-tianjin_edge2,1.0144218054701473,1.0,,GA
1505.0,30634.0,handan_man1,54,True,handan_man1-handan_edge1,1.0164131269209153,1.0,,GA
1506.0,14336.0,chengde_man1,62,True,chengde_man1-chengde_edge1,1.0397811421015681,1.0,,GA
1507.0,81290.0,baoding_man1,58,True,baoding_man1-baoding_edge1,1.0138823885124197,1.0,,GA
1508.0,54435.0,tianjin_man2,18,True,tianjin_man2-tianjin_edge2,1.0139114624533452,1.0,,GA
1509.0,16875.0,beijing_man2,10,True,beijing_man2-beijing_edge4,6.031073422283908,1.0,,GA
1510.0,35232.0,tianjin_man2,20,True,tianjin_man2-tianjin_edge4,6.015953749289415,1.0,,GA
1511.0,14970.0,qhd_man1,52,True,qhd_man1-qhd_edge1,1.0238393207215324,1.0,,GA
1512.0,75139.0,shijiangzhuang_man1,48,True,shijiangzhuang_man1-shijiangzhuang_edge1,1.013505688948598,1.0,,GA
1513.0,94355.0,beijing_man2,8,True,beijing_man2-beijing_edge2,1.0169188661075441,1.0,,GA
1514.0,86547.0,beijing_man1,9,True,beijing_man1-beijing_edge3,6.017308709980078,1.0,,GA
1515.0,9178.0,xingtai_man1,56,True,xingtai_man1-xingtai_edge1,1.0313577297353103,1.0,,GA
1516.0,12791.0,cangzhou_man1,64,True,cangzhou_man1-cangzhou_edge1,1.0246399011322966,1.0,,GA
1517.0,42060.0,tianjin_man2,18,True,tianjin_man2-tianjin_edge2,1.0135939611710651,1.0,,GA
1518.0,56711.0,beijing_man1,7,True,beijing_man1-beijing_edge1,1.014368103390577,1.0,,GA
1519.0,86472.0,tianjin_man2,18,True,tianjin_man2-tianjin_edge2,1.0144828463996274,1.0,,GA
1520.0,34532.0,hengshui_man1,68,True,hengshui_man1-hengshui_edge1,1.0153367778192675,1.0,,GA
1521.0,85131.0,beijing_man1,7,True,beijing_man1-beijing_edge1,1.0136189458053158,1.0,,GA
1522.0,97236.0,langfang_man2,67,True,langfang_man2-langfang_edge2,1.0161625228659577,1.0,,GA
1523.0,98992.0,beijing_man1,7,True,beijing_man1-beijing_edge1,1.0174388978094338,1.0,,GA
1524.0,90981.0,beijing_man2,8,True,beijing_man2-beijing_edge2,1.0147059437432038,1.0,,GA
1525.0,76453.0,tianjin_man2,18,True,tianjin_man2-tianjin_edge2,1.015338850473313,1.0,,GA
1526.0,74076.0,baoding_man2,59,True,baoding_man2-baoding_edge2,1.0172808453023103,1.0,,GA
1527.0,13460.0,tangshan_man2,51,True,tangshan_man2-tangshan_edge2,1.0344070791658777,1.0,,GA
1528.0,71644.0,shijiangzhuang_man1,48,True,shijiangzhuang_man1-shijiangzhuang_edge1,1.0138596556176032,1.0,,GA
1529.0,5280.0,tianjin_man2,19,True,tianjin_man2-tianjin_edge3,6.040577994877789,1.0,,GA
1530.0,78635.0,handan_man1,54,True,handan_man1-handan_edge1,1.0137446121483717,1.0,,GA
1531.0,57821.0,tangshan_man1,50,True,tangshan_man1-tangshan_edge1,1.013929017291795,1.0,,GA
1532.0,68972.0,beijing_man1,7,True,beijing_man1-beijing_edge1,1.0144659454685108,1.0,,GA
1533.0,22786.0,chengde_man1,62,True,chengde_man1-chengde_edge1,1.037278592493378,1.0,,GA
1534.0,28849.0,tianjin_man2,17,True,tianjin_man2-tianjin_edge1,6.035357218299918,1.0,,GA
1535.0,17423.0,shijiangzhuang_man1,49,True,shijiangzhuang_man1-shijiangzhuang_edge2,11.029362729306802,1.0,,GA
1536.0,74123.0,tianjin_man2,16,True,tianjin_man2-tianjin_core2-tianjin_cloud2,11.014668754106218,1.0,,GA
1537.0,89857.0,beijing_man1,7,True,beijing_man1-beijing_edge1,1.0155333511223485,1.0,,GA
1538.0,42034.0,langfang_man1,66,True,langfang_man1-langfang_edge1,1.0138370794051315,1.0,,GA
1539.0,75049.0,shijiangzhuang_man1,48,True,shijiangzhuang_man1-shijiangzhuang_edge1,1.0166881926970341,1.0,,GA
1540.0,16192.0,qhd_man2,53,True,qhd_man2-qhd_edge2,1.0294126391287133,1.0,,GA
1541.0,21666.0,baoding_man1,36,True,baoding_man1-baoding_cloud,11.041074545538471,1.0,,GA
1542.0,28695.0,hengshui_man1,68,True,hengshui_man1-hengshui_edge1,1.0319814531067555,1.0,,GA
1543.0,31581.0,hengshui_man2,69,True,hengshui_man2-hengshui_edge2,1.0145925742511464,1.0,,GA
1544.0,24954.0,qhd_man1,52,True,qhd_man1-qhd_edge1,1.032942782007609,1.0,,GA
1545.0,21328.0,cangzhou_man2,65,True,cangzhou_man2-cangzhou_edge2,1.0363058302067545,1.0,,GA
1546.0,86198.0,baoding_man2,59,True,baoding_man2-baoding_edge2,1.0154480034629447,1.0,,GA
1547.0,6109.0,cangzhou_man1,64,True,cangzhou_man1-cangzhou_edge1,1.029294085937571,1.0,,GA
1548.0,62373.0,tianjin_man2,18,True,tianjin_man2-tianjin_edge2,1.0151990797157417,1.0,,GA
1549.0,41094.0,hengshui_man2,69,True,hengshui_man2-hengshui_edge2,1.0138158947190619,1.0,,GA
1550.0,69564.0,shijiangzhuang_man1,48,True,shijiangzhuang_man1-shijiangzhuang_edge1,1.0151001757621705,1.0,,GA
1551.0,65407.0,tangshan_man1,50,True,tangshan_man1-tangshan_edge1,1.0150662690314236,1.0,,GA
1552.0,68743.0,tangshan_man2,51,True,tangshan_man2-tangshan_edge2,1.0164653520778908,1.0,,GA
1553.0,9589.0,cangzhou_man2,65,True,cangzhou_man2-cangzhou_edge2,1.0343464939039193,1.0,,GA
1554.0,43865.0,shijiangzhuang_man1,48,True,shijiangzhuang_man1-shijiangzhuang_edge1,1.0136731055498291,1.0,,GA
1555.0,13663.0,xingtai_man1,56,True,xingtai_man1-xingtai_edge1,1.0378450232969414,1.0,,GA
1556.0,91881.0,beijing_man2,8,True,beijing_man2-beijing_edge2,1.015419223549907,1.0,,GA
1557.0,58093.0,baoding_man1,58,True,baoding_man1-baoding_edge1,1.0136661086084704,1.0,,GA
1558.0,68064.0,handan_man1,54,True,handan_man1-handan_edge1,1.0173749830477747,1.0,,GA
1559.0,78255.0,handan_man2,55,True,handan_man2-handan_edge2,1.0153587329628195,1.0,,GA
1560.0,69225.0,cangzhou_man1,64,True,cangzhou_man1-cangzhou_edge1,1.0162381046504467,1.0,,GA
1561.0,35032.0,chengde_man2,63,True,chengde_man2-chengde_edge2,1.0138558871946362,1.0,,GA
1562.0,29624.0,chengde_man1,62,True,chengde_man1-chengde_edge1,1.037129509154544,1.0,,GA
1563.0,69730.0,beijing_man1,7,True,beijing_man1-beijing_edge1,1.0151765929118386,1.0,,GA
1564.0,74047.0,beijing_man2,8,True,beijing_man2-beijing_edge2,1.0155260867278995,1.0,,GA
1565.0,73443.0,tianjin_man2,15,True,tianjin_man2-tianjin_core1-tianjin_cloud1,11.016187577623219,1.0,,GA
1566.0,12788.0,zhangjiako_man1,60,True,zhangjiako_man1-zhangjiako_edge1,1.0324769109750545,1.0,,GA
1567.0,33245.0,hengshui_man2,69,True,hengshui_man2-hengshui_edge2,1.0142170412646163,1.0,,GA
1568.0,77788.0,tianjin_man2,18,True,tianjin_man2-tianjin_edge2,1.0167676600398436,1.0,,GA
1569.0,30298.0,baoding_man1,58,True,baoding_man1-baoding_edge1,1.0135213623401123,1.0,,GA
1570.0,46641.0,shijiangzhuang_man1,48,True,shijiangzhuang_man1-shijiangzhuang_edge1,1.0135473735708003,1.0,,GA
1571.0,67970.0,cangzhou_man1,64,True,cangzhou_man1-cangzhou_edge1,1.0158510791674469,1.0,,GA
1572.0,44318.0,tangshan_man2,51,True,tangshan_man2-tangshan_edge2,1.0141647006154804,1.0,,GA
1573.0,99825.0,beijing_man1,7,True,beijing_man1-beijing_edge1,1.0161544204083317,1.0,,GA
1574.0,63075.0,xingtai_man1,56,True,xingtai_man1-xingtai_edge1,1.0169328066058614,1.0,,GA
1575.0,29048.0,handan_man1,54,True,handan_man1-handan_edge1,1.0417680575565877,1.0,,GA
1576.0,84214.0,cangzhou_man2,65,True,cangzhou_man2-cangzhou_edge2,1.0164587484799472,1.0,,GA
1577.0,22107.0,qhd_man1,52,True,qhd_man1-qhd_edge1,1.0390916770418477,1.0,,GA
1578.0,68477.0,tianjin_man2,20,True,tianjin_man2-tianjin_edge4,6.015942448044049,1.0,,GA
1579.0,28573.0,cangzhou_man1,64,True,cangzhou_man1-cangzhou_edge1,1.0225809789474007,1.0,,GA
1580.0,74515.0,handan_man1,54,True,handan_man1-handan_edge1,1.0169070721775215,1.0,,GA
1581.0,94214.0,beijing_man2,8,True,beijing_man2-beijing_edge2,1.01498123327765,1.0,,GA
1582.0,52845.0,handan_man1,54,True,handan_man1-handan_edge1,1.013511234401372,1.0,,GA
1583.0,58637.0,tianjin_man2,19,True,tianjin_man2-tianjin_edge3,6.014149553659977,1.0,,GA
1584.0,60688.0,handan_man1,54,True,handan_man1-handan_edge1,1.0137224983338549,1.0,,GA
1585.0,7117.0,handan_man1,54,True,handan_man1-handan_edge1,1.03952090892652,1.0,,GA
1586.0,47307.0,cangzhou_man1,64,True,cangzhou_man1-cangzhou_edge1,1.0140935692152095,1.0,,GA
1587.0,52899.0,handan_man1,54,True,handan_man1-handan_edge1,1.0141196363044125,1.0,,GA
1588.0,66354.0,cangzhou_man1,64,True,cangzhou_man1-cangzhou_edge1,1.0172661697333631,1.0,,GA
1589.0,39713.0,langfang_man1,66,True,langfang_man1-langfang_edge1,1.014360917059117,1.0,,GA
1590.0,86585.0,shijiangzhuang_man1,48,True,shijiangzhuang_man1-shijiangzhuang_edge1,1.0143170979134204,1.0,,GA
1591.0,42115.0,tianjin_man2,18,True,tianjin_man2-tianjin_edge2,1.0143996861108628,1.0,,GA
1592.0,83616.0,tianjin_man2,17,True,tianjin_man2-tianjin_edge1,6.016147585690769,1.0,,GA
1593.0,44460.0,hengshui_man2,69,True,hengshui_man2-hengshui_edge2,1.0136961197094012,1.0,,GA
1594.0,93049.0,beijing_man2,8,True,beijing_man2-beijing_edge2,1.0157408994498514,1.0,,GA
1595.0,13264.0,hengshui_man2,69,True,hengshui_man2-hengshui_edge2,1.0371802116530136,1.0,,GA
1596.0,4216.0,hengshui_man2,69,True,hengshui_man2-hengshui_edge2,1.0332847179420492,1.0,,GA
1597.0,97876.0,langfang_man2,67,True,langfang_man2-langfang_edge2,1.0156169356636564,1.0,,GA
1598.0,40603.0,zhangjiako_man2,61,True,zhangjiako_man2-zhangjiako_edge2,1.0138859082045448,1.0,,GA
1599.0,14686.0,zhangjiako_man1,60,True,zhangjiako_man1-zhangjiako_edge1,1.04049977728016,1.0,,GA
1600.0,29745.0,beijing_man2,6,True,beijing_man2-beijing_core2-beijing_cloud2,11.02456363550823,1.0,,GA
1601.0,11496.0,hengshui_man2,69,True,hengshui_man2-hengshui_edge2,1.0247075369346141,1.0,,GA
1602.0,55008.0,cangzhou_man1,64,True,cangzhou_man1-cangzhou_edge1,1.0139721939348152,1.0,,GA
1603.0,36790.0,xingtai_man1,56,True,xingtai_man1-xingtai_edge1,1.017461311801834,1.0,,GA
1604.0,10697.0,langfang_man1,66,True,langfang_man1-langfang_edge1,1.0306840832564503,1.0,,GA
1605.0,17908.0,qhd_man1,52,True,qhd_man1-qhd_edge1,1.0407391414431908,1.0,,GA
1606.0,46819.0,beijing_man1,7,True,beijing_man1-beijing_edge1,1.0140227383939004,1.0,,GA
1607.0,33906.0,tianjin_man2,18,True,tianjin_man2-tianjin_edge2,1.0170622438215553,1.0,,GA
1608.0,20768.0,qhd_man1,52,True,qhd_man1-qhd_edge1,1.0260653731184197,1.0,,GA
1609.0,18918.0,shijiangzhuang_man1,24,True,shijiangzhuang_man1-shijiangzhuang_core-shijiangzhuang_cloud,11.036050262081378,1.0,,GA
1610.0,93491.0,beijing_man2,8,True,beijing_man2-beijing_edge2,1.0164180945463905,1.0,,GA
1611.0,33748.0,xingtai_man1,56,True,xingtai_man1-xingtai_edge1,1.0144804651776516,1.0,,GA
1612.0,52884.0,cangzhou_man1,64,True,cangzhou_man1-cangzhou_edge1,1.013894064313559,1.0,,GA
1613.0,26056.0,hengshui_man1,68,True,hengshui_man1-hengshui_edge1,1.035328919871761,1.0,,GA
1614.0,10031.0,baoding_man1,58,True,baoding_man1-baoding_edge1,1.0251466918908396,1.0,,GA
1615.0,66286.0,shijiangzhuang_man1,48,True,shijiangzhuang_man1-shijiangzhuang_edge1,1.0166116664885163,1.0,,GA
1616.0,29736.0,tangshan_man2,51,True,tangshan_man2-tangshan_edge2,1.0289012397848847,1.0,,GA
1617.0,20791.0,hengshui_man1,68,True,hengshui_man1-hengshui_edge1,1.0380238059691282,1.0,,GA
1618.0,63320.0,handan_man1,54,True,handan_man1-handan_edge1,1.0160029057172626,1.0,,GA
1619.0,4856.0,qhd_man1,52,True,qhd_man1-qhd_edge1,1.0361977548168408,1.0,,GA
1620.0,62034.0,cangzhou_man1,64,True,cangzhou_man1-cangzhou_edge1,1.0165740239118177,1.0,,GA
1621.0,58793.0,baoding_man1,36,True,baoding_man1-baoding_cloud,11.014461419679693,1.0,,GA
1622.0,10624.0,shijiangzhuang_man1,48,True,shijiangzhuang_man1-shijiangzhuang_edge1,1.0330286160504263,1.0,,GA
1623.0,99250.0,beijing_man1,7,True,beijing_man1-beijing_edge1,1.0135588332991479,1.0,,GA
1624.0,11859.0,shijiangzhuang_man1,48,True,shijiangzhuang_man1-shijiangzhuang_edge1,1.0227062529751352,1.0,,GA
1625.0,45244.0,cangzhou_man2,65,True,cangzhou_man2-cangzhou_edge2,1.0142444885647677,1.0,,GA
1626.0,65394.0,cangzhou_man1,64,True,cangzhou_man1-cangzhou_edge1,1.0164745537117341,1.0,,GA
1627.0,27821.0,beijing_man1,5,True,beijing_man1-beijing_core1-beijing_cloud1,11.032846403554414,1.0,,GA
1628.0,90570.0,tianjin_man2,18,True,tianjin_man2-tianjin_edge2,1.0165408937749854,1.0,,GA
1629.0,69100.0,beijing_man2,8,True,beijing_man2-beijing_edge2,1.014056967773362,1.0,,GA
1630.0,50654.0,beijing_man1,7,True,beijing_man1-beijing_edge1,1.013579134938638,1.0,,GA
1631.0,74904.0,shijiangzhuang_man1,48,True,shijiangzhuang_man1-shijiangzhuang_edge1,1.014621730566086,1.0,,GA
1632.0,66273.0,baoding_man1,58,True,baoding_man1-baoding_edge1,1.0142718494404954,1.0,,GA
1633.0,8922.0,hengshui_man1,68,True,hengshui_man1-hengshui_edge1,1.0279033234996686,1.0,,GA
1634.0,45894.0,beijing_man2,8,True,beijing_man2-beijing_edge2,1.0139255625700518,1.0,,GA
1635.0,53791.0,baoding_man1,58,True,baoding_man1-baoding_edge1,1.013649749672372,1.0,,GA
1636.0,97193.0,langfang_man1,66,True,langfang_man1-langfang_edge1,1.0153150429939068,1.0,,GA
1637.0,70394.0,cangzhou_man1,64,True,cangzhou_man1-cangzhou_edge1,1.0144791049755744,1.0,,GA
1638.0,50010.0,handan_man1,54,True,handan_man1-handan_edge1,1.0137448134558857,1.0,,GA
1639.0,14817.0,chengde_man1,62,True,chengde_man1-chengde_edge1,1.0320155003320017,1.0,,GA
1640.0,87242.0,hengshui_man2,69,True,hengshui_man2-hengshui_edge2,1.0149983536835872,1.0,,GA
1641.0,32361.0,hengshui_man2,69,True,hengshui_man2-hengshui_edge2,1.015648166923229,1.0,,GA
1642.0,65211.0,handan_man1,54,True,handan_man1-handan_edge1,1.0147432920617319,1.0,,GA
1643.0,5113.0,hengshui_man1,68,True,hengshui_man1-hengshui_edge1,1.0298279451503305,1.0,,GA
1644.0,67154.0,cangzhou_man1,64,True,cangzhou_man1-cangzhou_edge1,1.0156017637335963,1.0,,GA
1645.0,2848.0,beijing_man2,10,True,beijing_man2-beijing_edge4,6.034543546090881,1.0,,GA
1646.0,86140.0,tianjin_man2,18,True,tianjin_man2-tianjin_edge2,1.0159260397005554,1.0,,GA
1647.0,16686.0,qhd_man1,52,True,qhd_man1-qhd_edge1,1.0234603438304533,1.0,,GA
1648.0,83257.0,shijiangzhuang_man1,48,True,shijiangzhuang_man1-shijiangzhuang_edge1,1.014836319005224,1.0,,GA
1649.0,87467.0,beijing_man1,7,True,beijing_man1-beijing_edge1,1.0135080107082088,1.0,,GA
1650.0,92190.0,tianjin_man2,18,True,tianjin_man2-tianjin_edge2,1.014501398881579,1.0,,GA
1651.0,73580.0,beijing_man2,8,True,beijing_man2-beijing_edge2,1.0163540488586686,1.0,,GA
1652.0,7075.0,shijiangzhuang_man1,48,True,shijiangzhuang_man1-shijiangzhuang_edge1,1.0245093876301814,1.0,,GA
1653.0,20862.0,chengde_man2,63,True,chengde_man2-chengde_edge2,1.0291258721574714,1.0,,GA
1654.0,74410.0,handan_man1,54,True,handan_man1-handan_edge1,1.0151666254108795,1.0,,GA
1655.0,39703.0,cangzhou_man1,64,True,cangzhou_man1-cangzhou_edge1,1.0164791414354992,1.0,,GA
1656.0,49096.0,xingtai_man1,56,True,xingtai_man1-xingtai_edge1,1.013659723674089,1.0,,GA
1657.0,57881.0,beijing_man2,8,True,beijing_man2-beijing_edge2,1.013781681579782,1.0,,GA
1658.0,63905.0,cangzhou_man2,65,True,cangzhou_man2-cangzhou_edge2,1.0143859862395137,1.0,,GA
1659.0,12918.0,zhangjiako_man1,60,True,zhangjiako_man1-zhangjiako_edge1,1.0291019294947563,1.0,,GA
1660.0,95715.0,beijing_man1,7,True,beijing_man1-beijing_edge1,1.0147998198996189,1.0,,GA
1661.0,51270.0,handan_man1,54,True,handan_man1-handan_edge1,1.0142690406359054,1.0,,GA
1662.0,18643.0,beijing_man1,9,True,beijing_man1-beijing_edge3,6.031073208631586,1.0,,GA
1663.0,87952.0,beijing_man1,7,True,beijing_man1-beijing_edge1,1.013586040378397,1.0,,GA
1664.0,73447.0,baoding_man1,58,True,baoding_man1-baoding_edge1,1.0154719877609566,1.0,,GA
1665.0,18040.0,zhangjiako_man1,60,True,zhangjiako_man1-zhangjiako_edge1,1.0279599599177764,1.0,,GA
1666.0,82564.0,tianjin_man2,18,True,tianjin_man2-tianjin_edge2,1.0149331348440203,1.0,,GA
1667.0,99710.0,beijing_man2,10,True,beijing_man2-beijing_edge4,6.016708918968012,1.0,,GA
1668.0,58798.0,shijiangzhuang_man1,48,True,shijiangzhuang_man1-shijiangzhuang_edge1,1.0137144072039375,1.0,,GA
1669.0,85707.0,beijing_man2,9,True,beijing_man2-beijing_edge3,6.01624857240831,1.0,,GA
1670.0,19783.0,chengde_man1,62,True,chengde_man1-chengde_edge1,1.0372194564577069,1.0,,GA
1671.0,54557.0,langfang_man1,66,True,langfang_man1-langfang_edge1,1.0142062507843943,1.0,,GA
1672.0,90310.0,tianjin_man2,20,True,tianjin_man2-tianjin_edge4,6.014853809062128,1.0,,GA
1673.0,44047.0,langfang_man1,66,True,langfang_man1-langfang_edge1,1.0144082478226577,1.0,,GA
1674.0,37950.0,langfang_man1,66,True,langfang_man1-langfang_edge1,1.0158450877584244,1.0,,GA
1675.0,85071.0,beijing_man1,7,True,beijing_man1-beijing_edge1,1.0145793571145112,1.0,,GA
1676.0,22409.0,chengde_man2,63,True,chengde_man2-chengde_edge2,1.0379230836721465,1.0,,GA
1677.0,53443.0,xingtai_man1,56,True,xingtai_man1-xingtai_edge1,1.0143723944034881,1.0,,GA
1678.0,6282.0,shijiangzhuang_man1,24,True,shijiangzhuang_man1-shijiangzhuang_core-shijiangzhuang_cloud,11.037588248108435,1.0,,GA
1679.0,32213.0,cangzhou_man1,64,True,cangzhou_man1-cangzhou_edge1,1.0141403781901364,1.0,,GA
1680.0,79856.0,baoding_man2,59,True,baoding_man2-baoding_edge2,1.0170567814648848,1.0,,GA
1681.0,83365.0,shijiangzhuang_man1,48,True,shijiangzhuang_man1-shijiangzhuang_edge1,1.0163132812694642,1.0,,GA
1682.0,30916.0,tianjin_man2,19,True,tianjin_man2-tianjin_edge3,6.0158615875849755,1.0,,GA
1683.0,65226.0,cangzhou_man1,64,True,cangzhou_man1-cangzhou_edge1,1.014562317463281,1.0,,GA
1684.0,46881.0,shijiangzhuang_man1,48,True,shijiangzhuang_man1-shijiangzhuang_edge1,1.0136360313960222,1.0,,GA
1685.0,80818.0,shijiangzhuang_man2,49,True,shijiangzhuang_man2-shijiangzhuang_edge2,1.0152519777175602,1.0,,GA
1686.0,7261.0,qhd_man1,52,True,qhd_man1-qhd_edge1,1.0400995888112257,1.0,,GA
1687.0,4953.0,xingtai_man1,57,True,xingtai_man1-xingtai_edge2,11.034051784023115,1.0,,GA
1688.0,57535.0,baoding_man2,59,True,baoding_man2-baoding_edge2,1.014454451536626,1.0,,GA
1689.0,70308.0,handan_man1,54,True,handan_man1-handan_edge1,1.0172312925973748,1.0,,GA
1690.0,24057.0,qhd_man1,52,True,qhd_man1-qhd_edge1,1.039194255737996,1.0,,GA
1691.0,13838.0,handan_man1,54,True,handan_man1-handan_edge1,1.024748959161583,1.0,,GA
1692.0,45520.0,zhangjiako_man1,60,True,zhangjiako_man1-zhangjiako_edge1,1.0144386855936203,1.0,,GA
1693.0,46559.0,tianjin_man2,18,True,tianjin_man2-tianjin_edge2,1.0141028481218899,1.0,,GA
1694.0,27615.0,shijiangzhuang_man1,48,True,shijiangzhuang_man1-shijiangzhuang_edge1,1.0267433100048151,1.0,,GA
1695.0,93996.0,beijing_man2,8,True,beijing_man2-beijing_edge2,1.0156063323745501,1.0,,GA
1696.0,38880.0,hengshui_man1,68,True,hengshui_man1-hengshui_edge1,1.0157281240929867,1.0,,GA
1697.0,23087.0,cangzhou_man1,64,True,cangzhou_man1-cangzhou_edge1,1.0257786790121277,1.0,,GA
1698.0,65728.0,handan_man1,54,True,handan_man1-handan_edge1,1.0165388200040173,1.0,,GA
1699.0,71236.0,shijiangzhuang_man1,48,True,shijiangzhuang_man1-shijiangzhuang_edge1,1.0144083186855128,1.0,,GA
1700.0,78088.0,tianjin_man2,17,True,tianjin_man2-tianjin_edge1,6.01719587592578,1.0,,GA
1701.0,27293.0,handan_man1,54,True,handan_man1-handan_edge1,1.037373221842232,1.0,,GA
1702.0,4306.0,shijiangzhuang_man1,48,True,shijiangzhuang_man1-shijiangzhuang_edge1,1.022863859103586,1.0,,GA
1703.0,24972.0,cangzhou_man1,64,True,cangzhou_man1-cangzhou_edge1,1.0334277953701914,1.0,,GA
1704.0,60830.0,shijiangzhuang_man1,48,True,shijiangzhuang_man1-shijiangzhuang_edge1,1.0173387173058948,1.0,,GA
1705.0,39201.0,shijiangzhuang_man1,48,True,shijiangzhuang_man1-shijiangzhuang_edge1,1.0137952486945656,1.0,,GA
1706.0,23587.0,tangshan_man2,51,True,tangshan_man2-tangshan_edge2,1.0336528559997853,1.0,,GA
1707.0,18720.0,xingtai_man1,56,True,xingtai_man1-xingtai_edge1,1.0233295753424718,1.0,,GA
1708.0,74309.0,shijiangzhuang_man1,48,True,shijiangzhuang_man1-shijiangzhuang_edge1,1.0155139943630118,1.0,,GA
1709.0,28373.0,qhd_man1,52,True,qhd_man1-qhd_edge1,1.0386220354114144,1.0,,GA
1710.0,58309.0,baoding_man2,59,True,baoding_man2-baoding_edge2,1.0144996308325285,1.0,,GA
1711.0,45881.0,handan_man1,54,True,handan_man1-handan_edge1,1.013683732935274,1.0,,GA
1712.0,12866.0,zhangjiako_man1,60,True,zhangjiako_man1-zhangjiako_edge1,1.041778316590689,1.0,,GA
1713.0,2200.0,shijiangzhuang_man1,24,True,shijiangzhuang_man1-shijiangzhuang_core-shijiangzhuang_cloud,11.036231851793682,1.0,,GA
1714.0,40593.0,langfang_man1,66,True,langfang_man1-langfang_edge1,1.01365463657043,1.0,,GA
1715.0,57052.0,xingtai_man1,56,True,xingtai_man1-xingtai_edge1,1.013626489790223,1.0,,GA
1716.0,323.0,langfang_man1,66,True,langfang_man1-langfang_edge1,1.0239702678628846,1.0,,GA
1717.0,9092.0,tangshan_man2,51,True,tangshan_man2-tangshan_edge2,1.038715364842728,1.0,,GA
1718.0,88388.0,tianjin_man2,18,True,tianjin_man2-tianjin_edge2,1.0156526058534703,1.0,,GA
1719.0,20097.0,cangzhou_man1,64,True,cangzhou_man1-cangzhou_edge1,1.0274660660016512,1.0,,GA
1720.0,60686.0,shijiangzhuang_man1,48,True,shijiangzhuang_man1-shijiangzhuang_edge1,1.014666843023072,1.0,,GA
1721.0,39564.0,shijiangzhuang_man1,48,True,shijiangzhuang_man1-shijiangzhuang_edge1,1.0156610197718312,1.0,,GA
1722.0,49753.0,xingtai_man1,56,True,xingtai_man1-xingtai_edge1,1.01405632943979,1.0,,GA
1723.0,27959.0,zhangjiako_man1,60,True,zhangjiako_man1-zhangjiako_edge1,1.028278866599245,1.0,,GA
1724.0,35790.0,beijing_man2,8,True,beijing_man2-beijing_edge2,1.016458150695186,1.0,,GA
1725.0,17264.0,xingtai_man1,56,True,xingtai_man1-xingtai_edge1,1.041306596820039,1.0,,GA
1726.0,42488.0,beijing_man1,7,True,beijing_man1-beijing_edge1,1.014042330476008,1.0,,GA
1727.0,11030.0,handan_man1,54,True,handan_man1-handan_edge1,1.029912131472861,1.0,,GA
1728.0,14845.0,cangzhou_man1,64,True,cangzhou_man1-cangzhou_edge1,1.0377433274712804,1.0,,GA
1729.0,77252.0,beijing_man1,7,True,beijing_man1-beijing_edge1,1.0154896959214632,1.0,,GA
1730.0,4463.0,hengshui_man1,68,True,hengshui_man1-hengshui_edge1,1.0359424632414507,1.0,,GA
1731.0,54082.0,xingtai_man1,56,True,xingtai_man1-xingtai_edge1,1.0136611512106404,1.0,,GA
1732.0,39619.0,shijiangzhuang_man1,48,True,shijiangzhuang_man1-shijiangzhuang_edge1,1.0143811608512414,1.0,,GA
1733.0,54116.0,langfang_man1,66,True,langfang_man1-langfang_edge1,1.0142890476754702,1.0,,GA
1734.0,23983.0,langfang_man1,66,True,langfang_man1-langfang_edge1,1.0327410780736572,1.0,,GA
1735.0,16543.0,qhd_man2,53,True,qhd_man2-qhd_edge2,1.0297770472015622,1.0,,GA
1736.0,59539.0,xingtai_man1,56,True,xingtai_man1-xingtai_edge1,1.0137281415528767,1.0,,GA
1737.0,99191.0,langfang_man1,66,True,langfang_man1-langfang_edge1,1.0145691165653767,1.0,,GA
1738.0,29181.0,zhangjiako_man1,39,True,zhangjiako_man1-zhangjiako_cloud,11.038600366017686,1.0,,GA
1739.0,79150.0,xingtai_man1,56,True,xingtai_man1-xingtai_edge1,1.0169348485962773,1.0,,GA
1740.0,61255.0,tangshan_man2,51,True,tangshan_man2-tangshan_edge2,1.0137653727776352,1.0,,GA
1741.0,40797.0,hengshui_man2,69,True,hengshui_man2-hengshui_edge2,1.0143580595065391,1.0,,GA
1742.0,81766.0,cangzhou_man2,65,True,cangzhou_man2-cangzhou_edge2,1.0164042261140822,1.0,,GA
1743.0,36886.0,tangshan_man2,51,True,tangshan_man2-tangshan_edge2,1.0141974759543237,1.0,,GA
1744.0,97520.0,baoding_man2,59,True,baoding_man2-baoding_edge2,1.0148547782659612,1.0,,GA
1745.0,77260.0,xingtai_man1,56,True,xingtai_man1-xingtai_edge1,1.0167732895061568,1.0,,GA
1746.0,42625.0,handan_man1,54,True,handan_man1-handan_edge1,1.0135151907204865,1.0,,GA
1747.0,52531.0,baoding_man1,58,True,baoding_man1-baoding_edge1,1.013867281461966,1.0,,GA
1748.0,33623.0,tangshan_man2,51,True,tangshan_man2-tangshan_edge2,1.0167324391807038,1.0,,GA
1749.0,39259.0,handan_man1,54,True,handan_man1-handan_edge1,1.0151317178179933,1.0,,GA
1750.0,94495.0,beijing_man2,8,True,beijing_man2-beijing_edge2,1.0153137144632964,1.0,,GA
1751.0,88316.0,tianjin_man2,18,True,tianjin_man2-tianjin_edge2,1.0136391220902439,1.0,,GA
1752.0,53382.0,tianjin_man2,18,True,tianjin_man2-tianjin_edge2,1.0135873012008192,1.0,,GA
1753.0,69013.0,tianjin_man2,16,True,tianjin_man2-tianjin_core2-tianjin_cloud2,11.017233770143536,1.0,,GA
1754.0,77823.0,tianjin_man2,18,True,tianjin_man2-tianjin_edge2,1.0139960681986135,1.0,,GA
1755.0,82874.0,baoding_man2,59,True,baoding_man2-baoding_edge2,1.0145044810605235,1.0,,GA
1756.0,19798.0,cangzhou_man1,64,True,cangzhou_man1-cangzhou_edge1,1.023682621779363,1.0,,GA
1757.0,65232.0,handan_man1,54,True,handan_man1-handan_edge1,1.01381159257253,1.0,,GA
1758.0,75024.0,shijiangzhuang_man1,48,True,shijiangzhuang_man1-shijiangzhuang_edge1,1.0153149966902415,1.0,,GA
1759.0,93550.0,beijing_man2,8,True,beijing_man2-beijing_edge2,1.0144013982675089,1.0,,GA
1760.0,97197.0,beijing_man2,6,True,beijing_man2-beijing_core2-beijing_cloud2,11.014816300645133,1.0,,GA
1761.0,18482.0,zhangjiako_man1,60,True,zhangjiako_man1-zhangjiako_edge1,1.027280281706406,1.0,,GA
1762.0,19073.0,tianjin_man2,15,True,tianjin_man2-tianjin_core1-tianjin_cloud1,11.04215833941036,1.0,,GA
1763.0,69899.0,tianjin_man2,18,True,tianjin_man2-tianjin_edge2,1.0171861893493939,1.0,,GA
1764.0,47680.0,baoding_man1,58,True,baoding_man1-baoding_edge1,1.0139331621135597,1.0,,GA
1765.0,71379.0,tianjin_man2,20,True,tianjin_man2-tianjin_edge4,6.015654042915435,1.0,,GA
1766.0,67137.0,baoding_man1,58,True,baoding_man1-baoding_edge1,1.0150373547102143,1.0,,GA
1767.0,14512.0,hengshui_man1,68,True,hengshui_man1-hengshui_edge1,1.0366175616977018,1.0,,GA
1768.0,95748.0,beijing_man2,8,True,beijing_man2-beijing_edge2,1.0141097004257156,1.0,,GA
1769.0,67175.0,tangshan_man1,50,True,tangshan_man1-tangshan_edge1,1.0148687682829864,1.0,,GA
1770.0,29567.0,tangshan_man2,51,True,tangshan_man2-tangshan_edge2,1.0317986127592003,1.0,,GA
1771.0,91192.0,tianjin_man2,19,True,tianjin_man2-tianjin_edge3,6.01633113489533,1.0,,GA
1772.0,91135.0,beijing_man1,7,True,beijing_man1-beijing_edge1,1.017405095884753,1.0,,GA
1773.0,47202.0,shijiangzhuang_man2,49,True,shijiangzhuang_man2-shijiangzhuang_edge2,1.0137662578451152,1.0,,GA
1774.0,71451.0,tianjin_man2,18,True,tianjin_man2-tianjin_edge2,1.0135723437547988,1.0,,GA
1775.0,67327.0,tangshan_man2,51,True,tangshan_man2-tangshan_edge2,1.0163733704269768,1.0,,GA
1776.0,61238.0,shijiangzhuang_man1,48,True,shijiangzhuang_man1-shijiangzhuang_edge1,1.0150091471507767,1.0,,GA
1777.0,82070.0,baoding_man2,59,True,baoding_man2-baoding_edge2,1.0166953595490835,1.0,,GA
1778.0,38584.0,zhangjiako_man2,61,True,zhangjiako_man2-zhangjiako_edge2,1.0154931690197129,1.0,,GA
1779.0,29987.0,zhangjiako_man1,60,True,zhangjiako_man1-zhangjiako_edge1,1.0305545950532333,1.0,,GA
1780.0,54900.0,cangzhou_man1,64,True,cangzhou_man1-cangzhou_edge1,1.013550496465621,1.0,,GA
1781.0,57203.0,langfang_man1,66,True,langfang_man1-langfang_edge1,1.013849946588316,1.0,,GA
1782.0,97297.0,baoding_man2,59,True,baoding_man2-baoding_edge2,1.016241208885255,1.0,,GA
1783.0,79874.0,shijiangzhuang_man1,48,True,shijiangzhuang_man1-shijiangzhuang_edge1,1.0166976859774106,1.0,,GA
1784.0,64253.0,tianjin_man2,18,True,tianjin_man2-tianjin_edge2,1.0164239292396196,1.0,,GA
1785.0,48051.0,cangzhou_man1,64,True,cangzhou_man1-cangzhou_edge1,1.0139850415459095,1.0,,GA
1786.0,23061.0,cangzhou_man1,64,True,cangzhou_man1-cangzhou_edge1,1.0395526462491642,1.0,,GA
1787.0,53648.0,langfang_man1,66,True,langfang_man1-langfang_edge1,1.0139563861922696,1.0,,GA
1788.0,12313.0,tianjin_man2,17,True,tianjin_man2-tianjin_edge1,6.042107241924371,1.0,,GA
1789.0,29851.0,shijiangzhuang_man1,48,True,shijiangzhuang_man1-shijiangzhuang_edge1,1.0251600480654142,1.0,,GA
1790.0,37047.0,baoding_man1,58,True,baoding_man1-baoding_edge1,1.0168882126558834,1.0,,GA
1791.0,6289.0,chengde_man1,62,True,chengde_man1-chengde_edge1,1.0307372129387267,1.0,,GA
1792.0,82912.0,tianjin_man2,18,True,tianjin_man2-tianjin_edge2,1.015366605475751,1.0,,GA
1793.0,24279.0,baoding_man1,58,True,baoding_man1-baoding_edge1,1.023664516437673,1.0,,GA
1794.0,29627.0,xingtai_man1,56,True,xingtai_man1-xingtai_edge1,1.038885066096716,1.0,,GA
1795.0,50809.0,shijiangzhuang_man1,48,True,shijiangzhuang_man1-shijiangzhuang_edge1,1.014136412013724,1.0,,GA
1796.0,99270.0,beijing_man1,7,True,beijing_man1-beijing_edge1,1.0156273356436432,1.0,,GA
1797.0,69531.0,handan_man1,54,True,handan_man1-handan_edge1,1.0172001237893928,1.0,,GA
1798.0,36483.0,tangshan_man2,51,True,tangshan_man2-tangshan_edge2,1.0142743454787344,1.0,,GA
1799.0,80310.0,handan_man1,54,True,handan_man1-handan_edge1,1.0168500451441451,1.0,,GA
1800.0,32379.0,zhangjiako_man2,61,True,zhangjiako_man2-zhangjiako_edge2,1.0155279040169385,1.0,,GA
1801.0,62044.0,beijing_man2,8,True,beijing_man2-beijing_edge2,1.0164312244493547,1.0,,GA
1802.0,26100.0,zhangjiako_man1,60,True,zhangjiako_man1-zhangjiako_edge1,1.0309836364988259,1.0,,GA
1803.0,52176.0,tianjin_man2,18,True,tianjin_man2-tianjin_edge2,1.0141068110951204,1.0,,GA
1804.0,57458.0,beijing_man1,7,True,beijing_man1-beijing_edge1,1.0139767984460812,1.0,,GA
1805.0,97068.0,langfang_man2,67,True,langfang_man2-langfang_edge2,1.0163260977870765,1.0,,GA
1806.0,56214.0,cangzhou_man1,64,True,cangzhou_man1-cangzhou_edge1,1.0144647819549193,1.0,,GA
1807.0,26075.0,chengde_man1,62,True,chengde_man1-chengde_edge1,1.027017997413242,1.0,,GA
1808.0,55562.0,tangshan_man2,51,True,tangshan_man2-tangshan_edge2,1.0143752257544458,1.0,,GA
1809.0,70218.0,baoding_man2,59,True,baoding_man2-baoding_edge2,1.0143918837994303,1.0,,GA
1810.0,16939.0,xingtai_man1,57,True,xingtai_man1-xingtai_edge2,11.032910952799677,1.0,,GA
1811.0,97105.0,beijing_man1,7,True,beijing_man1-beijing_edge1,1.0144151474361893,1.0,,GA
1812.0,55495.0,xingtai_man1,56,True,xingtai_man1-xingtai_edge1,1.0140170212523894,1.0,,GA
1813.0,70717.0,beijing_man2,8,True,beijing_man2-beijing_edge2,1.0162018298034474,1.0,,GA
1814.0,86360.0,tianjin_man2,18,True,tianjin_man2-tianjin_edge2,1.0147753916148263,1.0,,GA
1815.0,27112.0,qhd_man1,52,True,qhd_man1-qhd_edge1,1.0306445907950312,1.0,,GA
1816.0,12211.0,hengshui_man1,68,True,hengshui_man1-hengshui_edge1,1.038677487345085,1.0,,GA
1817.0,62802.0,cangzhou_man1,64,True,cangzhou_man1-cangzhou_edge1,1.0171091688067961,1.0,,GA
1818.0,96259.0,baoding_man2,59,True,baoding_man2-baoding_edge2,1.0171335634221381,1.0,,GA
1819.0,46159.0,langfang_man1,66,True,langfang_man1-langfang_edge1,1.0140003354229647,1.0,,GA
1820.0,23063.0,beijing_man1,5,True,beijing_man1-beijing_core1-beijing_cloud1,11.034005597513643,1.0,,GA
1821.0,1784.0,shijiangzhuang_man1,48,True,shijiangzhuang_man1-shijiangzhuang_edge1,1.0328199069651363,1.0,,GA
1822.0,19246.0,handan_man1,54,True,handan_man1-handan_edge1,1.033835903254705,1.0,,GA
1823.0,337.0,cangzhou_man1,64,True,cangzhou_man1-cangzhou_edge1,1.0340288204363486,1.0,,GA
1824.0,62495.0,tangshan_man1,50,True,tangshan_man1-tangshan_edge1,1.0158754672957118,1.0,,GA
1825.0,14647.0,zhangjiako_man1,60,True,zhangjiako_man1-zhangjiako_edge1,1.0414591452555009,1.0,,GA
1826.0,37987.0,cangzhou_man1,64,True,cangzhou_man1-cangzhou_edge1,1.016764836055351,1.0,,GA
1827.0,5626.0,chengde_man1,62,True,chengde_man1-chengde_edge1,1.0231176732095622,1.0,,GA
1828.0,68925.0,tianjin_man2,18,True,tianjin_man2-tianjin_edge2,1.0142690968337125,1.0,,GA
1829.0,2496.0,xingtai_man1,56,True,xingtai_man1-xingtai_edge1,1.031499987082231,1.0,,GA
1830.0,90203.0,beijing_man1,7,True,beijing_man1-beijing_edge1,1.0142296638163946,1.0,,GA
1831.0,27795.0,beijing_man2,10,True,beijing_man2-beijing_edge4,6.040004008759182,1.0,,GA
1832.0,80122.0,beijing_man1,7,True,beijing_man1-beijing_edge1,1.0139863852998992,1.0,,GA
1833.0,40560.0,langfang_man1,66,True,langfang_man1-langfang_edge1,1.0143098917677686,1.0,,GA
1834.0,847.0,tianjin_man2,20,True,tianjin_man2-tianjin_edge4,6.0296925032555855,1.0,,GA
1835.0,82806.0,baoding_man2,59,True,baoding_man2-baoding_edge2,1.0145489219690893,1.0,,GA
1836.0,74439.0,shijiangzhuang_man1,48,True,shijiangzhuang_man1-shijiangzhuang_edge1,1.0163519957814153,1.0,,GA
1837.0,51880.0,shijiangzhuang_man1,48,True,shijiangzhuang_man1-shijiangzhuang_edge1,1.0136537304124877,1.0,,GA
1838.0,64397.0,tianjin_man2,19,True,tianjin_man2-tianjin_edge3,6.016915771700075,1.0,,GA
1839.0,31543.0,tangshan_man1,50,True,tangshan_man1-tangshan_edge1,1.0145224869598144,1.0,,GA
1840.0,80706.0,hengshui_man2,69,True,hengshui_man2-hengshui_edge2,1.0168867006214597,1.0,,GA
1841.0,89102.0,tianjin_man2,18,True,tianjin_man2-tianjin_edge2,1.0142255906817121,1.0,,GA
1842.0,39267.0,shijiangzhuang_man1,48,True,shijiangzhuang_man1-shijiangzhuang_edge1,1.017119674434166,1.0,,GA
1843.0,66788.0,beijing_man2,8,True,beijing_man2-beijing_edge2,1.0136787898914115,1.0,,GA
1844.0,34274.0,handan_man1,54,True,handan_man1-handan_edge1,1.0167861188734106,1.0,,GA
1845.0,36729.0,hengshui_man1,68,True,hengshui_man1-hengshui_edge1,1.01444860427285,1.0,,GA
1846.0,78161.0,baoding_man1,58,True,baoding_man1-baoding_edge1,1.01607625906729,1.0,,GA
1847.0,85280.0,tianjin_man2,18,True,tianjin_man2-tianjin_edge2,1.0142881021159533,1.0,,GA
1848.0,76487.0,beijing_man1,7,True,beijing_man1-beijing_edge1,1.0157855293306346,1.0,,GA
1849.0,6803.0,hengshui_man1,68,True,hengshui_man1-hengshui_edge1,1.0313058111958915,1.0,,GA
1850.0,47326.0,langfang_man1,66,True,langfang_man1-langfang_edge1,1.0143140826750972,1.0,,GA
1851.0,41539.0,langfang_man1,66,True,langfang_man1-langfang_edge1,1.0143408253652861,1.0,,GA
1852.0,14459.0,shijiangzhuang_man1,49,True,shijiangzhuang_man1-shijiangzhuang_edge2,11.032815917331757,1.0,,GA
1853.0,14284.0,chengde_man1,62,True,chengde_man1-chengde_edge1,1.037400205529938,1.0,,GA
1854.0,30803.0,handan_man1,54,True,handan_man1-handan_edge1,1.0159968358492935,1.0,,GA
1855.0,26676.0,xingtai_man1,56,True,xingtai_man1-xingtai_edge1,1.0251615142302828,1.0,,GA
1856.0,97535.0,baoding_man2,59,True,baoding_man2-baoding_edge2,1.0146607209716585,1.0,,GA
1857.0,80717.0,shijiangzhuang_man1,48,True,shijiangzhuang_man1-shijiangzhuang_edge1,1.014135057269751,1.0,,GA
1858.0,83607.0,beijing_man2,8,True,beijing_man2-beijing_edge2,1.0160392858736869,1.0,,GA
1859.0,14503.0,baoding_man2,59,True,baoding_man2-baoding_edge2,1.0316598063404432,1.0,,GA
1860.0,32867.0,shijiangzhuang_man1,48,True,shijiangzhuang_man1-shijiangzhuang_edge1,1.0164918918920303,1.0,,GA
1861.0,20058.0,cangzhou_man1,64,True,cangzhou_man1-cangzhou_edge1,1.0336116822275576,1.0,,GA
1862.0,90471.0,beijing_man2,8,True,beijing_man2-beijing_edge2,1.0164494998233333,1.0,,GA
1863.0,45350.0,shijiangzhuang_man1,48,True,shijiangzhuang_man1-shijiangzhuang_edge1,1.0142625016605689,1.0,,GA
1864.0,35527.0,langfang_man1,66,True,langfang_man1-langfang_edge1,1.0136201361933326,1.0,,GA
1865.0,96582.0,beijing_man1,7,True,beijing_man1-beijing_edge1,1.0163012468019046,1.0,,GA
1866.0,6857.0,handan_man1,54,True,handan_man1-handan_edge1,1.029885030435214,1.0,,GA
1867.0,11520.0,tianjin_man2,17,True,tianjin_man2-tianjin_edge1,6.038292724829799,1.0,,GA
1868.0,72121.0,baoding_man1,58,True,baoding_man1-baoding_edge1,1.0137155580333364,1.0,,GA
1869.0,7034.0,beijing_man1,7,True,beijing_man1-beijing_edge1,1.029301244710462,1.0,,GA
1870.0,20348.0,shijiangzhuang_man1,24,True,shijiangzhuang_man1-shijiangzhuang_core-shijiangzhuang_cloud,11.0377394329731,1.0,,GA
1871.0,1623.0,langfang_man1,66,True,langfang_man1-langfang_edge1,1.0277856339010538,1.0,,GA
1872.0,56227.0,shijiangzhuang_man1,48,True,shijiangzhuang_man1-shijiangzhuang_edge1,1.0142338353268037,1.0,,GA
1873.0,20041.0,baoding_man1,58,True,baoding_man1-baoding_edge1,1.0240920202789296,1.0,,GA
1874.0,65942.0,shijiangzhuang_man1,48,True,shijiangzhuang_man1-shijiangzhuang_edge1,1.0170750825906218,1.0,,GA
1875.0,72090.0,handan_man1,54,True,handan_man1-handan_edge1,1.0153752864892043,1.0,,GA
1876.0,85506.0,baoding_man2,59,True,baoding_man2-baoding_edge2,1.0150282082863096,1.0,,GA
1877.0,69230.0,handan_man1,54,True,handan_man1-handan_edge1,1.0158693359115571,1.0,,GA
1878.0,27930.0,handan_man1,54,True,handan_man1-handan_edge1,1.0315617973266076,1.0,,GA
1879.0,10655.0,baoding_man2,59,True,baoding_man2-baoding_edge2,1.0301987503420793,1.0,,GA
1880.0,91514.0,tianjin_man2,16,True,tianjin_man2-tianjin_core2-tianjin_cloud2,11.0167512808849,1.0,,GA
1881.0,59863.0,tangshan_man1,50,True,tangshan_man1-tangshan_edge1,1.0143148352077989,1.0,,GA
1882.0,11118.0,shijiangzhuang_man1,48,True,shijiangzhuang_man1-shijiangzhuang_edge1,1.0281616437811623,1.0,,GA
1883.0,25460.0,handan_man1,54,True,handan_man1-handan_edge1,1.0359627062673311,1.0,,GA
1884.0,90058.0,langfang_man1,66,True,langfang_man1-langfang_edge1,1.013660434281509,1.0,,GA
1885.0,80257.0,beijing_man2,8,True,beijing_man2-beijing_edge2,1.0174674808853796,1.0,,GA
1886.0,61289.0,baoding_man1,58,True,baoding_man1-baoding_edge1,1.0142751252416788,1.0,,GA
1887.0,73279.0,baoding_man1,58,True,baoding_man1-baoding_edge1,1.0172987268829374,1.0,,GA
1888.0,99178.0,beijing_man2,8,True,beijing_man2-beijing_edge2,1.0155302967522664,1.0,,GA
1889.0,84175.0,beijing_man2,8,True,beijing_man2-beijing_edge2,1.016502002017609,1.0,,GA
1890.0,18702.0,baoding_man2,59,True,baoding_man2-baoding_edge2,1.0418536422251183,1.0,,GA
1891.0,2427.0,zhangjiako_man1,60,True,zhangjiako_man1-zhangjiako_edge1,1.0318231528778425,1.0,,GA
1892.0,44528.0,handan_man1,54,True,handan_man1-handan_edge1,1.0137390875704395,1.0,,GA
1893.0,41054.0,zhangjiako_man1,60,True,zhangjiako_man1-zhangjiako_edge1,1.0135735643897397,1.0,,GA
1894.0,84051.0,beijing_man1,7,True,beijing_man1-beijing_edge1,1.0169743570523555,1.0,,GA
1895.0,27587.0,beijing_man2,9,True,beijing_man2-beijing_edge3,6.028715361879071,1.0,,GA
1896.0,16260.0,chengde_man1,62,True,chengde_man1-chengde_edge1,1.0244289631154857,1.0,,GA
1897.0,57411.0,cangzhou_man1,64,True,cangzhou_man1-cangzhou_edge1,1.014488975316138,1.0,,GA
1898.0,60587.0,xingtai_man1,56,True,xingtai_man1-xingtai_edge1,1.01378563617607,1.0,,GA
1899.0,32713.0,tangshan_man2,51,True,tangshan_man2-tangshan_edge2,1.015831572673742,1.0,,GA
1900.0,50299.0,baoding_man1,58,True,baoding_man1-baoding_edge1,1.0135654492112023,1.0,,GA
1901.0,59156.0,beijing_man2,8,True,beijing_man2-beijing_edge2,1.013516418505148,1.0,,GA
1902.0,13736.0,baoding_man2,59,True,baoding_man2-baoding_edge2,1.0354563233599205,1.0,,GA
1903.0,2190.0,handan_man1,54,True,handan_man1-handan_edge1,1.0239172094175648,1.0,,GA
1904.0,96198.0,langfang_man1,66,True,langfang_man1-langfang_edge1,1.0148730596554199,1.0,,GA
1905.0,10882.0,beijing_man1,10,True,beijing_man1-beijing_edge4,6.030631440239455,1.0,,GA
1906.0,54318.0,tianjin_man2,18,True,tianjin_man2-tianjin_edge2,1.0135089781342894,1.0,,GA
1907.0,36616.0,baoding_man2,59,True,baoding_man2-baoding_edge2,1.0162270193726761,1.0,,GA
1908.0,73796.0,baoding_man1,58,True,baoding_man1-baoding_edge1,1.0170234771845192,1.0,,GA
1909.0,84666.0,cangzhou_man2,65,True,cangzhou_man2-cangzhou_edge2,1.0140213529973654,1.0,,GA
1910.0,90851.0,beijing_man2,8,True,beijing_man2-beijing_edge2,1.0164740770560938,1.0,,GA
1911.0,80521.0,shijiangzhuang_man1,48,True,shijiangzhuang_man1-shijiangzhuang_edge1,1.0168169165755239,1.0,,GA
1912.0,45064.0,shijiangzhuang_man1,48,True,shijiangzhuang_man1-shijiangzhuang_edge1,1.0143609951631234,1.0,,GA
1913.0,4370.0,tianjin_man2,15,True,tianjin_man2-tianjin_core1-tianjin_cloud1,11.02821570347853,1.0,,GA
1914.0,35976.0,tangshan_man2,51,True,tangshan_man2-tangshan_edge2,1.0170221764680953,1.0,,GA
1915.0,25247.0,beijing_man2,9,True,beijing_man2-beijing_edge3,6.04197002735617,1.0,,GA
1916.0,28274.0,cangzhou_man1,64,True,cangzhou_man1-cangzhou_edge1,1.0424633841181055,1.0,,GA
1917.0,27982.0,handan_man1,54,True,handan_man1-handan_edge1,1.0417488871833616,1.0,,GA
1918.0,43896.0,beijing_man2,8,True,beijing_man2-beijing_edge2,1.0136096671107775,1.0,,GA
1919.0,4503.0,tangshan_man2,51,True,tangshan_man2-tangshan_edge2,1.02955229047809,1.0,,GA
1920.0,39252.0,cangzhou_man1,64,True,cangzhou_man1-cangzhou_edge1,1.0137505981263104,1.0,,GA
1921.0,75869.0,shijiangzhuang_man1,48,True,shijiangzhuang_man1-shijiangzhuang_edge1,1.0168316542808318,1.0,,GA
1922.0,55030.0,shijiangzhuang_man1,48,True,shijiangzhuang_man1-shijiangzhuang_edge1,1.0139823961596102,1.0,,GA
1923.0,26469.0,beijing_man2,6,True,beijing_man2-beijing_core2-beijing_cloud2,11.025368064268077,1.0,,GA
1924.0,1593.0,qhd_man2,53,True,qhd_man2-qhd_edge2,1.0264043675028127,1.0,,GA
1925.0,23712.0,xingtai_man1,56,True,xingtai_man1-xingtai_edge1,1.0370889722824919,1.0,,GA
1926.0,90196.0,tianjin_man2,18,True,tianjin_man2-tianjin_edge2,1.0145577532439292,1.0,,GA
1927.0,8333.0,xingtai_man1,56,True,xingtai_man1-xingtai_edge1,1.0308093052002454,1.0,,GA
1928.0,53000.0,langfang_man1,66,True,langfang_man1-langfang_edge1,1.0135267104701142,1.0,,GA
1929.0,31080.0,chengde_man1,62,True,chengde_man1-chengde_edge1,1.016837293139738,1.0,,GA
1930.0,84524.0,tianjin_man2,18,True,tianjin_man2-tianjin_edge2,1.0141814140397822,1.0,,GA
1931.0,13514.0,qhd_man1,52,True,qhd_man1-qhd_edge1,1.0374094121823796,1.0,,GA
1932.0,10796.0,handan_man1,54,True,handan_man1-handan_edge1,1.0305098618229616,1.0,,GA
1933.0,42792.0,beijing_man2,8,True,beijing_man2-beijing_edge2,1.014181304579919,1.0,,GA
1934.0,76880.0,xingtai_man1,56,True,xingtai_man1-xingtai_edge1,1.0169014880483092,1.0,,GA
1935.0,27776.0,baoding_man1,36,True,baoding_man1-baoding_cloud,11.041255432594824,1.0,,GA
1936.0,8904.0,cangzhou_man1,64,True,cangzhou_man1-cangzhou_edge1,1.0409386583492646,1.0,,GA
1937.0,35599.0,tangshan_man2,51,True,tangshan_man2-tangshan_edge2,1.0166290236762148,1.0,,GA
1938.0,22897.0,hengshui_man1,68,True,hengshui_man1-hengshui_edge1,1.0365268088128263,1.0,,GA
1939.0,92407.0,beijing_man2,8,True,beijing_man2-beijing_edge2,1.0153249828272763,1.0,,GA
1940.0,37383.0,baoding_man1,58,True,baoding_man1-baoding_edge1,1.014810802458116,1.0,,GA
1941.0,65800.0,handan_man1,54,True,handan_man1-handan_edge1,1.0138923136801223,1.0,,GA
1942.0,18360.0,hengshui_man2,69,True,hengshui_man2-hengshui_edge2,1.0320418136841596,1.0,,GA
1943.0,18145.0,chengde_man1,62,True,chengde_man1-chengde_edge1,1.0285757078839444,1.0,,GA
1944.0,56301.0,handan_man1,54,True,handan_man1-handan_edge1,1.013641034676996,1.0,,GA
1945.0,61227.0,xingtai_man1,56,True,xingtai_man1-xingtai_edge1,1.0142503815686834,1.0,,GA
1946.0,44320.0,baoding_man1,58,True,baoding_man1-baoding_edge1,1.0135875723883239,1.0,,GA
1947.0,40617.0,xingtai_man1,56,True,xingtai_man1-xingtai_edge1,1.0141340785856894,1.0,,GA
1948.0,73045.0,baoding_man1,58,True,baoding_man1-baoding_edge1,1.0153971205627763,1.0,,GA
1949.0,88273.0,beijing_man2,8,True,beijing_man2-beijing_edge2,1.0138188539337178,1.0,,GA
1950.0,22014.0,tangshan_man1,50,True,tangshan_man1-tangshan_edge1,1.0375297472757494,1.0,,GA
1951.0,33899.0,baoding_man2,59,True,baoding_man2-baoding_edge2,1.0136806576747457,1.0,,GA
1952.0,14002.0,beijing_man1,5,True,beijing_man1-beijing_core1-beijing_cloud1,11.039094373346478,1.0,,GA
1953.0,10854.0,cangzhou_man1,64,True,cangzhou_man1-cangzhou_edge1,1.0260912495362857,1.0,,GA
1954.0,35862.0,baoding_man1,58,True,baoding_man1-baoding_edge1,1.0139707502742579,1.0,,GA
1955.0,94914.0,beijing_man1,7,True,beijing_man1-beijing_edge1,1.0151776372969556,1.0,,GA
1956.0,39065.0,cangzhou_man1,64,True,cangzhou_man1-cangzhou_edge1,1.015968441958903,1.0,,GA
1957.0,7476.0,beijing_man1,10,True,beijing_man1-beijing_edge4,6.02333600554061,1.0,,GA
1958.0,54482.0,tangshan_man2,51,True,tangshan_man2-tangshan_edge2,1.0142576843040894,1.0,,GA
1959.0,94860.0,beijing_man1,7,True,beijing_man1-beijing_edge1,1.0143290224954342,1.0,,GA
1960.0,83438.0,baoding_man1,58,True,baoding_man1-baoding_edge1,1.0136274209939165,1.0,,GA
1961.0,54439.0,cangzhou_man2,65,True,cangzhou_man2-cangzhou_edge2,1.014117258635512,1.0,,GA
1962.0,25998.0,langfang_man1,66,True,langfang_man1-langfang_edge1,1.0314347848834946,1.0,,GA
1963.0,73047.0,tianjin_man2,18,True,tianjin_man2-tianjin_edge2,1.017465639445946,1.0,,GA
1964.0,53433.0,cangzhou_man1,64,True,cangzhou_man1-cangzhou_edge1,1.0143689175544315,1.0,,GA
1965.0,66858.0,cangzhou_man2,65,True,cangzhou_man2-cangzhou_edge2,1.0139867838114696,1.0,,GA
1966.0,56850.0,handan_man1,54,True,handan_man1-handan_edge1,1.0135255121748517,1.0,,GA
1967.0,78948.0,tianjin_man2,20,True,tianjin_man2-tianjin_edge4,6.015096828189252,1.0,,GA
1968.0,56153.0,beijing_man1,7,True,beijing_man1-beijing_edge1,1.0136324025987238,1.0,,GA
1969.0,87197.0,shijiangzhuang_man1,48,True,shijiangzhuang_man1-shijiangzhuang_edge1,1.015051960853057,1.0,,GA
1970.0,44838.0,baoding_man2,59,True,baoding_man2-baoding_edge2,1.014184929347844,1.0,,GA
1971.0,30741.0,zhangjiako_man2,61,True,zhangjiako_man2-zhangjiako_edge2,1.0164161486221905,1.0,,GA
1972.0,94127.0,beijing_man1,7,True,beijing_man1-beijing_edge1,1.016113278597432,1.0,,GA
1973.0,37066.0,tianjin_man2,19,True,tianjin_man2-tianjin_edge3,6.01485607583682,1.0,,GA
1974.0,84274.0,cangzhou_man2,65,True,cangzhou_man2-cangzhou_edge2,1.014021404903974,1.0,,GA
1975.0,51576.0,handan_man1,54,True,handan_man1-handan_edge1,1.0139698193499647,1.0,,GA
1976.0,42678.0,hengshui_man1,68,True,hengshui_man1-hengshui_edge1,1.0141682830867769,1.0,,GA
1977.0,5950.0,zhangjiako_man1,60,True,zhangjiako_man1-zhangjiako_edge1,1.0407253541149937,1.0,,GA
1978.0,36593.0,langfang_man1,66,True,langfang_man1-langfang_edge1,1.015525978186934,1.0,,GA
1979.0,85143.0,beijing_man1,7,True,beijing_man1-beijing_edge1,1.0171934117928016,1.0,,GA
1980.0,37389.0,beijing_man1,7,True,beijing_man1-beijing_edge1,1.0157863390991408,1.0,,GA
1981.0,44512.0,beijing_man2,8,True,beijing_man2-beijing_edge2,1.0139323649950178,1.0,,GA
1982.0,2716.0,cangzhou_man1,64,True,cangzhou_man1-cangzhou_edge1,1.038847267891365,1.0,,GA
1983.0,38162.0,handan_man1,54,True,handan_man1-handan_edge1,1.0158334991637612,1.0,,GA
1984.0,31683.0,tianjin_man2,18,True,tianjin_man2-tianjin_edge2,1.01540986520837,1.0,,GA
1985.0,16851.0,shijiangzhuang_man1,48,True,shijiangzhuang_man1-shijiangzhuang_edge1,1.0265572315194587,1.0,,GA
1986.0,48435.0,handan_man1,54,True,handan_man1-handan_edge1,1.0139941133117392,1.0,,GA
1987.0,20985.0,shijiangzhuang_man1,48,True,shijiangzhuang_man1-shijiangzhuang_edge1,1.0291431648100768,1.0,,GA
1988.0,46095.0,xingtai_man1,56,True,xingtai_man1-xingtai_edge1,1.0142569467139317,1.0,,GA
1989.0,87002.0,baoding_man2,59,True,baoding_man2-baoding_edge2,1.0174281839906827,1.0,,GA
1990.0,92749.0,beijing_man2,8,True,beijing_man2-beijing_edge2,1.0137644998813824,1.0,,GA
1991.0,8897.0,tangshan_man2,51,True,tangshan_man2-tangshan_edge2,1.0321154716980967,1.0,,GA
1992.0,30850.0,beijing_man1,7,True,beijing_man1-beijing_edge1,1.0147555135591135,1.0,,GA
1993.0,97390.0,baoding_man2,59,True,baoding_man2-baoding_edge2,1.0156816478448136,1.0,,GA
1994.0,36901.0,qhd_man1,52,True,qhd_man1-qhd_edge1,1.0159539429540299,1.0,,GA
1995.0,67180.0,beijing_man2,8,True,beijing_man2-beijing_edge2,1.014056209096629,1.0,,GA
1996.0,17124.0,shijiangzhuang_man1,48,True,shijiangzhuang_man1-shijiangzhuang_edge1,1.0391647436122196,1.0,,GA
1997.0,61632.0,handan_man1,54,True,handan_man1-handan_edge1,1.0146108430019622,1.0,,GA
1998.0,79857.0,beijing_man2,8,True,beijing_man2-beijing_edge2,1.0166759166274069,1.0,,GA
1999.0,891.0,qhd_man2,53,True,qhd_man2-qhd_edge2,1.0340408111779076,1.0,,GA
2000.0,12309.0,langfang_man1,66,True,langfang_man1-langfang_edge1,1.0365227919706543,1.0,,GA
2001.0,31161.0,xingtai_man1,56,True,xingtai_man1-xingtai_edge1,1.0172522517089042,1.0,,GA
2002.0,142.0,cangzhou_man1,64,True,cangzhou_man1-cangzhou_edge1,1.0372875990302648,1.0,,GA
2003.0,54572.0,tangshan_man2,51,True,tangshan_man2-tangshan_edge2,1.0136207525492584,1.0,,GA
2004.0,14775.0,qhd_man1,52,True,qhd_man1-qhd_edge1,1.0321011176743549,1.0,,GA
2005.0,21590.0,chengde_man1,62,True,chengde_man1-chengde_edge1,1.0396271404569752,1.0,,GA
2006.0,43489.0,beijing_man1,7,True,beijing_man1-beijing_edge1,1.0139780784927706,1.0,,GA
2007.0,49177.0,xingtai_man1,56,True,xingtai_man1-xingtai_edge1,1.0136759404017148,1.0,,GA
2008.0,67821.0,tianjin_man2,18,True,tianjin_man2-tianjin_edge2,1.0142504837079902,1.0,,GA
2009.0,28640.0,beijing_man1,9,True,beijing_man1-beijing_edge3,6.036567550208097,1.0,,GA
2010.0,38907.0,baoding_man2,59,True,baoding_man2-baoding_edge2,1.0139628945560848,1.0,,GA
2011.0,56148.0,handan_man1,54,True,handan_man1-handan_edge1,1.0143365964646254,1.0,,GA
2012.0,12951.0,shijiangzhuang_man1,48,True,shijiangzhuang_man1-shijiangzhuang_edge1,1.0412181114083838,1.0,,GA
2013.0,20921.0,hengshui_man1,68,True,hengshui_man1-hengshui_edge1,1.034097111936351,1.0,,GA
2014.0,52161.0,handan_man1,54,True,handan_man1-handan_edge1,1.0141010069811867,1.0,,GA
2015.0,46058.0,baoding_man2,59,True,baoding_man2-baoding_edge2,1.013557857836925,1.0,,GA
2016.0,77274.0,shijiangzhuang_man1,48,True,shijiangzhuang_man1-shijiangzhuang_edge1,1.014539209283283,1.0,,GA
2017.0,12415.0,xingtai_man1,57,True,xingtai_man1-xingtai_edge2,11.04228710594228,1.0,,GA
2018.0,32305.0,xingtai_man1,56,True,xingtai_man1-xingtai_edge1,1.0166632989782285,1.0,,GA
2019.0,62808.0,handan_man1,54,True,handan_man1-handan_edge1,1.0150559225542528,1.0,,GA
2020.0,94866.0,beijing_man1,7,True,beijing_man1-beijing_edge1,1.0143931210005679,1.0,,GA
2021.0,30949.0,zhangjiako_man1,60,True,zhangjiako_man1-zhangjiako_edge1,1.0174750051494952,1.0,,GA
2022.0,79213.0,tianjin_man2,18,True,tianjin_man2-tianjin_edge2,1.0160924141971255,1.0,,GA
2023.0,80914.0,cangzhou_man2,65,True,cangzhou_man2-cangzhou_edge2,1.015622844684895,1.0,,GA
2024.0,29860.0,cangzhou_man1,64,True,cangzhou_man1-cangzhou_edge1,1.0275649791411245,1.0,,GA
2025.0,25927.0,tangshan_man1,50,True,tangshan_man1-tangshan_edge1,1.0270000947088325,1.0,,GA
2026.0,4335.0,handan_man1,54,True,handan_man1-handan_edge1,1.023534429348867,1.0,,GA
2027.0,54389.0,beijing_man1,7,True,beijing_man1-beijing_edge1,1.013693486754146,1.0,,GA
2028.0,53857.0,xingtai_man1,56,True,xingtai_man1-xingtai_edge1,1.0140006917355258,1.0,,GA
2029.0,47523.0,tangshan_man1,50,True,tangshan_man1-tangshan_edge1,1.013934779873393,1.0,,GA
2030.0,68288.0,handan_man1,54,True,handan_man1-handan_edge1,1.0173738599111264,1.0,,GA
2031.0,49031.0,langfang_man1,66,True,langfang_man1-langfang_edge1,1.0136512051823712,1.0,,GA
2032.0,80868.0,tianjin_man2,18,True,tianjin_man2-tianjin_edge2,1.0140548611653066,1.0,,GA
2033.0,11449.0,zhangjiako_man1,39,True,zhangjiako_man1-zhangjiako_cloud,11.022540571745317,1.0,,GA
2034.0,79867.0,beijing_man2,8,True,beijing_man2-beijing_edge2,1.0150962144632196,1.0,,GA
2035.0,97684.0,beijing_man2,8,True,beijing_man2-beijing_edge2,1.0144687393929537,1.0,,GA
2036.0,84865.0,shijiangzhuang_man1,48,True,shijiangzhuang_man1-shijiangzhuang_edge1,1.01713601243841,1.0,,GA
2037.0,2333.0,handan_man1,54,True,handan_man1-handan_edge1,1.041444636721421,1.0,,GA
2038.0,25491.0,langfang_man1,66,True,langfang_man1-langfang_edge1,1.0257442900675147,1.0,,GA
2039.0,18225.0,cangzhou_man1,64,True,cangzhou_man1-cangzhou_edge1,1.0385346025031152,1.0,,GA
2040.0,51764.0,tangshan_man2,51,True,tangshan_man2-tangshan_edge2,1.0144221318736335,1.0,,GA
2041.0,77905.0,handan_man2,55,True,handan_man2-handan_edge2,1.0136223381750162,1.0,,GA
2042.0,9910.0,hengshui_man1,68,True,hengshui_man1-hengshui_edge1,1.0233944047551635,1.0,,GA
2043.0,32875.0,langfang_man1,66,True,langfang_man1-langfang_edge1,1.0166806316285089,1.0,,GA
2044.0,62239.0,tangshan_man2,51,True,tangshan_man2-tangshan_edge2,1.01484453899483,1.0,,GA
2045.0,32679.0,tianjin_man1,17,True,tianjin_man1-tianjin_edge1,1.0145212758990485,1.0,,GA
2046.0,43327.0,hengshui_man1,68,True,hengshui_man1-hengshui_edge1,1.014409094661269,1.0,,GA
2047.0,40620.0,shijiangzhuang_man1,48,True,shijiangzhuang_man1-shijiangzhuang_edge1,1.0140383314098942,1.0,,GA
2048.0,17294.0,hengshui_man1,68,True,hengshui_man1-hengshui_edge1,1.0266296908040153,1.0,,GA
2049.0,20991.0,zhangjiako_man2,61,True,zhangjiako_man2-zhangjiako_edge2,1.040913090419478,1.0,,GA
2050.0,36986.0,handan_man1,54,True,handan_man1-handan_edge1,1.014502917004399,1.0,,GA
2051.0,399.0,zhangjiako_man2,61,True,zhangjiako_man2-zhangjiako_edge2,1.026703073028576,1.0,,GA
2052.0,11693.0,handan_man1,54,True,handan_man1-handan_edge1,1.024301067610879,1.0,,GA
2053.0,17726.0,qhd_man1,52,True,qhd_man1-qhd_edge1,1.0369811371948348,1.0,,GA
2054.0,12429.0,beijing_man2,10,True,beijing_man2-beijing_edge4,6.040675045603327,1.0,,GA
2055.0,37990.0,tianjin_man2,18,True,tianjin_man2-tianjin_edge2,1.014248324101227,1.0,,GA
2056.0,22475.0,langfang_man1,66,True,langfang_man1-langfang_edge1,1.0242844459889644,1.0,,GA
2057.0,16268.0,tangshan_man2,51,True,tangshan_man2-tangshan_edge2,1.0309347918720084,1.0,,GA
2058.0,64468.0,beijing_man2,8,True,beijing_man2-beijing_edge2,1.0168160273928453,1.0,,GA
2059.0,97769.0,langfang_man2,67,True,langfang_man2-langfang_edge2,1.013541860196129,1.0,,GA
2060.0,71170.0,baoding_man2,59,True,baoding_man2-baoding_edge2,1.0163927110012836,1.0,,GA
2061.0,2491.0,baoding_man2,59,True,baoding_man2-baoding_edge2,1.0249702617371534,1.0,,GA
2062.0,48968.0,langfang_man1,66,True,langfang_man1-langfang_edge1,1.0143595202055944,1.0,,GA
2063.0,15699.0,baoding_man1,58,True,baoding_man1-baoding_edge1,1.0351551819910378,1.0,,GA
2064.0,18480.0,qhd_man1,52,True,qhd_man1-qhd_edge1,1.0305290989529574,1.0,,GA
2065.0,9474.0,chengde_man1,62,True,chengde_man1-chengde_edge1,1.0292865890023049,1.0,,GA
2066.0,83565.0,shijiangzhuang_man2,49,True,shijiangzhuang_man2-shijiangzhuang_edge2,1.0145134480806521,1.0,,GA
2067.0,36350.0,tianjin_man2,20,True,tianjin_man2-tianjin_edge4,6.017018089906991,1.0,,GA
2068.0,34036.0,tianjin_man2,18,True,tianjin_man2-tianjin_edge2,1.0142274021008213,1.0,,GA
2069.0,3068.0,xingtai_man1,56,True,xingtai_man1-xingtai_edge1,1.032079300930479,1.0,,GA
2070.0,24582.0,cangzhou_man1,64,True,cangzhou_man1-cangzhou_edge1,1.032436981802752,1.0,,GA
2071.0,70971.0,shijiangzhuang_man1,48,True,shijiangzhuang_man1-shijiangzhuang_edge1,1.0145619909516403,1.0,,GA
2072.0,42551.0,langfang_man1,66,True,langfang_man1-langfang_edge1,1.0144249428371879,1.0,,GA
2073.0,48215.0,beijing_man2,8,True,beijing_man2-beijing_edge2,1.0140468168756656,1.0,,GA
2074.0,18358.0,tianjin_man2,19,True,tianjin_man2-tianjin_edge3,6.034596827249561,1.0,,GA
2075.0,90604.0,tianjin_man2,17,True,tianjin_man2-tianjin_edge1,6.015722649171329,1.0,,GA
2076.0,26677.0,beijing_man1,9,True,beijing_man1-beijing_edge3,6.027703513779367,1.0,,GA
2077.0,34841.0,beijing_man1,7,True,beijing_man1-beijing_edge1,1.0148380685943421,1.0,,GA
2078.0,57533.0,tangshan_man1,50,True,tangshan_man1-tangshan_edge1,1.0140310269504094,1.0,,GA
2079.0,25887.0,hengshui_man1,68,True,hengshui_man1-hengshui_edge1,1.0260921686476931,1.0,,GA
2080.0,18215.0,tianjin_man2,16,True,tianjin_man2-tianjin_core2-tianjin_cloud2,11.029420554480202,1.0,,GA
2081.0,66000.0,handan_man1,54,True,handan_man1-handan_edge1,1.0172847114507777,1.0,,GA
2082.0,58754.0,cangzhou_man1,64,True,cangzhou_man1-cangzhou_edge1,1.014184345373383,1.0,,GA
2083.0,62874.0,cangzhou_man1,64,True,cangzhou_man1-cangzhou_edge1,1.0156614379824487,1.0,,GA
2084.0,16315.0,xingtai_man1,56,True,xingtai_man1-xingtai_edge1,1.026760737304701,1.0,,GA
2085.0,33467.0,tangshan_man2,51,True,tangshan_man2-tangshan_edge2,1.0141072763114447,1.0,,GA
2086.0,89013.0,beijing_man2,8,True,beijing_man2-beijing_edge2,1.015841530953418,1.0,,GA
2087.0,51611.0,tangshan_man2,51,True,tangshan_man2-tangshan_edge2,1.0139076053853193,1.0,,GA
2088.0,78270.0,handan_man1,54,True,handan_man1-handan_edge1,1.0149979966221208,1.0,,GA
2089.0,31976.0,zhangjiako_man1,60,True,zhangjiako_man1-zhangjiako_edge1,1.0165191341177002,1.0,,GA
2090.0,44737.0,handan_man1,54,True,handan_man1-handan_edge1,1.0139001336800217,1.0,,GA
2091.0,91424.0,tianjin_man2,15,True,tianjin_man2-tianjin_core1-tianjin_cloud1,11.014228378913094,1.0,,GA
2092.0,88762.0,tianjin_man2,18,True,tianjin_man2-tianjin_edge2,1.014640885537725,1.0,,GA
2093.0,48289.0,shijiangzhuang_man1,48,True,shijiangzhuang_man1-shijiangzhuang_edge1,1.0141882729238214,1.0,,GA
2094.0,84102.0,baoding_man2,59,True,baoding_man2-baoding_edge2,1.0146353764089369,1.0,,GA
2095.0,78286.0,baoding_man2,59,True,baoding_man2-baoding_edge2,1.013505562400809,1.0,,GA
2096.0,1664.0,xingtai_man1,56,True,xingtai_man1-xingtai_edge1,1.0378830964035695,1.0,,GA
2097.0,39910.0,beijing_man2,8,True,beijing_man2-beijing_edge2,1.017010437976637,1.0,,GA
2098.0,40776.0,tangshan_man1,50,True,tangshan_man1-tangshan_edge1,1.0135778240114177,1.0,,GA
2099.0,25375.0,cangzhou_man1,64,True,cangzhou_man1-cangzhou_edge1,1.028476116028977,1.0,,GA
2100.0,84736.0,tianjin_man2,18,True,tianjin_man2-tianjin_edge2,1.0160858061132791,1.0,,GA
2101.0,33854.0,tianjin_man2,18,True,tianjin_man2-tianjin_edge2,1.0158690058700592,1.0,,GA
2102.0,76403.0,tianjin_man2,18,True,tianjin_man2-tianjin_edge2,1.0166194103769555,1.0,,GA
2103.0,68604.0,beijing_man1,7,True,beijing_man1-beijing_edge1,1.0159574645632299,1.0,,GA
2104.0,18789.0,hengshui_man1,68,True,hengshui_man1-hengshui_edge1,1.025119465320308,1.0,,GA
2105.0,98626.0,beijing_man1,7,True,beijing_man1-beijing_edge1,1.0173946476448363,1.0,,GA
2106.0,4608.0,handan_man1,54,True,handan_man1-handan_edge1,1.0332550158789167,1.0,,GA
2107.0,29938.0,cangzhou_man1,64,True,cangzhou_man1-cangzhou_edge1,1.032159953301199,1.0,,GA
2108.0,10261.0,hengshui_man1,68,True,hengshui_man1-hengshui_edge1,1.0337252253741867,1.0,,GA
2109.0,21107.0,baoding_man1,58,True,baoding_man1-baoding_edge1,1.0362131270415174,1.0,,GA
2110.0,68897.0,baoding_man2,59,True,baoding_man2-baoding_edge2,1.0153475174532955,1.0,,GA
2111.0,26885.0,beijing_man2,6,True,beijing_man2-beijing_core2-beijing_cloud2,11.034816407743776,1.0,,GA
2112.0,42577.0,tianjin_man2,18,True,tianjin_man2-tianjin_edge2,1.0137637348571134,1.0,,GA
2113.0,12363.0,xingtai_man1,56,True,xingtai_man1-xingtai_edge1,1.0283890944637435,1.0,,GA
2114.0,97881.0,langfang_man2,67,True,langfang_man2-langfang_edge2,1.0149827914495082,1.0,,GA
2115.0,6815.0,shijiangzhuang_man1,24,True,shijiangzhuang_man1-shijiangzhuang_core-shijiangzhuang_cloud,11.042178398339564,1.0,,GA
2116.0,55142.0,langfang_man1,66,True,langfang_man1-langfang_edge1,1.0135291626798753,1.0,,GA
2117.0,29569.0,qhd_man2,53,True,qhd_man2-qhd_edge2,1.0413011688402423,1.0,,GA
2118.0,67374.0,shijiangzhuang_man1,48,True,shijiangzhuang_man1-shijiangzhuang_edge1,1.0152201044346165,1.0,,GA
2119.0,83625.0,shijiangzhuang_man1,48,True,shijiangzhuang_man1-shijiangzhuang_edge1,1.0166522380522653,1.0,,GA
2120.0,67640.0,handan_man1,54,True,handan_man1-handan_edge1,1.015578093571763,1.0,,GA
2121.0,60850.0,cangzhou_man1,64,True,cangzhou_man1-cangzhou_edge1,1.015412481602509,1.0,,GA
2122.0,53269.0,baoding_man1,58,True,baoding_man1-baoding_edge1,1.0140743176466733,1.0,,GA
2123.0,18496.0,chengde_man1,62,True,chengde_man1-chengde_edge1,1.026503552373654,1.0,,GA
2124.0,2657.0,tangshan_man1,50,True,tangshan_man1-tangshan_edge1,1.0386297330446388,1.0,,GA
2125.0,88817.0,beijing_man2,8,True,beijing_man2-beijing_edge2,1.0140332340001572,1.0,,GA
2126.0,48657.0,tianjin_man2,18,True,tianjin_man2-tianjin_edge2,1.0139298060854298,1.0,,GA
2127.0,22924.0,tangshan_man2,51,True,tangshan_man2-tangshan_edge2,1.0243098553419219,1.0,,GA
2128.0,76876.0,baoding_man1,36,True,baoding_man1-baoding_cloud,11.016800760512943,1.0,,GA
2129.0,30543.0,handan_man1,54,True,handan_man1-handan_edge1,1.0139574891403187,1.0,,GA
2130.0,43516.0,handan_man1,54,True,handan_man1-handan_edge1,1.0137451462422076,1.0,,GA
2131.0,78746.0,cangzhou_man2,65,True,cangzhou_man2-cangzhou_edge2,1.014632485290607,1.0,,GA
2132.0,34769.0,qhd_man2,53,True,qhd_man2-qhd_edge2,1.0158766815877223,1.0,,GA
2133.0,76895.0,handan_man2,55,True,handan_man2-handan_edge2,1.0143164164682987,1.0,,GA
2134.0,77111.0,baoding_man1,58,True,baoding_man1-baoding_edge1,1.0146990482465699,1.0,,GA
2135.0,64720.0,handan_man1,54,True,handan_man1-handan_edge1,1.0172548403874975,1.0,,GA
2136.0,37373.0,chengde_man1,62,True,chengde_man1-chengde_edge1,1.013911739107751,1.0,,GA
2137.0,54430.0,baoding_man2,59,True,baoding_man2-baoding_edge2,1.014449694171254,1.0,,GA
2138.0,18779.0,qhd_man1,52,True,qhd_man1-qhd_edge1,1.0229355998389522,1.0,,GA
2139.0,83791.0,beijing_man2,8,True,beijing_man2-beijing_edge2,1.0174422362223092,1.0,,GA
2140.0,61325.0,tianjin_man2,20,True,tianjin_man2-tianjin_edge4,6.017447024262891,1.0,,GA
2141.0,32330.0,cangzhou_man1,64,True,cangzhou_man1-cangzhou_edge1,1.0155290010219107,1.0,,GA
2142.0,39766.0,baoding_man1,58,True,baoding_man1-baoding_edge1,1.0147302796030353,1.0,,GA
2143.0,43109.0,handan_man1,54,True,handan_man1-handan_edge1,1.014093391640699,1.0,,GA
2144.0,35033.0,langfang_man1,66,True,langfang_man1-langfang_edge1,1.0140554280620606,1.0,,GA
2145.0,5763.0,hengshui_man2,69,True,hengshui_man2-hengshui_edge2,1.0423436957156016,1.0,,GA
2146.0,2431.0,xingtai_man1,56,True,xingtai_man1-xingtai_edge1,1.0326601103375808,1.0,,GA
2147.0,9031.0,zhangjiako_man1,60,True,zhangjiako_man1-zhangjiako_edge1,1.0247409246970065,1.0,,GA
2148.0,23351.0,shijiangzhuang_man1,48,True,shijiangzhuang_man1-shijiangzhuang_edge1,1.0404192927547948,1.0,,GA
2149.0,67152.0,handan_man1,54,True,handan_man1-handan_edge1,1.0162960625088695,1.0,,GA
2150.0,506.0,cangzhou_man1,64,True,cangzhou_man1-cangzhou_edge1,1.036367448528554,1.0,,GA
2151.0,16831.0,zhangjiako_man1,60,True,zhangjiako_man1-zhangjiako_edge1,1.0272274470214404,1.0,,GA
2152.0,6435.0,xingtai_man1,56,True,xingtai_man1-xingtai_edge1,1.0366076023847037,1.0,,GA
2153.0,68793.0,baoding_man1,58,True,baoding_man1-baoding_edge1,1.01377588324298,1.0,,GA
2154.0,41374.0,langfang_man1,66,True,langfang_man1-langfang_edge1,1.014088043726889,1.0,,GA
2155.0,44104.0,xingtai_man1,56,True,xingtai_man1-xingtai_edge1,1.014422205060465,1.0,,GA
2156.0,64714.0,cangzhou_man1,64,True,cangzhou_man1-cangzhou_edge1,1.0155223462286842,1.0,,GA
2157.0,22707.0,zhangjiako_man1,60,True,zhangjiako_man1-zhangjiako_edge1,1.024718531687104,1.0,,GA
2158.0,37782.0,langfang_man1,66,True,langfang_man1-langfang_edge1,1.0168569948255617,1.0,,GA
2159.0,50425.0,cangzhou_man2,65,True,cangzhou_man2-cangzhou_edge2,1.0136719600577306,1.0,,GA
2160.0,90580.0,langfang_man1,66,True,langfang_man1-langfang_edge1,1.0148490685055769,1.0,,GA
2161.0,7918.0,beijing_man1,5,True,beijing_man1-beijing_core1-beijing_cloud1,11.034624199439353,1.0,,GA
2162.0,59372.0,beijing_man2,8,True,beijing_man2-beijing_edge2,1.0142086759352982,1.0,,GA
2163.0,49738.0,shijiangzhuang_man1,48,True,shijiangzhuang_man1-shijiangzhuang_edge1,1.0142763979190041,1.0,,GA
2164.0,30051.0,baoding_man1,58,True,baoding_man1-baoding_edge1,1.015488618462481,1.0,,GA
2165.0,68291.0,xingtai_man1,56,True,xingtai_man1-xingtai_edge1,1.0135022957034263,1.0,,GA
2166.0,87518.0,baoding_man2,59,True,baoding_man2-baoding_edge2,1.0169297347396409,1.0,,GA
2167.0,6972.0,hengshui_man1,68,True,hengshui_man1-hengshui_edge1,1.0359126351529437,1.0,,GA
2168.0,28655.0,shijiangzhuang_man1,49,True,shijiangzhuang_man1-shijiangzhuang_edge2,11.033803218819317,1.0,,GA
2169.0,13967.0,tangshan_man1,50,True,tangshan_man1-tangshan_edge1,1.0343773710496924,1.0,,GA
2170.0,906.0,zhangjiako_man1,60,True,zhangjiako_man1-zhangjiako_edge1,1.0342786311487424,1.0,,GA
2171.0,52469.0,langfang_man1,66,True,langfang_man1-langfang_edge1,1.0135365997430856,1.0,,GA
2172.0,36699.0,xingtai_man1,56,True,xingtai_man1-xingtai_edge1,1.0144690043283875,1.0,,GA
2173.0,40411.0,shijiangzhuang_man1,48,True,shijiangzhuang_man1-shijiangzhuang_edge1,1.0137658532950709,1.0,,GA
2174.0,11922.0,beijing_man2,10,True,beijing_man2-beijing_edge4,6.0329245931689375,1.0,,GA
2175.0,91804.0,tianjin_man2,19,True,tianjin_man2-tianjin_edge3,6.015349600781776,1.0,,GA
2176.0,46813.0,tangshan_man2,51,True,tangshan_man2-tangshan_edge2,1.0136997180621459,1.0,,GA
2177.0,21442.0,tangshan_man2,51,True,tangshan_man2-tangshan_edge2,1.0366713979227733,1.0,,GA
2178.0,72957.0,tianjin_man2,18,True,tianjin_man2-tianjin_edge2,1.0160744101226342,1.0,,GA
2179.0,49168.0,xingtai_man1,56,True,xingtai_man1-xingtai_edge1,1.0137243470266906,1.0,,GA
2180.0,33169.0,handan_man1,54,True,handan_man1-handan_edge1,1.0171776819978269,1.0,,GA
2181.0,67866.0,cangzhou_man2,65,True,cangzhou_man2-cangzhou_edge2,1.0142275138074353,1.0,,GA
2182.0,18826.0,tianjin_man2,17,True,tianjin_man2-tianjin_edge1,6.032313772035412,1.0,,GA
2183.0,85094.0,baoding_man2,59,True,baoding_man2-baoding_edge2,1.0166705947721233,1.0,,GA
2184.0,87342.0,cangzhou_man2,65,True,cangzhou_man2-cangzhou_edge2,1.0169807290575676,1.0,,GA
2185.0,93137.0,beijing_man1,7,True,beijing_man1-beijing_edge1,1.0138411482772725,1.0,,GA
2186.0,90985.0,beijing_man1,7,True,beijing_man1-beijing_edge1,1.015587331853426,1.0,,GA
2187.0,83127.0,beijing_man1,7,True,beijing_man1-beijing_edge1,1.015884893360938,1.0,,GA
2188.0,91128.0,tianjin_man2,18,True,tianjin_man2-tianjin_edge2,1.0173937934984338,1.0,,GA
2189.0,17977.0,langfang_man1,66,True,langfang_man1-langfang_edge1,1.040934769179839,1.0,,GA
2190.0,10165.0,cangzhou_man1,64,True,cangzhou_man1-cangzhou_edge1,1.037605152174947,1.0,,GA
2191.0,95272.0,beijing_man1,7,True,beijing_man1-beijing_edge1,1.0155407340586369,1.0,,GA
2192.0,13129.0,cangzhou_man1,64,True,cangzhou_man1-cangzhou_edge1,1.0374314387235484,1.0,,GA
2193.0,80465.0,shijiangzhuang_man1,48,True,shijiangzhuang_man1-shijiangzhuang_edge1,1.0147625167786944,1.0,,GA
2194.0,41583.0,langfang_man1,66,True,langfang_man1-langfang_edge1,1.013906617294099,1.0,,GA
2195.0,84233.0,shijiangzhuang_man1,48,True,shijiangzhuang_man1-shijiangzhuang_edge1,1.0143536480832425,1.0,,GA
2196.0,30522.0,langfang_man1,66,True,langfang_man1-langfang_edge1,1.0170579660788805,1.0,,GA
2197.0,41168.0,beijing_man2,8,True,beijing_man2-beijing_edge2,1.014330391670157,1.0,,GA
2198.0,59755.0,xingtai_man1,56,True,xingtai_man1-xingtai_edge1,1.0136090006273002,1.0,,GA
2199.0,44891.0,handan_man1,54,True,handan_man1-handan_edge1,1.0140907173468183,1.0,,GA
2200.0,11556.0,cangzhou_man1,64,True,cangzhou_man1-cangzhou_edge1,1.0249942236518226,1.0,,GA
2201.0,62675.0,xingtai_man1,56,True,xingtai_man1-xingtai_edge1,1.0136933149785852,1.0,,GA
2202.0,68342.0,shijiangzhuang_man1,48,True,shijiangzhuang_man1-shijiangzhuang_edge1,1.013990434460152,1.0,,GA
2203.0,91519.0,beijing_man2,8,True,beijing_man2-beijing_edge2,1.0141540293070381,1.0,,GA
2204.0,86118.0,baoding_man1,58,True,baoding_man1-baoding_edge1,1.0145951517988854,1.0,,GA
2205.0,68080.0,handan_man1,54,True,handan_man1-handan_edge1,1.0157379149262755,1.0,,GA
2206.0,93603.0,beijing_man1,7,True,beijing_man1-beijing_edge1,1.0157766444234029,1.0,,GA
2207.0,85009.0,shijiangzhuang_man1,48,True,shijiangzhuang_man1-shijiangzhuang_edge1,1.0140451907931556,1.0,,GA
2208.0,42445.0,tianjin_man2,18,True,tianjin_man2-tianjin_edge2,1.0137900530815045,1.0,,GA
2209.0,5789.0,hengshui_man1,68,True,hengshui_man1-hengshui_edge1,1.0266378319334926,1.0,,GA
2210.0,27238.0,shijiangzhuang_man1,24,True,shijiangzhuang_man1-shijiangzhuang_core-shijiangzhuang_cloud,11.041900734205697,1.0,,GA
2211.0,30504.0,handan_man1,54,True,handan_man1-handan_edge1,1.015033812201095,1.0,,GA
2212.0,28815.0,qhd_man1,52,True,qhd_man1-qhd_edge1,1.0254892300149347,1.0,,GA
2213.0,34306.0,cangzhou_man1,64,True,cangzhou_man1-cangzhou_edge1,1.0136483847554685,1.0,,GA
2214.0,8359.0,xingtai_man1,57,True,xingtai_man1-xingtai_edge2,11.0421927001911,1.0,,GA
2215.0,87944.0,tianjin_man2,18,True,tianjin_man2-tianjin_edge2,1.0152797961817854,1.0,,GA
2216.0,68112.0,handan_man1,54,True,handan_man1-handan_edge1,1.0154848390143365,1.0,,GA
2217.0,72287.0,tangshan_man2,51,True,tangshan_man2-tangshan_edge2,1.0141927510373046,1.0,,GA
2218.0,29119.0,cangzhou_man1,64,True,cangzhou_man1-cangzhou_edge1,1.022987357578845,1.0,,GA
2219.0,5480.0,qhd_man1,52,True,qhd_man1-qhd_edge1,1.037528509472404,1.0,,GA
2220.0,75167.0,beijing_man2,8,True,beijing_man2-beijing_edge2,1.016033493406237,1.0,,GA
2221.0,87413.0,shijiangzhuang_man1,48,True,shijiangzhuang_man1-shijiangzhuang_edge1,1.0142886622164426,1.0,,GA
2222.0,2115.0,zhangjiako_man1,60,True,zhangjiako_man1-zhangjiako_edge1,1.0260866080046998,1.0,,GA
2223.0,64127.0,tangshan_man1,50,True,tangshan_man1-tangshan_edge1,1.014565735359716,1.0,,GA
2224.0,62184.0,handan_man1,54,True,handan_man1-handan_edge1,1.017458158956072,1.0,,GA
2225.0,98665.0,beijing_man2,8,True,beijing_man2-beijing_edge2,1.0174136854369369,1.0,,GA
2226.0,64007.0,tangshan_man1,50,True,tangshan_man1-tangshan_edge1,1.0149982399752366,1.0,,GA
2227.0,72010.0,shijiangzhuang_man1,48,True,shijiangzhuang_man1-shijiangzhuang_edge1,1.0146528421526257,1.0,,GA
2228.0,91727.0,beijing_man1,7,True,beijing_man1-beijing_edge1,1.01503879096625,1.0,,GA
2229.0,29385.0,tangshan_man2,51,True,tangshan_man2-tangshan_edge2,1.0363437531241098,1.0,,GA
2230.0,29012.0,zhangjiako_man1,60,True,zhangjiako_man1-zhangjiako_edge1,1.028801112537896,1.0,,GA
2231.0,23772.0,baoding_man2,59,True,baoding_man2-baoding_edge2,1.0305690525156248,1.0,,GA
2232.0,78797.0,beijing_man1,7,True,beijing_man1-beijing_edge1,1.0166581957766794,1.0,,GA
2233.0,42076.0,baoding_man1,58,True,baoding_man1-baoding_edge1,1.0141232998394825,1.0,,GA
2234.0,48583.0,xingtai_man1,56,True,xingtai_man1-xingtai_edge1,1.01362175001311,1.0,,GA
2235.0,88383.0,baoding_man2,59,True,baoding_man2-baoding_edge2,1.016338817205435,1.0,,GA
2236.0,51651.0,cangzhou_man1,64,True,cangzhou_man1-cangzhou_edge1,1.0142375060761217,1.0,,GA
2237.0,50340.0,tianjin_man2,18,True,tianjin_man2-tianjin_edge2,1.0138652867795932,1.0,,GA
2238.0,57646.0,xingtai_man1,56,True,xingtai_man1-xingtai_edge1,1.0136475997875987,1.0,,GA
2239.0,42218.0,handan_man1,54,True,handan_man1-handan_edge1,1.013928686707626,1.0,,GA
2240.0,41201.0,beijing_man1,7,True,beijing_man1-beijing_edge1,1.0141544880413391,1.0,,GA
2241.0,16817.0,baoding_man1,58,True,baoding_man1-baoding_edge1,1.0281485443732175,1.0,,GA
2242.0,91242.0,tianjin_man2,20,True,tianjin_man2-tianjin_edge4,6.01355204380721,1.0,,GA
2243.0,50331.0,tianjin_man2,18,True,tianjin_man2-tianjin_edge2,1.0142384800587108,1.0,,GA
2244.0,4228.0,shijiangzhuang_man1,49,True,shijiangzhuang_man1-shijiangzhuang_edge2,11.031544900874827,1.0,,GA
2245.0,65677.0,tianjin_man2,19,True,tianjin_man2-tianjin_edge3,6.017239651270334,1.0,,GA
2246.0,23610.0,tianjin_man2,17,True,tianjin_man2-tianjin_edge1,6.0230148646651545,1.0,,GA
2247.0,78959.0,shijiangzhuang_man1,48,True,shijiangzhuang_man1-shijiangzhuang_edge1,1.0174250737086856,1.0,,GA
2248.0,66715.0,xingtai_man1,56,True,xingtai_man1-xingtai_edge1,1.0173241101101218,1.0,,GA
2249.0,41169.0,tianjin_man2,18,True,tianjin_man2-tianjin_edge2,1.0139539610616153,1.0,,GA
2250.0,58242.0,tianjin_man2,18,True,tianjin_man2-tianjin_edge2,1.014350595578613,1.0,,GA
2251.0,68430.0,shijiangzhuang_man1,48,True,shijiangzhuang_man1-shijiangzhuang_edge1,1.0150237677589184,1.0,,GA
2252.0,85068.0,tianjin_man2,18,True,tianjin_man2-tianjin_edge2,1.0160709889636437,1.0,,GA
2253.0,36384.0,chengde_man1,62,True,chengde_man1-chengde_edge1,1.0152164272145916,1.0,,GA
2254.0,73139.0,tangshan_man1,50,True,tangshan_man1-tangshan_edge1,1.016336513080063,1.0,,GA
2255.0,35332.0,langfang_man1,66,True,langfang_man1-langfang_edge1,1.0153501088926686,1.0,,GA
2256.0,34667.0,zhangjiako_man1,60,True,zhangjiako_man1-zhangjiako_edge1,1.0166933639717242,1.0,,GA
2257.0,49203.0,cangzhou_man1,64,True,cangzhou_man1-cangzhou_edge1,1.014440097192788,1.0,,GA
2258.0,29112.0,tangshan_man2,51,True,tangshan_man2-tangshan_edge2,1.0366904751031765,1.0,,GA
2259.0,86674.0,baoding_man2,59,True,baoding_man2-baoding_edge2,1.0155385374569317,1.0,,GA
2260.0,8873.0,qhd_man1,52,True,qhd_man1-qhd_edge1,1.0288011267221044,1.0,,GA
2261.0,53943.0,handan_man1,54,True,handan_man1-handan_edge1,1.0142343899514066,1.0,,GA
2262.0,391.0,beijing_man1,9,True,beijing_man1-beijing_edge3,6.040911085099064,1.0,,GA
2263.0,25977.0,shijiangzhuang_man1,24,True,shijiangzhuang_man1-shijiangzhuang_core-shijiangzhuang_cloud,11.034803199211712,1.0,,GA
2264.0,45863.0,cangzhou_man1,64,True,cangzhou_man1-cangzhou_edge1,1.0144183151829904,1.0,,GA
2265.0,1392.0,beijing_man1,7,True,beijing_man1-beijing_edge1,1.0293924619783985,1.0,,GA
2266.0,51162.0,handan_man1,54,True,handan_man1-handan_edge1,1.0139570515784582,1.0,,GA
2267.0,7783.0,zhangjiako_man1,60,True,zhangjiako_man1-zhangjiako_edge1,1.0401440434660956,1.0,,GA
2268.0,15200.0,shijiangzhuang_man1,48,True,shijiangzhuang_man1-shijiangzhuang_edge1,1.0230186509695416,1.0,,GA
2269.0,24670.0,zhangjiako_man1,60,True,zhangjiako_man1-zhangjiako_edge1,1.0258516616934614,1.0,,GA
2270.0,43485.0,baoding_man1,58,True,baoding_man1-baoding_edge1,1.013761132742712,1.0,,GA
2271.0,16024.0,baoding_man1,58,True,baoding_man1-baoding_edge1,1.0286035791320123,1.0,,GA
2272.0,93855.0,beijing_man1,7,True,beijing_man1-beijing_edge1,1.0173999003031942,1.0,,GA
2273.0,61611.0,xingtai_man1,56,True,xingtai_man1-xingtai_edge1,1.0154905777923002,1.0,,GA
2274.0,23232.0,beijing_man1,10,True,beijing_man1-beijing_edge4,6.036546947014949,1.0,,GA
2275.0,82257.0,shijiangzhuang_man1,48,True,shijiangzhuang_man1-shijiangzhuang_edge1,1.0158045680270826,1.0,,GA
2276.0,13776.0,zhangjiako_man1,60,True,zhangjiako_man1-zhangjiako_edge1,1.032743617957356,1.0,,GA
2277.0,88221.0,baoding_man2,59,True,baoding_man2-baoding_edge2,1.0160277554482031,1.0,,GA
2278.0,27516.0,baoding_man1,58,True,baoding_man1-baoding_edge1,1.0304687293643713,1.0,,GA
2279.0,19693.0,langfang_man1,67,True,langfang_man1-langfang_edge2,11.03838080070389,1.0,,GA
2280.0,23090.0,tianjin_man2,16,True,tianjin_man2-tianjin_core2-tianjin_cloud2,11.042023050128945,1.0,,GA
2281.0,22590.0,zhangjiako_man1,60,True,zhangjiako_man1-zhangjiako_edge1,1.0232735942090325,1.0,,GA
2282.0,82349.0,shijiangzhuang_man1,48,True,shijiangzhuang_man1-shijiangzhuang_edge1,1.0150641272497614,1.0,,GA
2283.0,61333.0,tianjin_man2,18,True,tianjin_man2-tianjin_edge2,1.016556922306495,1.0,,GA
2284.0,24870.0,beijing_man2,9,True,beijing_man2-beijing_edge3,6.041849547654802,1.0,,GA
2285.0,91859.0,beijing_man2,8,True,beijing_man2-beijing_edge2,1.0151828005102606,1.0,,GA
2286.0,80406.0,baoding_man1,36,True,baoding_man1-baoding_cloud,11.015704469684218,1.0,,GA
2287.0,70752.0,beijing_man2,6,True,beijing_man2-beijing_core2-beijing_cloud2,11.015978057487953,1.0,,GA
2288.0,42939.0,beijing_man2,8,True,beijing_man2-beijing_edge2,1.013816222114179,1.0,,GA
2289.0,3971.0,handan_man1,54,True,handan_man1-handan_edge1,1.038646005969092,1.0,,GA
2290.0,43310.0,langfang_man1,66,True,langfang_man1-langfang_edge1,1.0135812586289024,1.0,,GA
2291.0,13677.0,beijing_man1,5,True,beijing_man1-beijing_core1-beijing_cloud1,11.041344257480695,1.0,,GA
2292.0,52126.0,baoding_man1,58,True,baoding_man1-baoding_edge1,1.0135045450219935,1.0,,GA
2293.0,64932.0,beijing_man1,7,True,beijing_man1-beijing_edge1,1.0135078196937952,1.0,,GA
2294.0,85735.0,beijing_man2,8,True,beijing_man2-beijing_edge2,1.014178792765635,1.0,,GA
2295.0,74754.0,shijiangzhuang_man1,48,True,shijiangzhuang_man1-shijiangzhuang_edge1,1.0166389310510877,1.0,,GA
2296.0,61793.0,baoding_man1,58,True,baoding_man1-baoding_edge1,1.0153240798212575,1.0,,GA
2297.0,15870.0,chengde_man1,62,True,chengde_man1-chengde_edge1,1.0267234094444904,1.0,,GA
2298.0,85529.0,shijiangzhuang_man1,48,True,shijiangzhuang_man1-shijiangzhuang_edge1,1.0167427103729676,1.0,,GA
2299.0,70379.0,baoding_man1,58,True,baoding_man1-baoding_edge1,1.0159338768817179,1.0,,GA
2300.0,83314.0,baoding_man2,59,True,baoding_man2-baoding_edge2,1.0148629051915643,1.0,,GA
2301.0,77990.0,handan_man2,55,True,handan_man2-handan_edge2,1.015592204562609,1.0,,GA
2302.0,57598.0,cangzhou_man2,65,True,cangzhou_man2-cangzhou_edge2,1.0138768401392786,1.0,,GA
2303.0,57778.0,baoding_man1,58,True,baoding_man1-baoding_edge1,1.014341540157723,1.0,,GA
2304.0,24739.0,xingtai_man1,56,True,xingtai_man1-xingtai_edge1,1.0227776287024544,1.0,,GA
2305.0,41500.0,shijiangzhuang_man1,48,True,shijiangzhuang_man1-shijiangzhuang_edge1,1.0139535846210321,1.0,,GA
2306.0,91960.0,tianjin_man2,18,True,tianjin_man2-tianjin_edge2,1.0154647564852275,1.0,,GA
2307.0,89321.0,beijing_man2,8,True,beijing_man2-beijing_edge2,1.0160854041515934,1.0,,GA
2308.0,83020.0,tianjin_man2,18,True,tianjin_man2-tianjin_edge2,1.0157612696638298,1.0,,GA
2309.0,4333.0,hengshui_man1,68,True,hengshui_man1-hengshui_edge1,1.0256229713739013,1.0,,GA
2310.0,65150.0,shijiangzhuang_man1,48,True,shijiangzhuang_man1-shijiangzhuang_edge1,1.0138132516573848,1.0,,GA
2311.0,46935.0,baoding_man1,58,True,baoding_man1-baoding_edge1,1.0136677160567182,1.0,,GA
2312.0,60297.0,baoding_man2,59,True,baoding_man2-baoding_edge2,1.0159535467024015,1.0,,GA
2313.0,6554.0,tianjin_man2,15,True,tianjin_man2-tianjin_core1-tianjin_cloud1,11.03245424792846,1.0,,GA
2314.0,17011.0,qhd_man1,52,True,qhd_man1-qhd_edge1,1.0337964739961698,1.0,,GA
2315.0,69600.0,tangshan_man1,50,True,tangshan_man1-tangshan_edge1,1.015649553990335,1.0,,GA
2316.0,70357.0,handan_man1,54,True,handan_man1-handan_edge1,1.0158410714797372,1.0,,GA
2317.0,30759.0,beijing_man2,8,True,beijing_man2-beijing_edge2,1.0141231742416459,1.0,,GA
2318.0,44578.0,beijing_man1,7,True,beijing_man1-beijing_edge1,1.0144013414796607,1.0,,GA
2319.0,27909.0,langfang_man1,66,True,langfang_man1-langfang_edge1,1.035470424484719,1.0,,GA
2320.0,8377.0,tangshan_man2,51,True,tangshan_man2-tangshan_edge2,1.0248567336513992,1.0,,GA
2321.0,67954.0,cangzhou_man1,64,True,cangzhou_man1-cangzhou_edge1,1.0143296503656698,1.0,,GA
2322.0,15369.0,shijiangzhuang_man1,48,True,shijiangzhuang_man1-shijiangzhuang_edge1,1.0366092311006474,1.0,,GA
2323.0,18263.0,langfang_man1,66,True,langfang_man1-langfang_edge1,1.0317138115837117,1.0,,GA
2324.0,13664.0,beijing_man2,8,True,beijing_man2-beijing_edge2,1.0236561586039246,1.0,,GA
2325.0,94236.0,beijing_man2,8,True,beijing_man2-beijing_edge2,1.0156307379148897,1.0,,GA
2326.0,76967.0,beijing_man2,8,True,beijing_man2-beijing_edge2,1.0152263838188809,1.0,,GA
2327.0,75657.0,beijing_man2,8,True,beijing_man2-beijing_edge2,1.0174653401592506,1.0,,GA
2328.0,35041.0,handan_man1,54,True,handan_man1-handan_edge1,1.0137762317476409,1.0,,GA
2329.0,68741.0,tianjin_man2,20,True,tianjin_man2-tianjin_edge4,6.016743569384583,1.0,,GA
2330.0,88336.0,beijing_man2,8,True,beijing_man2-beijing_edge2,1.016448362795053,1.0,,GA
2331.0,94055.0,beijing_man2,8,True,beijing_man2-beijing_edge2,1.0153367521188983,1.0,,GA
2332.0,52953.0,handan_man1,54,True,handan_man1-handan_edge1,1.0137491539584131,1.0,,GA
2333.0,25248.0,tianjin_man2,19,True,tianjin_man2-tianjin_edge3,6.025234183404416,1.0,,GA
2334.0,34078.0,tangshan_man2,51,True,tangshan_man2-tangshan_edge2,1.0148849322142317,1.0,,GA
2335.0,98888.0,langfang_man1,66,True,langfang_man1-langfang_edge1,1.0137465303222906,1.0,,GA
2336.0,74301.0,baoding_man1,58,True,baoding_man1-baoding_edge1,1.0168900165999832,1.0,,GA
2337.0,71223.0,tianjin_man2,17,True,tianjin_man2-tianjin_edge1,6.017040662623977,1.0,,GA
2338.0,92373.0,beijing_man1,7,True,beijing_man1-beijing_edge1,1.016128944833163,1.0,,GA
2339.0,90435.0,beijing_man2,8,True,beijing_man2-beijing_edge2,1.0146325162212722,1.0,,GA
2340.0,57731.0,tangshan_man2,51,True,tangshan_man2-tangshan_edge2,1.013698581356295,1.0,,GA
2341.0,48697.0,baoding_man1,58,True,baoding_man1-baoding_edge1,1.0141384396811643,1.0,,GA
2342.0,23469.0,hengshui_man1,68,True,hengshui_man1-hengshui_edge1,1.0418262247280532,1.0,,GA
2343.0,2730.0,xingtai_man1,57,True,xingtai_man1-xingtai_edge2,11.041047752381079,1.0,,GA
2344.0,69826.0,baoding_man1,58,True,baoding_man1-baoding_edge1,1.0169784260627743,1.0,,GA
2345.0,97451.0,beijing_man1,10,True,beijing_man1-beijing_edge4,6.017278132145691,1.0,,GA
2346.0,86911.0,beijing_man2,8,True,beijing_man2-beijing_edge2,1.0139869526678231,1.0,,GA
2347.0,82470.0,baoding_man2,59,True,baoding_man2-baoding_edge2,1.0156260260945336,1.0,,GA
2348.0,31913.0,langfang_man1,66,True,langfang_man1-langfang_edge1,1.0157632483082562,1.0,,GA
2349.0,94373.0,beijing_man2,8,True,beijing_man2-beijing_edge2,1.0148940104640563,1.0,,GA
2350.0,1433.0,shijiangzhuang_man1,49,True,shijiangzhuang_man1-shijiangzhuang_edge2,11.03565733546928,1.0,,GA
2351.0,70581.0,handan_man1,54,True,handan_man1-handan_edge1,1.0166292497077185,1.0,,GA
2352.0,37140.0,hengshui_man2,69,True,hengshui_man2-hengshui_edge2,1.0145288496622464,1.0,,GA
2353.0,3010.0,qhd_man1,52,True,qhd_man1-qhd_edge1,1.0301949523872482,1.0,,GA
2354.0,29658.0,tangshan_man2,51,True,tangshan_man2-tangshan_edge2,1.022525263836949,1.0,,GA
2355.0,84384.0,tianjin_man2,18,True,tianjin_man2-tianjin_edge2,1.0157965254145485,1.0,,GA
2356.0,28696.0,tangshan_man2,51,True,tangshan_man2-tangshan_edge2,1.0355463871890995,1.0,,GA
2357.0,72798.0,handan_man1,54,True,handan_man1-handan_edge1,1.01724495973166,1.0,,GA
2358.0,36469.0,hengshui_man1,68,True,hengshui_man1-hengshui_edge1,1.0166627455859067,1.0,,GA
2359.0,91044.0,tianjin_man2,18,True,tianjin_man2-tianjin_edge2,1.0165948628312833,1.0,,GA
2360.0,48779.0,langfang_man1,66,True,langfang_man1-langfang_edge1,1.0138575411397774,1.0,,GA
2361.0,4636.0,baoding_man1,58,True,baoding_man1-baoding_edge1,1.0259432885952564,1.0,,GA
2362.0,36117.0,shijiangzhuang_man1,48,True,shijiangzhuang_man1-shijiangzhuang_edge1,1.0143919686287746,1.0,,GA
2363.0,39099.0,xingtai_man1,56,True,xingtai_man1-xingtai_edge1,1.0149374854654707,1.0,,GA
2364.0,22134.0,baoding_man1,58,True,baoding_man1-baoding_edge1,1.032142346876738,1.0,,GA
2365.0,91593.0,beijing_man2,8,True,beijing_man2-beijing_edge2,1.0150934137193917,1.0,,GA
2366.0,81011.0,beijing_man1,7,True,beijing_man1-beijing_edge1,1.013910755010327,1.0,,GA
2367.0,88095.0,cangzhou_man2,65,True,cangzhou_man2-cangzhou_edge2,1.014873433264808,1.0,,GA
2368.0,78007.0,beijing_man1,9,True,beijing_man1-beijing_edge3,6.0170176965177005,1.0,,GA
2369.0,55480.0,shijiangzhuang_man1,48,True,shijiangzhuang_man1-shijiangzhuang_edge1,1.0144376597731624,1.0,,GA
2370.0,1841.0,baoding_man1,58,True,baoding_man1-baoding_edge1,1.0226579895699608,1.0,,GA
2371.0,5144.0,zhangjiako_man1,39,True,zhangjiako_man1-zhangjiako_cloud,11.03313772788058,1.0,,GA
2372.0,58110.0,handan_man1,54,True,handan_man1-handan_edge1,1.0143307518887112,1.0,,GA
2373.0,24093.0,hengshui_man1,68,True,hengshui_man1-hengshui_edge1,1.0371060698864696,1.0,,GA
2374.0,81131.0,beijing_man1,7,True,beijing_man1-beijing_edge1,1.0157120395716313,1.0,,GA
2375.0,44465.0,langfang_man1,66,True,langfang_man1-langfang_edge1,1.0137248503605774,1.0,,GA
2376.0,41078.0,cangzhou_man1,64,True,cangzhou_man1-cangzhou_edge1,1.0141938865199636,1.0,,GA
2377.0,42454.0,xingtai_man1,56,True,xingtai_man1-xingtai_edge1,1.0138270644683938,1.0,,GA
2378.0,58589.0,tianjin_man2,18,True,tianjin_man2-tianjin_edge2,1.0142281727771505,1.0,,GA
2379.0,41777.0,tangshan_man1,50,True,tangshan_man1-tangshan_edge1,1.0138767940019213,1.0,,GA
2380.0,10252.0,cangzhou_man2,65,True,cangzhou_man2-cangzhou_edge2,1.0422821819749948,1.0,,GA
2381.0,30516.0,tangshan_man2,51,True,tangshan_man2-tangshan_edge2,1.0156636452607235,1.0,,GA
2382.0,64546.0,cangzhou_man1,64,True,cangzhou_man1-cangzhou_edge1,1.014443090862913,1.0,,GA
2383.0,91896.0,tianjin_man2,18,True,tianjin_man2-tianjin_edge2,1.016926694771319,1.0,,GA
2384.0,39642.0,hengshui_man2,69,True,hengshui_man2-hengshui_edge2,1.0171481953462662,1.0,,GA
2385.0,88233.0,baoding_man1,58,True,baoding_man1-baoding_edge1,1.01417224726434,1.0,,GA
2386.0,52550.0,langfang_man1,66,True,langfang_man1-langfang_edge1,1.0138017009248634,1.0,,GA
2387.0,66747.0,xingtai_man1,56,True,xingtai_man1-xingtai_edge1,1.015356473570933,1.0,,GA
2388.0,19553.0,beijing_man2,8,True,beijing_man2-beijing_edge2,1.033500289659025,1.0,,GA
2389.0,9870.0,shijiangzhuang_man1,24,True,shijiangzhuang_man1-shijiangzhuang_core-shijiangzhuang_cloud,11.03206219327322,1.0,,GA
2390.0,50232.0,tianjin_man2,18,True,tianjin_man2-tianjin_edge2,1.0139008996425831,1.0,,GA
2391.0,25482.0,tianjin_man2,16,True,tianjin_man2-tianjin_core2-tianjin_cloud2,11.028638671985348,1.0,,GA
2392.0,43617.0,beijing_man2,8,True,beijing_man2-beijing_edge2,1.0143832041594916,1.0,,GA
2393.0,7002.0,baoding_man2,59,True,baoding_man2-baoding_edge2,1.028698589294597,1.0,,GA
2394.0,71554.0,shijiangzhuang_man1,48,True,shijiangzhuang_man1-shijiangzhuang_edge1,1.0140250664913246,1.0,,GA
2395.0,50701.0,shijiangzhuang_man1,48,True,shijiangzhuang_man1-shijiangzhuang_edge1,1.013612160059092,1.0,,GA
2396.0,3384.0,hengshui_man1,68,True,hengshui_man1-hengshui_edge1,1.0374543305654025,1.0,,GA
2397.0,88375.0,beijing_man2,8,True,beijing_man2-beijing_edge2,1.0155229536003458,1.0,,GA
2398.0,14958.0,cangzhou_man2,65,True,cangzhou_man2-cangzhou_edge2,1.0394544485326995,1.0,,GA
2399.0,56565.0,cangzhou_man1,64,True,cangzhou_man1-cangzhou_edge1,1.0144343197499088,1.0,,GA
2400.0,12601.0,hengshui_man1,68,True,hengshui_man1-hengshui_edge1,1.0261758941406582,1.0,,GA
2401.0,32607.0,shijiangzhuang_man1,48,True,shijiangzhuang_man1-shijiangzhuang_edge1,1.0160336514221973,1.0,,GA
2402.0,68402.0,cangzhou_man1,64,True,cangzhou_man1-cangzhou_edge1,1.0157206643456362,1.0,,GA
2403.0,52863.0,handan_man1,54,True,handan_man1-handan_edge1,1.0137329057579776,1.0,,GA
2404.0,63881.0,baoding_man1,58,True,baoding_man1-baoding_edge1,1.0172804979763188,1.0,,GA
2405.0,18670.0,tianjin_man2,15,True,tianjin_man2-tianjin_core1-tianjin_cloud1,11.041770525139734,1.0,,GA
2406.0,79362.0,beijing_man1,7,True,beijing_man1-beijing_edge1,1.0139246240278708,1.0,,GA
2407.0,94420.0,beijing_man1,7,True,beijing_man1-beijing_edge1,1.0144619753658912,1.0,,GA
2408.0,60314.0,cangzhou_man1,64,True,cangzhou_man1-cangzhou_edge1,1.0174577628165453,1.0,,GA
2409.0,43745.0,hengshui_man1,68,True,hengshui_man1-hengshui_edge1,1.0141052315876509,1.0,,GA
2410.0,35320.0,cangzhou_man1,64,True,cangzhou_man1-cangzhou_edge1,1.0166383511824642,1.0,,GA
2411.0,29136.0,shijiangzhuang_man1,49,True,shijiangzhuang_man1-shijiangzhuang_edge2,11.038436100299243,1.0,,GA
2412.0,32833.0,baoding_man1,58,True,baoding_man1-baoding_edge1,1.0171836174697702,1.0,,GA
2413.0,96496.0,beijing_man1,7,True,beijing_man1-beijing_edge1,1.0165299780630739,1.0,,GA
2414.0,49902.0,handan_man1,54,True,handan_man1-handan_edge1,1.0143711864391778,1.0,,GA
2415.0,31373.0,hengshui_man1,68,True,hengshui_man1-hengshui_edge1,1.0152661541927586,1.0,,GA
2416.0,60942.0,shijiangzhuang_man1,48,True,shijiangzhuang_man1-shijiangzhuang_edge1,1.0136790543487955,1.0,,GA
2417.0,32220.0,handan_man1,54,True,handan_man1-handan_edge1,1.0143525906005153,1.0,,GA
2418.0,68822.0,shijiangzhuang_man1,48,True,shijiangzhuang_man1-shijiangzhuang_edge1,1.0137357271255285,1.0,,GA
2419.0,94122.0,beijing_man2,8,True,beijing_man2-beijing_edge2,1.0170799393480559,1.0,,GA
2420.0,97493.0,beijing_man2,8,True,beijing_man2-beijing_edge2,1.015517121379611,1.0,,GA
2421.0,37769.0,tangshan_man1,50,True,tangshan_man1-tangshan_edge1,1.0154870326709096,1.0,,GA
2422.0,59454.0,shijiangzhuang_man1,48,True,shijiangzhuang_man1-shijiangzhuang_edge1,1.0137011544959504,1.0,,GA
2423.0,14821.0,beijing_man2,6,True,beijing_man2-beijing_core2-beijing_cloud2,11.029864707045238,1.0,,GA
2424.0,48165.0,handan_man1,54,True,handan_man1-handan_edge1,1.0144986969111485,1.0,,GA
2425.0,75747.0,beijing_man2,8,True,beijing_man2-beijing_edge2,1.0160648649572335,1.0,,GA
2426.0,30855.0,handan_man1,54,True,handan_man1-handan_edge1,1.0152002221003666,1.0,,GA
2427.0,47836.0,xingtai_man1,56,True,xingtai_man1-xingtai_edge1,1.0136221753459027,1.0,,GA
2428.0,66046.0,shijiangzhuang_man1,48,True,shijiangzhuang_man1-shijiangzhuang_edge1,1.0150065579720247,1.0,,GA
2429.0,92963.0,beijing_man2,8,True,beijing_man2-beijing_edge2,1.0135563795920903,1.0,,GA
2430.0,20584.0,tangshan_man1,50,True,tangshan_man1-tangshan_edge1,1.0381412436078974,1.0,,GA
2431.0,6012.0,handan_man1,54,True,handan_man1-handan_edge1,1.0365955238169704,1.0,,GA
2432.0,45611.0,xingtai_man1,56,True,xingtai_man1-xingtai_edge1,1.0141546727386586,1.0,,GA
2433.0,21224.0,baoding_man1,36,True,baoding_man1-baoding_cloud,11.030792886511616,1.0,,GA
2434.0,72668.0,beijing_man1,7,True,beijing_man1-beijing_edge1,1.0154861436366664,1.0,,GA
2435.0,96888.0,beijing_man1,10,True,beijing_man1-beijing_edge4,6.015503491885774,1.0,,GA
2436.0,30245.0,qhd_man2,53,True,qhd_man2-qhd_edge2,1.0149013352181067,1.0,,GA
2437.0,91212.0,tianjin_man2,20,True,tianjin_man2-tianjin_edge4,6.017187545937138,1.0,,GA
2438.0,4746.0,beijing_man2,5,True,beijing_man2-beijing_core1-beijing_cloud1,11.04096203014914,1.0,,GA
2439.0,58204.0,xingtai_man1,56,True,xingtai_man1-xingtai_edge1,1.0139155644793045,1.0,,GA
2440.0,12931.0,zhangjiako_man1,60,True,zhangjiako_man1-zhangjiako_edge1,1.022771057607035,1.0,,GA
2441.0,58727.0,tangshan_man2,51,True,tangshan_man2-tangshan_edge2,1.0138714171465193,1.0,,GA
2442.0,17060.0,hengshui_man2,69,True,hengshui_man2-hengshui_edge2,1.0325598440901615,1.0,,GA
2443.0,66712.0,handan_man1,54,True,handan_man1-handan_edge1,1.0144237755114334,1.0,,GA
2444.0,70723.0,cangzhou_man1,64,True,cangzhou_man1-cangzhou_edge1,1.0147499891470142,1.0,,GA
2445.0,8882.0,shijiangzhuang_man1,24,True,shijiangzhuang_man1-shijiangzhuang_core-shijiangzhuang_cloud,11.042351296232606,1.0,,GA
2446.0,70757.0,baoding_man2,59,True,baoding_man2-baoding_edge2,1.015283129151549,1.0,,GA
2447.0,85458.0,baoding_man1,58,True,baoding_man1-baoding_edge1,1.0160955607059958,1.0,,GA
2448.0,95929.0,beijing_man1,9,True,beijing_man1-beijing_edge3,6.0158447731558065,1.0,,GA
2449.0,89714.0,tianjin_man2,18,True,tianjin_man2-tianjin_edge2,1.0145840684461573,1.0,,GA
2450.0,76854.0,shijiangzhuang_man1,48,True,shijiangzhuang_man1-shijiangzhuang_edge1,1.014425762036404,1.0,,GA
2451.0,19734.0,xingtai_man1,56,True,xingtai_man1-xingtai_edge1,1.033555165925196,1.0,,GA
2452.0,38814.0,langfang_man1,66,True,langfang_man1-langfang_edge1,1.0158464968665237,1.0,,GA
2453.0,20564.0,langfang_man1,66,True,langfang_man1-langfang_edge1,1.025953507201192,1.0,,GA
2454.0,21827.0,xingtai_man1,56,True,xingtai_man1-xingtai_edge1,1.041461827891958,1.0,,GA
2455.0,57722.0,tangshan_man2,51,True,tangshan_man2-tangshan_edge2,1.014473837747184,1.0,,GA
2456.0,42222.0,cangzhou_man1,64,True,cangzhou_man1-cangzhou_edge1,1.0136697912081163,1.0,,GA
2457.0,43937.0,langfang_man1,66,True,langfang_man1-langfang_edge1,1.0136593324792191,1.0,,GA
2458.0,71435.0,tangshan_man2,51,True,tangshan_man2-tangshan_edge2,1.0141235995899758,1.0,,GA
2459.0,63608.0,handan_man1,54,True,handan_man1-handan_edge1,1.0174878917206347,1.0,,GA
2460.0,96603.0,baoding_man2,59,True,baoding_man2-baoding_edge2,1.0161949287782788,1.0,,GA
2461.0,21053.0,handan_man1,54,True,handan_man1-handan_edge1,1.0405616637481505,1.0,,GA
2462.0,19502.0,tianjin_man2,19,True,tianjin_man2-tianjin_edge3,6.0406356946240365,1.0,,GA
2463.0,63252.0,beijing_man2,8,True,beijing_man2-beijing_edge2,1.0169958690508358,1.0,,GA
2464.0,152.0,zhangjiako_man1,60,True,zhangjiako_man1-zhangjiako_edge1,1.0246820037201947,1.0,,GA
2465.0,78778.0,tianjin_man2,18,True,tianjin_man2-tianjin_edge2,1.0168494448345275,1.0,,GA
2466.0,59595.0,xingtai_man1,56,True,xingtai_man1-xingtai_edge1,1.0141345085678461,1.0,,GA
2467.0,23158.0,tangshan_man1,50,True,tangshan_man1-tangshan_edge1,1.0406814806393268,1.0,,GA
2468.0,78411.0,baoding_man1,58,True,baoding_man1-baoding_edge1,1.0137807433769739,1.0,,GA
2469.0,97285.0,langfang_man1,66,True,langfang_man1-langfang_edge1,1.014398655547813,1.0,,GA
2470.0,43245.0,cangzhou_man1,64,True,cangzhou_man1-cangzhou_edge1,1.0144880123063682,1.0,,GA
2471.0,52007.0,tangshan_man2,51,True,tangshan_man2-tangshan_edge2,1.013895660175663,1.0,,GA
2472.0,31400.0,tangshan_man2,51,True,tangshan_man2-tangshan_edge2,1.0159818905669455,1.0,,GA
2473.0,95270.0,beijing_man1,7,True,beijing_man1-beijing_edge1,1.0143895902387037,1.0,,GA
2474.0,76079.0,shijiangzhuang_man1,48,True,shijiangzhuang_man1-shijiangzhuang_edge1,1.0148413889149088,1.0,,GA
2475.0,61401.0,baoding_man1,58,True,baoding_man1-baoding_edge1,1.0162244429220728,1.0,,GA
2476.0,67432.0,handan_man1,54,True,handan_man1-handan_edge1,1.0143632080602794,1.0,,GA
2477.0,15905.0,handan_man1,54,True,handan_man1-handan_edge1,1.0348883905670472,1.0,,GA
2478.0,69175.0,tangshan_man1,50,True,tangshan_man1-tangshan_edge1,1.0156901581203293,1.0,,GA
2479.0,26917.0,qhd_man1,52,True,qhd_man1-qhd_edge1,1.0228061382345413,1.0,,GA
2480.0,10397.0,chengde_man1,62,True,chengde_man1-chengde_edge1,1.0317897107148752,1.0,,GA
2481.0,26057.0,tangshan_man2,51,True,tangshan_man2-tangshan_edge2,1.0372147413471067,1.0,,GA
2482.0,23263.0,handan_man1,54,True,handan_man1-handan_edge1,1.0383770800561225,1.0,,GA
2483.0,49995.0,cangzhou_man1,64,True,cangzhou_man1-cangzhou_edge1,1.0137241895859175,1.0,,GA
2484.0,45345.0,langfang_man1,66,True,langfang_man1-langfang_edge1,1.0144226765282418,1.0,,GA
2485.0,78798.0,tianjin_man2,18,True,tianjin_man2-tianjin_edge2,1.0161538298911437,1.0,,GA
2486.0,62410.0,cangzhou_man2,65,True,cangzhou_man2-cangzhou_edge2,1.0159699791384043,1.0,,GA
2487.0,5456.0,zhangjiako_man1,60,True,zhangjiako_man1-zhangjiako_edge1,1.0273744759860892,1.0,,GA
2488.0,76907.0,beijing_man1,7,True,beijing_man1-beijing_edge1,1.0170259498094623,1.0,,GA
2489.0,10146.0,handan_man1,54,True,handan_man1-handan_edge1,1.0281868938700118,1.0,,GA
2490.0,94069.0,beijing_man1,7,True,beijing_man1-beijing_edge1,1.0138273883582427,1.0,,GA
2491.0,73713.0,tianjin_man2,18,True,tianjin_man2-tianjin_edge2,1.0167570739603458,1.0,,GA
2492.0,96300.0,langfang_man1,66,True,langfang_man1-langfang_edge1,1.014721803565495,1.0,,GA
2493.0,9304.0,zhangjiako_man1,60,True,zhangjiako_man1-zhangjiako_edge1,1.0352290839467355,1.0,,GA
2494.0,74781.0,baoding_man2,59,True,baoding_man2-baoding_edge2,1.015570128561487,1.0,,GA
2495.0,63478.0,shijiangzhuang_man1,48,True,shijiangzhuang_man1-shijiangzhuang_edge1,1.016333572131611,1.0,,GA
2496.0,77572.0,beijing_man2,8,True,beijing_man2-beijing_edge2,1.0153852235822136,1.0,,GA
2497.0,57718.0,xingtai_man1,56,True,xingtai_man1-xingtai_edge1,1.0144396279623884,1.0,,GA
2498.0,19053.0,baoding_man1,58,True,baoding_man1-baoding_edge1,1.0280992305926087,1.0,,GA
2499.0,15186.0,tianjin_man2,17,True,tianjin_man2-tianjin_edge1,6.032205007681728,1.0,,GA
2500.0,75345.0,handan_man2,55,True,handan_man2-handan_edge2,1.0157212795779063,1.0,,GA
2501.0,68762.0,cangzhou_man1,64,True,cangzhou_man1-cangzhou_edge1,1.0164776409018506,1.0,,GA
2502.0,69475.0,handan_man1,54,True,handan_man1-handan_edge1,1.0167968568033487,1.0,,GA
2503.0,60972.0,beijing_man1,7,True,beijing_man1-beijing_edge1,1.0137002363358094,1.0,,GA
2504.0,72063.0,tianjin_man2,18,True,tianjin_man2-tianjin_edge2,1.0149830290929471,1.0,,GA
2505.0,58006.0,xingtai_man1,56,True,xingtai_man1-xingtai_edge1,1.0135685716612781,1.0,,GA
2506.0,1817.0,chengde_man1,62,True,chengde_man1-chengde_edge1,1.0328049304406592,1.0,,GA
2507.0,66333.0,tianjin_man2,18,True,tianjin_man2-tianjin_edge2,1.017028449429059,1.0,,GA
2508.0,92947.0,beijing_man1,7,True,beijing_man1-beijing_edge1,1.0155865870193233,1.0,,GA
2509.0,84771.0,beijing_man2,8,True,beijing_man2-beijing_edge2,1.0164274517561058,1.0,,GA
2510.0,46862.0,hengshui_man1,68,True,hengshui_man1-hengshui_edge1,1.013695555341747,1.0,,GA
2511.0,57880.0,xingtai_man1,56,True,xingtai_man1-xingtai_edge1,1.0141096900591147,1.0,,GA
2512.0,59908.0,beijing_man1,7,True,beijing_man1-beijing_edge1,1.013855259654914,1.0,,GA
2513.0,13201.0,handan_man1,54,True,handan_man1-handan_edge1,1.0280083455763118,1.0,,GA
2514.0,57887.0,langfang_man1,66,True,langfang_man1-langfang_edge1,1.0140910884924206,1.0,,GA
2515.0,97713.0,baoding_man2,59,True,baoding_man2-baoding_edge2,1.0162366588462994,1.0,,GA
2516.0,80078.0,tianjin_man2,20,True,tianjin_man2-tianjin_edge4,6.017168424662344,1.0,,GA
2517.0,23291.0,cangzhou_man2,65,True,cangzhou_man2-cangzhou_edge2,1.0386222204929532,1.0,,GA
2518.0,16865.0,hengshui_man1,68,True,hengshui_man1-hengshui_edge1,1.0325488830718925,1.0,,GA
2519.0,47064.0,handan_man1,54,True,handan_man1-handan_edge1,1.013593443911834,1.0,,GA
2520.0,50322.0,tianjin_man2,19,True,tianjin_man2-tianjin_edge3,6.013989914841087,1.0,,GA
2521.0,27286.0,cangzhou_man1,64,True,cangzhou_man1-cangzhou_edge1,1.0356921774798664,1.0,,GA
2522.0,83731.0,beijing_man1,7,True,beijing_man1-beijing_edge1,1.0151474566339709,1.0,,GA
2523.0,96658.0,langfang_man1,66,True,langfang_man1-langfang_edge1,1.0145445669953679,1.0,,GA
2524.0,86932.0,tianjin_man2,18,True,tianjin_man2-tianjin_edge2,1.014141236853805,1.0,,GA
2525.0,57437.0,langfang_man1,66,True,langfang_man1-langfang_edge1,1.014273883915134,1.0,,GA
2526.0,45248.0,xingtai_man1,56,True,xingtai_man1-xingtai_edge1,1.014346371057634,1.0,,GA
2527.0,28481.0,langfang_man1,66,True,langfang_man1-langfang_edge1,1.0260891205499423,1.0,,GA
2528.0,67713.0,baoding_man2,59,True,baoding_man2-baoding_edge2,1.0143547680790332,1.0,,GA
2529.0,79342.0,beijing_man2,8,True,beijing_man2-beijing_edge2,1.0142469008738162,1.0,,GA
2530.0,55265.0,tangshan_man1,50,True,tangshan_man1-tangshan_edge1,1.014216950854574,1.0,,GA
2531.0,15019.0,hengshui_man1,68,True,hengshui_man1-hengshui_edge1,1.0226387013168623,1.0,,GA
2532.0,24576.0,handan_man1,54,True,handan_man1-handan_edge1,1.0382706450834862,1.0,,GA
2533.0,84924.0,tianjin_man2,17,True,tianjin_man2-tianjin_edge1,6.015990277881465,1.0,,GA
2534.0,95284.0,beijing_man1,7,True,beijing_man1-beijing_edge1,1.0155975129202672,1.0,,GA
2535.0,78706.0,baoding_man2,59,True,baoding_man2-baoding_edge2,1.0164234647991868,1.0,,GA
2536.0,1489.0,qhd_man1,52,True,qhd_man1-qhd_edge1,1.0265931615144122,1.0,,GA
2537.0,57740.0,tangshan_man2,51,True,tangshan_man2-tangshan_edge2,1.0135117186570268,1.0,,GA
2538.0,28700.0,zhangjiako_man2,61,True,zhangjiako_man2-zhangjiako_edge2,1.0423263305252364,1.0,,GA
2539.0,16391.0,langfang_man1,66,True,langfang_man1-langfang_edge1,1.0348462634673474,1.0,,GA
2540.0,1551.0,hengshui_man2,69,True,hengshui_man2-hengshui_edge2,1.0382253524533216,1.0,,GA
2541.0,84872.0,tianjin_man2,18,True,tianjin_man2-tianjin_edge2,1.0138636633388949,1.0,,GA
2542.0,65902.0,shijiangzhuang_man1,48,True,shijiangzhuang_man1-shijiangzhuang_edge1,1.0172027163581099,1.0,,GA
2543.0,53052.0,handan_man1,54,True,handan_man1-handan_edge1,1.0135282230202347,1.0,,GA
2544.0,67734.0,shijiangzhuang_man1,48,True,shijiangzhuang_man1-shijiangzhuang_edge1,1.0150665318714223,1.0,,GA
2545.0,87328.0,tianjin_man2,18,True,tianjin_man2-tianjin_edge2,1.0167407149530538,1.0,,GA
2546.0,9898.0,tangshan_man2,51,True,tangshan_man2-tangshan_edge2,1.0270654890532267,1.0,,GA
2547.0,50259.0,tianjin_man2,16,True,tianjin_man2-tianjin_core2-tianjin_cloud2,11.013669516901098,1.0,,GA
2548.0,27169.0,cangzhou_man1,64,True,cangzhou_man1-cangzhou_edge1,1.0376685674238892,1.0,,GA
2549.0,7974.0,tangshan_man2,51,True,tangshan_man2-tangshan_edge2,1.0225348993907029,1.0,,GA
2550.0,84529.0,shijiangzhuang_man1,48,True,shijiangzhuang_man1-shijiangzhuang_edge1,1.0152533251973026,1.0,,GA
2551.0,83841.0,shijiangzhuang_man1,48,True,shijiangzhuang_man1-shijiangzhuang_edge1,1.0145227267516541,1.0,,GA
2552.0,53321.0,tangshan_man2,51,True,tangshan_man2-tangshan_edge2,1.0141962477113065,1.0,,GA
2553.0,51962.0,tangshan_man2,51,True,tangshan_man2-tangshan_edge2,1.0144937149249722,1.0,,GA
2554.0,94789.0,beijing_man1,7,True,beijing_man1-beijing_edge1,1.0156489362259848,1.0,,GA
2555.0,31810.0,cangzhou_man1,64,True,cangzhou_man1-cangzhou_edge1,1.0142848394730921,1.0,,GA
2556.0,11929.0,baoding_man1,58,True,baoding_man1-baoding_edge1,1.0323675616591914,1.0,,GA
2557.0,10817.0,beijing_man1,10,True,beijing_man1-beijing_edge4,6.035833378200524,1.0,,GA
2558.0,33106.0,baoding_man1,58,True,baoding_man1-baoding_edge1,1.0171323679137663,1.0,,GA
2559.0,56528.0,langfang_man1,66,True,langfang_man1-langfang_edge1,1.0140028478814218,1.0,,GA
2560.0,92960.0,beijing_man1,7,True,beijing_man1-beijing_edge1,1.0159870764943097,1.0,,GA
2561.0,75666.0,baoding_man2,59,True,baoding_man2-baoding_edge2,1.0136196537086417,1.0,,GA
2562.0,7586.0,qhd_man1,52,True,qhd_man1-qhd_edge1,1.0358199037302183,1.0,,GA
2563.0,34953.0,zhangjiako_man1,60,True,zhangjiako_man1-zhangjiako_edge1,1.0137510715634463,1.0,,GA
2564.0,10791.0,beijing_man2,9,True,beijing_man2-beijing_edge3,6.041406298035613,1.0,,GA
2565.0,88025.0,tianjin_man2,18,True,tianjin_man2-tianjin_edge2,1.0138372411517138,1.0,,GA
2566.0,24545.0,beijing_man2,6,True,beijing_man2-beijing_core2-beijing_cloud2,11.038653605723981,1.0,,GA
2567.0,72649.0,baoding_man2,59,True,baoding_man2-baoding_edge2,1.0174537091447182,1.0,,GA
2568.0,98757.0,beijing_man2,8,True,beijing_man2-beijing_edge2,1.0171630826955187,1.0,,GA
2569.0,42140.0,tangshan_man1,50,True,tangshan_man1-tangshan_edge1,1.0142235884039301,1.0,,GA
2570.0,11794.0,shijiangzhuang_man1,48,True,shijiangzhuang_man1-shijiangzhuang_edge1,1.0323455452029864,1.0,,GA
2571.0,50801.0,tangshan_man2,51,True,tangshan_man2-tangshan_edge2,1.0140810159201143,1.0,,GA
2572.0,72357.0,tianjin_man2,15,True,tianjin_man2-tianjin_core1-tianjin_cloud1,11.015804202531095,1.0,,GA
2573.0,13987.0,cangzhou_man1,64,True,cangzhou_man1-cangzhou_edge1,1.0240600331231986,1.0,,GA
2574.0,50240.0,beijing_man2,8,True,beijing_man2-beijing_edge2,1.013553296209651,1.0,,GA
2575.0,21247.0,tangshan_man2,51,True,tangshan_man2-tangshan_edge2,1.0247970767865588,1.0,,GA
2576.0,78695.0,xingtai_man1,56,True,xingtai_man1-xingtai_edge1,1.01559353292444,1.0,,GA
2577.0,10228.0,chengde_man1,62,True,chengde_man1-chengde_edge1,1.0302630845321532,1.0,,GA
2578.0,94713.0,beijing_man2,8,True,beijing_man2-beijing_edge2,1.0153524444895072,1.0,,GA
2579.0,82484.0,tianjin_man2,18,True,tianjin_man2-tianjin_edge2,1.0141022755000761,1.0,,GA
2580.0,25013.0,beijing_man2,5,True,beijing_man2-beijing_core1-beijing_cloud1,11.035251285187579,1.0,,GA
2581.0,68772.0,beijing_man1,7,True,beijing_man1-beijing_edge1,1.0137206415650954,1.0,,GA
2582.0,59088.0,handan_man1,54,True,handan_man1-handan_edge1,1.0136542225625298,1.0,,GA
2583.0,41807.0,tianjin_man2,18,True,tianjin_man2-tianjin_edge2,1.0139623078489197,1.0,,GA
2584.0,99690.0,baoding_man2,59,True,baoding_man2-baoding_edge2,1.0166478945519233,1.0,,GA
2585.0,51069.0,tianjin_man2,20,True,tianjin_man2-tianjin_edge4,6.013906030143347,1.0,,GA
2586.0,56386.0,xingtai_man1,56,True,xingtai_man1-xingtai_edge1,1.0143576864980282,1.0,,GA
2587.0,45273.0,shijiangzhuang_man1,48,True,shijiangzhuang_man1-shijiangzhuang_edge1,1.0135331873888622,1.0,,GA
2588.0,58953.0,baoding_man2,59,True,baoding_man2-baoding_edge2,1.0140660572393494,1.0,,GA
2589.0,10929.0,zhangjiako_man2,61,True,zhangjiako_man2-zhangjiako_edge2,1.0374235034260049,1.0,,GA
2590.0,35551.0,zhangjiako_man1,60,True,zhangjiako_man1-zhangjiako_edge1,1.0137876893472755,1.0,,GA
2591.0,42401.0,tianjin_man2,18,True,tianjin_man2-tianjin_edge2,1.0137721038496565,1.0,,GA
2592.0,29221.0,chengde_man2,63,True,chengde_man2-chengde_edge2,1.028109486550341,1.0,,GA
2593.0,61894.0,shijiangzhuang_man1,48,True,shijiangzhuang_man1-shijiangzhuang_edge1,1.013995896274759,1.0,,GA
2594.0,42046.0,cangzhou_man1,64,True,cangzhou_man1-cangzhou_edge1,1.0144442230790112,1.0,,GA
2595.0,20188.0,cangzhou_man1,64,True,cangzhou_man1-cangzhou_edge1,1.0281250272191795,1.0,,GA
2596.0,26730.0,tianjin_man2,19,True,tianjin_man2-tianjin_edge3,6.038026175189108,1.0,,GA
2597.0,10845.0,shijiangzhuang_man1,48,True,shijiangzhuang_man1-shijiangzhuang_edge1,1.0311470529537454,1.0,,GA
2598.0,33099.0,beijing_man1,10,True,beijing_man1-beijing_edge4,6.015468939656425,1.0,,GA
2599.0,94060.0,beijing_man2,8,True,beijing_man2-beijing_edge2,1.016481817702845,1.0,,GA
2600.0,92500.0,beijing_man1,7,True,beijing_man1-beijing_edge1,1.0141975252315254,1.0,,GA
2601.0,74712.0,beijing_man1,7,True,beijing_man1-beijing_edge1,1.016882596711064,1.0,,GA
2602.0,83838.0,baoding_man1,58,True,baoding_man1-baoding_edge1,1.0157104329031834,1.0,,GA
2603.0,32688.0,handan_man1,54,True,handan_man1-handan_edge1,1.0156824146323413,1.0,,GA
2604.0,5229.0,shijiangzhuang_man1,49,True,shijiangzhuang_man1-shijiangzhuang_edge2,11.037450112722901,1.0,,GA
2605.0,28821.0,xingtai_man1,57,True,xingtai_man1-xingtai_edge2,11.039150479384494,1.0,,GA
2606.0,32846.0,baoding_man1,58,True,baoding_man1-baoding_edge1,1.0158477847812941,1.0,,GA
2607.0,60621.0,tianjin_man2,18,True,tianjin_man2-tianjin_edge2,1.015629635468705,1.0,,GA
2608.0,98365.0,langfang_man2,67,True,langfang_man2-langfang_edge2,1.0155378892900648,1.0,,GA
2609.0,76123.0,tianjin_man2,18,True,tianjin_man2-tianjin_edge2,1.0168735746552147,1.0,,GA
2610.0,3565.0,shijiangzhuang_man1,48,True,shijiangzhuang_man1-shijiangzhuang_edge1,1.024160768829333,1.0,,GA
2611.0,8539.0,langfang_man1,66,True,langfang_man1-langfang_edge1,1.0257326474645587,1.0,,GA
2612.0,90640.0,langfang_man1,66,True,langfang_man1-langfang_edge1,1.0170064055942332,1.0,,GA
2613.0,86234.0,baoding_man2,59,True,baoding_man2-baoding_edge2,1.0139530077693946,1.0,,GA
2614.0,59009.0,baoding_man2,59,True,baoding_man2-baoding_edge2,1.0136327235342264,1.0,,GA
2615.0,26617.0,handan_man1,54,True,handan_man1-handan_edge1,1.0340057402729737,1.0,,GA
2616.0,76420.0,handan_man1,54,True,handan_man1-handan_edge1,1.0155380571652965,1.0,,GA
2617.0,74448.0,tianjin_man2,18,True,tianjin_man2-tianjin_edge2,1.0167592112664054,1.0,,GA
2618.0,77569.0,shijiangzhuang_man1,48,True,shijiangzhuang_man1-shijiangzhuang_edge1,1.0161402516879265,1.0,,GA
2619.0,51823.0,xingtai_man1,56,True,xingtai_man1-xingtai_edge1,1.0143375428598265,1.0,,GA
2620.0,71982.0,xingtai_man1,56,True,xingtai_man1-xingtai_edge1,1.016908949286984,1.0,,GA
2621.0,41586.0,beijing_man2,8,True,beijing_man2-beijing_edge2,1.0136609740664309,1.0,,GA
2622.0,70068.0,shijiangzhuang_man1,48,True,shijiangzhuang_man1-shijiangzhuang_edge1,1.0170183250102232,1.0,,GA
2623.0,56880.0,cangzhou_man1,64,True,cangzhou_man1-cangzhou_edge1,1.0135583850539516,1.0,,GA
2624.0,43040.0,shijiangzhuang_man1,48,True,shijiangzhuang_man1-shijiangzhuang_edge1,1.013602433295858,1.0,,GA
2625.0,8961.0,hengshui_man1,68,True,hengshui_man1-hengshui_edge1,1.0362415986505082,1.0,,GA
2626.0,56309.0,tangshan_man2,51,True,tangshan_man2-tangshan_edge2,1.0139952137568344,1.0,,GA
2627.0,94762.0,beijing_man1,7,True,beijing_man1-beijing_edge1,1.0152075184873375,1.0,,GA
2628.0,8093.0,qhd_man1,52,True,qhd_man1-qhd_edge1,1.0411511269149523,1.0,,GA
2629.0,86507.0,beijing_man1,7,True,beijing_man1-beijing_edge1,1.016062214278811,1.0,,GA
2630.0,15654.0,tianjin_man2,17,True,tianjin_man2-tianjin_edge1,6.030939469519389,1.0,,GA
2631.0,22964.0,handan_man1,54,True,handan_man1-handan_edge1,1.0226246454829433,1.0,,GA
2632.0,64969.0,baoding_man2,59,True,baoding_man2-baoding_edge2,1.0170840034713835,1.0,,GA
2633.0,59991.0,tangshan_man2,51,True,tangshan_man2-tangshan_edge2,1.0136657976796264,1.0,,GA
2634.0,17728.0,zhangjiako_man1,60,True,zhangjiako_man1-zhangjiako_edge1,1.0388656505745655,1.0,,GA
2635.0,33585.0,handan_man1,54,True,handan_man1-handan_edge1,1.0160680838205771,1.0,,GA
2636.0,71817.0,tianjin_man2,18,True,tianjin_man2-tianjin_edge2,1.0160238322604846,1.0,,GA
2637.0,64845.0,tianjin_man2,18,True,tianjin_man2-tianjin_edge2,1.0148644480859537,1.0,,GA
2638.0,2316.0,tianjin_man2,20,True,tianjin_man2-tianjin_edge4,6.034647485638009,1.0,,GA
2639.0,52077.0,tianjin_man2,19,True,tianjin_man2-tianjin_edge3,6.014454892611184,1.0,,GA
2640.0,98179.0,beijing_man2,8,True,beijing_man2-beijing_edge2,1.0144152601756735,1.0,,GA
2641.0,36526.0,zhangjiako_man1,60,True,zhangjiako_man1-zhangjiako_edge1,1.0145665162628215,1.0,,GA
2642.0,5655.0,xingtai_man1,56,True,xingtai_man1-xingtai_edge1,1.0332315483802854,1.0,,GA
2643.0,20762.0,beijing_man1,9,True,beijing_man1-beijing_edge3,6.036934722153626,1.0,,GA
2644.0,67256.0,handan_man1,54,True,handan_man1-handan_edge1,1.01397836627599,1.0,,GA
2645.0,44876.0,tianjin_man2,18,True,tianjin_man2-tianjin_edge2,1.0143884831720555,1.0,,GA
2646.0,64137.0,baoding_man1,58,True,baoding_man1-baoding_edge1,1.0153160006776307,1.0,,GA
2647.0,52716.0,tianjin_man2,18,True,tianjin_man2-tianjin_edge2,1.0141640415909843,1.0,,GA
2648.0,68675.0,xingtai_man1,56,True,xingtai_man1-xingtai_edge1,1.0158657784630951,1.0,,GA
2649.0,81331.0,beijing_man1,7,True,beijing_man1-beijing_edge1,1.0144739427219491,1.0,,GA
2650.0,49071.0,tianjin_man2,18,True,tianjin_man2-tianjin_edge2,1.0136504936346709,1.0,,GA
2651.0,99579.0,beijing_man2,8,True,beijing_man2-beijing_edge2,1.0153020749847004,1.0,,GA
2652.0,15618.0,tangshan_man2,51,True,tangshan_man2-tangshan_edge2,1.0337115164389223,1.0,,GA
2653.0,74372.0,beijing_man2,8,True,beijing_man2-beijing_edge2,1.0170933832889792,1.0,,GA
2654.0,23207.0,tianjin_man2,17,True,tianjin_man2-tianjin_edge1,6.029703341884856,1.0,,GA
2655.0,83713.0,shijiangzhuang_man1,48,True,shijiangzhuang_man1-shijiangzhuang_edge1,1.01720320636306,1.0,,GA
2656.0,6097.0,xingtai_man1,56,True,xingtai_man1-xingtai_edge1,1.0382236713400999,1.0,,GA
2657.0,95685.0,beijing_man1,7,True,beijing_man1-beijing_edge1,1.0150373569316131,1.0,,GA
2658.0,22621.0,beijing_man2,8,True,beijing_man2-beijing_edge2,1.027774038915346,1.0,,GA
2659.0,7296.0,shijiangzhuang_man1,24,True,shijiangzhuang_man1-shijiangzhuang_core-shijiangzhuang_cloud,11.033150434377827,1.0,,GA
2660.0,84305.0,shijiangzhuang_man1,48,True,shijiangzhuang_man1-shijiangzhuang_edge1,1.016198707449166,1.0,,GA
2661.0,82625.0,shijiangzhuang_man1,48,True,shijiangzhuang_man1-shijiangzhuang_edge1,1.0157902290516672,1.0,,GA
2662.0,77272.0,beijing_man1,7,True,beijing_man1-beijing_edge1,1.0151089415526044,1.0,,GA
2663.0,64533.0,tianjin_man2,16,True,tianjin_man2-tianjin_core2-tianjin_cloud2,11.017219838873745,1.0,,GA
2664.0,21971.0,beijing_man2,10,True,beijing_man2-beijing_edge4,6.031364158607873,1.0,,GA
2665.0,92061.0,beijing_man1,7,True,beijing_man1-beijing_edge1,1.0143906088028665,1.0,,GA
2666.0,10877.0,zhangjiako_man1,60,True,zhangjiako_man1-zhangjiako_edge1,1.0277959299083792,1.0,,GA
2667.0,45938.0,zhangjiako_man2,61,True,zhangjiako_man2-zhangjiako_edge2,1.0144619455738157,1.0,,GA
2668.0,51493.0,shijiangzhuang_man1,48,True,shijiangzhuang_man1-shijiangzhuang_edge1,1.01393891096005,1.0,,GA
2669.0,13541.0,baoding_man1,36,True,baoding_man1-baoding_cloud,11.04042082998709,1.0,,GA
2670.0,63238.0,shijiangzhuang_man1,48,True,shijiangzhuang_man1-shijiangzhuang_edge1,1.014814351902658,1.0,,GA
2671.0,96261.0,langfang_man1,66,True,langfang_man1-langfang_edge1,1.0167821563974062,1.0,,GA
2672.0,73966.0,baoding_man1,58,True,baoding_man1-baoding_edge1,1.0151450445010797,1.0,,GA
2673.0,36549.0,handan_man1,54,True,handan_man1-handan_edge1,1.0173777597275713,1.0,,GA
2674.0,12227.0,qhd_man1,52,True,qhd_man1-qhd_edge1,1.0364516131915267,1.0,,GA
2675.0,64739.0,handan_man1,54,True,handan_man1-handan_edge1,1.0173329303614036,1.0,,GA
2676.0,71196.0,handan_man1,54,True,handan_man1-handan_edge1,1.0160458632918832,1.0,,GA
2677.0,52074.0,cangzhou_man1,64,True,cangzhou_man1-cangzhou_edge1,1.0138426137590066,1.0,,GA
2678.0,86583.0,beijing_man1,7,True,beijing_man1-beijing_edge1,1.0140094716904047,1.0,,GA
2679.0,35933.0,beijing_man2,8,True,beijing_man2-beijing_edge2,1.0171260418157158,1.0,,GA
2680.0,59774.0,shijiangzhuang_man1,48,True,shijiangzhuang_man1-shijiangzhuang_edge1,1.0142512229557636,1.0,,GA
2681.0,31182.0,baoding_man2,59,True,baoding_man2-baoding_edge2,1.01381525355939,1.0,,GA
2682.0,49488.0,handan_man1,54,True,handan_man1-handan_edge1,1.0138864972891328,1.0,,GA
2683.0,37761.0,beijing_man2,8,True,beijing_man2-beijing_edge2,1.0158416877798824,1.0,,GA
2684.0,67222.0,shijiangzhuang_man1,48,True,shijiangzhuang_man1-shijiangzhuang_edge1,1.0147867388939504,1.0,,GA
2685.0,20621.0,shijiangzhuang_man1,49,True,shijiangzhuang_man1-shijiangzhuang_edge2,11.027507414590831,1.0,,GA
2686.0,31887.0,langfang_man1,66,True,langfang_man1-langfang_edge1,1.0169109358489294,1.0,,GA
2687.0,23020.0,chengde_man2,63,True,chengde_man2-chengde_edge2,1.0369060972446855,1.0,,GA
2688.0,73333.0,baoding_man2,59,True,baoding_man2-baoding_edge2,1.0148046438444827,1.0,,GA
2689.0,1905.0,qhd_man1,52,True,qhd_man1-qhd_edge1,1.0298200924337089,1.0,,GA
2690.0,648.0,langfang_man1,66,True,langfang_man1-langfang_edge1,1.0264946455836503,1.0,,GA
2691.0,91363.0,beijing_man1,7,True,beijing_man1-beijing_edge1,1.0164648229209234,1.0,,GA
2692.0,16498.0,beijing_man2,9,True,beijing_man2-beijing_edge3,6.030230649026365,1.0,,GA
2693.0,19470.0,zhangjiako_man1,39,True,zhangjiako_man1-zhangjiako_cloud,11.031854177753214,1.0,,GA
2694.0,33165.0,tianjin_man2,18,True,tianjin_man2-tianjin_edge2,1.0148202985797532,1.0,,GA
2695.0,49612.0,shijiangzhuang_man1,48,True,shijiangzhuang_man1-shijiangzhuang_edge1,1.013669317087028,1.0,,GA
2696.0,72456.0,handan_man1,54,True,handan_man1-handan_edge1,1.0145741261596664,1.0,,GA
2697.0,85254.0,baoding_man1,58,True,baoding_man1-baoding_edge1,1.016079418033548,1.0,,GA
2698.0,77020.0,handan_man1,54,True,handan_man1-handan_edge1,1.0144363723995609,1.0,,GA
2699.0,4716.0,chengde_man1,62,True,chengde_man1-chengde_edge1,1.025183955246613,1.0,,GA
2700.0,13523.0,shijiangzhuang_man1,24,True,shijiangzhuang_man1-shijiangzhuang_core-shijiangzhuang_cloud,11.030944869771089,1.0,,GA
2701.0,64511.0,tangshan_man2,51,True,tangshan_man2-tangshan_edge2,1.0173290126666457,1.0,,GA
2702.0,28986.0,zhangjiako_man2,61,True,zhangjiako_man2-zhangjiako_edge2,1.0405203888638712,1.0,,GA
2703.0,31866.0,shijiangzhuang_man1,48,True,shijiangzhuang_man1-shijiangzhuang_edge1,1.0172071813740087,1.0,,GA
2704.0,54810.0,cangzhou_man1,64,True,cangzhou_man1-cangzhou_edge1,1.0144799483791636,1.0,,GA
2705.0,32301.0,zhangjiako_man1,60,True,zhangjiako_man1-zhangjiako_edge1,1.014586965573182,1.0,,GA
2706.0,39169.0,hengshui_man1,68,True,hengshui_man1-hengshui_edge1,1.0165418847673535,1.0,,GA
2707.0,65665.0,baoding_man1,58,True,baoding_man1-baoding_edge1,1.0163928799614597,1.0,,GA
2708.0,66466.0,cangzhou_man1,64,True,cangzhou_man1-cangzhou_edge1,1.015623226905493,1.0,,GA
2709.0,65641.0,cangzhou_man2,65,True,cangzhou_man2-cangzhou_edge2,1.0170383279712816,1.0,,GA
2710.0,48351.0,tianjin_man2,18,True,tianjin_man2-tianjin_edge2,1.014357236248068,1.0,,GA
2711.0,11038.0,beijing_man2,6,True,beijing_man2-beijing_core2-beijing_cloud2,11.029560781606126,1.0,,GA
2712.0,17578.0,tianjin_man2,15,True,tianjin_man2-tianjin_core1-tianjin_cloud1,11.032857683067244,1.0,,GA
2713.0,69538.0,handan_man1,54,True,handan_man1-handan_edge1,1.0146451178405398,1.0,,GA
2714.0,30030.0,xingtai_man1,56,True,xingtai_man1-xingtai_edge1,1.0152394634558337,1.0,,GA
2715.0,94091.0,beijing_man2,8,True,beijing_man2-beijing_edge2,1.016680311153501,1.0,,GA
2716.0,91866.0,tianjin_man2,18,True,tianjin_man2-tianjin_edge2,1.0140630868699796,1.0,,GA
2717.0,53101.0,xingtai_man1,56,True,xingtai_man1-xingtai_edge1,1.0139801208159644,1.0,,GA
2718.0,56735.0,langfang_man1,66,True,langfang_man1-langfang_edge1,1.0136742843651685,1.0,,GA
2719.0,99237.0,beijing_man2,8,True,beijing_man2-beijing_edge2,1.0164220676766875,1.0,,GA
2720.0,35983.0,cangzhou_man1,64,True,cangzhou_man1-cangzhou_edge1,1.0160085706717936,1.0,,GA
2721.0,3619.0,tangshan_man2,51,True,tangshan_man2-tangshan_edge2,1.0297302892564395,1.0,,GA
2722.0,35180.0,tianjin_man2,20,True,tianjin_man2-tianjin_edge4,6.014952661208263,1.0,,GA
2723.0,83413.0,shijiangzhuang_man1,48,True,shijiangzhuang_man1-shijiangzhuang_edge1,1.0140740494097282,1.0,,GA
2724.0,47758.0,shijiangzhuang_man1,48,True,shijiangzhuang_man1-shijiangzhuang_edge1,1.0137863873488666,1.0,,GA
2725.0,11230.0,langfang_man1,66,True,langfang_man1-langfang_edge1,1.0326884927801538,1.0,,GA
2726.0,26350.0,cangzhou_man1,64,True,cangzhou_man1-cangzhou_edge1,1.0229884849368422,1.0,,GA
2727.0,18269.0,hengshui_man1,68,True,hengshui_man1-hengshui_edge1,1.033705266468783,1.0,,GA
2728.0,40248.0,tangshan_man2,51,True,tangshan_man2-tangshan_edge2,1.0136774858616335,1.0,,GA
2729.0,29331.0,shijiangzhuang_man1,48,True,shijiangzhuang_man1-shijiangzhuang_edge1,1.02304858856188,1.0,,GA
2730.0,20573.0,qhd_man1,52,True,qhd_man1-qhd_edge1,1.0226900996380595,1.0,,GA
2731.0,19035.0,shijiangzhuang_man1,49,True,shijiangzhuang_man1-shijiangzhuang_edge2,11.0353925448286,1.0,,GA
2732.0,99568.0,beijing_man1,7,True,beijing_man1-beijing_edge1,1.0150960025274443,1.0,,GA
2733.0,48774.0,tianjin_man2,18,True,tianjin_man2-tianjin_edge2,1.0137622059170721,1.0,,GA
2734.0,76084.0,shijiangzhuang_man1,48,True,shijiangzhuang_man1-shijiangzhuang_edge1,1.0147239811584257,1.0,,GA
2735.0,73601.0,tangshan_man1,50,True,tangshan_man1-tangshan_edge1,1.0143223546925175,1.0,,GA
2736.0,60582.0,shijiangzhuang_man1,48,True,shijiangzhuang_man1-shijiangzhuang_edge1,1.0144256744439686,1.0,,GA
2737.0,87545.0,shijiangzhuang_man1,48,True,shijiangzhuang_man1-shijiangzhuang_edge1,1.016908103164934,1.0,,GA
2738.0,91737.0,beijing_man1,5,True,beijing_man1-beijing_core1-beijing_cloud1,11.017254759034785,1.0,,GA
2739.0,8212.0,zhangjiako_man1,60,True,zhangjiako_man1-zhangjiako_edge1,1.0243595660516112,1.0,,GA
2740.0,59090.0,cangzhou_man1,64,True,cangzhou_man1-cangzhou_edge1,1.0138685194604953,1.0,,GA
2741.0,39227.0,baoding_man2,59,True,baoding_man2-baoding_edge2,1.014114993355638,1.0,,GA
2742.0,22375.0,tianjin_man2,19,True,tianjin_man2-tianjin_edge3,6.03162377830788,1.0,,GA
2743.0,64517.0,tianjin_man2,18,True,tianjin_man2-tianjin_edge2,1.0160941404969408,1.0,,GA
2744.0,91530.0,tianjin_man2,18,True,tianjin_man2-tianjin_edge2,1.0158603169026124,1.0,,GA
2745.0,65357.0,tianjin_man2,18,True,tianjin_man2-tianjin_edge2,1.0142476455068599,1.0,,GA
2746.0,34596.0,shijiangzhuang_man1,48,True,shijiangzhuang_man1-shijiangzhuang_edge1,1.0144166970059707,1.0,,GA
2747.0,20023.0,shijiangzhuang_man1,24,True,shijiangzhuang_man1-shijiangzhuang_core-shijiangzhuang_cloud,11.025911632126489,1.0,,GA
2748.0,31005.0,xingtai_man1,56,True,xingtai_man1-xingtai_edge1,1.0167771489796973,1.0,,GA
2749.0,36819.0,shijiangzhuang_man1,48,True,shijiangzhuang_man1-shijiangzhuang_edge1,1.0163908202313745,1.0,,GA
2750.0,87397.0,shijiangzhuang_man1,48,True,shijiangzhuang_man1-shijiangzhuang_edge1,1.0169700129948114,1.0,,GA
2751.0,77909.0,shijiangzhuang_man1,48,True,shijiangzhuang_man1-shijiangzhuang_edge1,1.0173903060001062,1.0,,GA
2752.0,93655.0,beijing_man1,10,True,beijing_man1-beijing_edge4,6.015386509100378,1.0,,GA
2753.0,5154.0,handan_man1,54,True,handan_man1-handan_edge1,1.040079668104883,1.0,,GA
2754.0,78997.0,beijing_man1,7,True,beijing_man1-beijing_edge1,1.0135467830606872,1.0,,GA
2755.0,30983.0,hengshui_man1,68,True,hengshui_man1-hengshui_edge1,1.0149529194986537,1.0,,GA
2756.0,6583.0,tangshan_man2,51,True,tangshan_man2-tangshan_edge2,1.02641179051843,1.0,,GA
2757.0,7239.0,langfang_man1,66,True,langfang_man1-langfang_edge1,1.0411382209713431,1.0,,GA
2758.0,94734.0,beijing_man1,7,True,beijing_man1-beijing_edge1,1.0138479890117216,1.0,,GA
2759.0,12772.0,handan_man1,54,True,handan_man1-handan_edge1,1.0289889190471444,1.0,,GA
2760.0,86300.0,tianjin_man2,18,True,tianjin_man2-tianjin_edge2,1.0144388097554458,1.0,,GA
2761.0,78212.0,beijing_man1,7,True,beijing_man1-beijing_edge1,1.0151451652801757,1.0,,GA
2762.0,81145.0,shijiangzhuang_man1,48,True,shijiangzhuang_man1-shijiangzhuang_edge1,1.0140718138790545,1.0,,GA
2763.0,23909.0,tianjin_man2,17,True,tianjin_man2-tianjin_edge1,6.031980327482247,1.0,,GA
2764.0,78707.0,beijing_man2,8,True,beijing_man2-beijing_edge2,1.0144017647271175,1.0,,GA
2765.0,8592.0,cangzhou_man1,64,True,cangzhou_man1-cangzhou_edge1,1.0319523491944278,1.0,,GA
2766.0,84895.0,beijing_man2,8,True,beijing_man2-beijing_edge2,1.0172881255958388,1.0,,GA
2767.0,96011.0,baoding_man2,59,True,baoding_man2-baoding_edge2,1.0155059272020122,1.0,,GA
2768.0,34355.0,zhangjiako_man2,61,True,zhangjiako_man2-zhangjiako_edge2,1.0152107043978855,1.0,,GA
2769.0,49103.0,langfang_man1,66,True,langfang_man1-langfang_edge1,1.013606486168888,1.0,,GA
2770.0,99736.0,langfang_man1,66,True,langfang_man1-langfang_edge1,1.0158173797256869,1.0,,GA
2771.0,36093.0,tangshan_man2,51,True,tangshan_man2-tangshan_edge2,1.0167066847212833,1.0,,GA
2772.0,54268.0,baoding_man2,59,True,baoding_man2-baoding_edge2,1.0139233369409348,1.0,,GA
2773.0,39158.0,hengshui_man1,68,True,hengshui_man1-hengshui_edge1,1.0172778103597855,1.0,,GA
2774.0,43649.0,baoding_man1,58,True,baoding_man1-baoding_edge1,1.0138715455821194,1.0,,GA
2775.0,89070.0,tianjin_man2,20,True,tianjin_man2-tianjin_edge4,6.016650952552627,1.0,,GA
2776.0,50935.0,shijiangzhuang_man1,48,True,shijiangzhuang_man1-shijiangzhuang_edge1,1.0136007532415432,1.0,,GA
2777.0,35432.0,qhd_man2,53,True,qhd_man2-qhd_edge2,1.0156390090450644,1.0,,GA
2778.0,74624.0,shijiangzhuang_man1,48,True,shijiangzhuang_man1-shijiangzhuang_edge1,1.0166660947085904,1.0,,GA
2779.0,62455.0,tangshan_man2,51,True,tangshan_man2-tangshan_edge2,1.014455065929856,1.0,,GA
2780.0,4037.0,qhd_man2,53,True,qhd_man2-qhd_edge2,1.026217348405526,1.0,,GA
2781.0,10622.0,beijing_man1,9,True,beijing_man1-beijing_edge3,6.037518139780271,1.0,,GA
2782.0,33807.0,qhd_man1,52,True,qhd_man1-qhd_edge1,1.017499161127892,1.0,,GA
2783.0,80839.0,beijing_man1,7,True,beijing_man1-beijing_edge1,1.0137264638147778,1.0,,GA
2784.0,64337.0,baoding_man1,58,True,baoding_man1-baoding_edge1,1.0156884034306806,1.0,,GA
2785.0,75205.0,handan_man2,55,True,handan_man2-handan_edge2,1.0159899505706624,1.0,,GA
2786.0,96495.0,langfang_man1,66,True,langfang_man1-langfang_edge1,1.014637585982112,1.0,,GA
2787.0,55196.0,langfang_man1,66,True,langfang_man1-langfang_edge1,1.013508206374017,1.0,,GA
2788.0,73196.0,beijing_man2,8,True,beijing_man2-beijing_edge2,1.0151366545844984,1.0,,GA
2789.0,20416.0,handan_man1,54,True,handan_man1-handan_edge1,1.0311481718094275,1.0,,GA
2790.0,40209.0,cangzhou_man1,64,True,cangzhou_man1-cangzhou_edge1,1.0141565970434292,1.0,,GA
2791.0,81963.0,beijing_man1,7,True,beijing_man1-beijing_edge1,1.0140534416124876,1.0,,GA
2792.0,26544.0,langfang_man1,66,True,langfang_man1-langfang_edge1,1.0357279618752842,1.0,,GA
2793.0,34367.0,baoding_man1,58,True,baoding_man1-baoding_edge1,1.0172055449243356,1.0,,GA
2794.0,94953.0,beijing_man1,7,True,beijing_man1-beijing_edge1,1.0164090762622398,1.0,,GA
2795.0,93796.0,beijing_man1,7,True,beijing_man1-beijing_edge1,1.0171359188101463,1.0,,GA
2796.0,78631.0,baoding_man1,58,True,baoding_man1-baoding_edge1,1.0136170956325485,1.0,,GA
2797.0,96854.0,langfang_man1,66,True,langfang_man1-langfang_edge1,1.0159887059617385,1.0,,GA
2798.0,95157.0,beijing_man1,7,True,beijing_man1-beijing_edge1,1.0164761105729272,1.0,,GA
2799.0,89207.0,beijing_man1,10,True,beijing_man1-beijing_edge4,6.017364517966999,1.0,,GA
2800.0,63502.0,shijiangzhuang_man1,48,True,shijiangzhuang_man1-shijiangzhuang_edge1,1.0150698438443455,1.0,,GA
2801.0,72265.0,baoding_man1,58,True,baoding_man1-baoding_edge1,1.0160563150276676,1.0,,GA
2802.0,41716.0,cangzhou_man1,64,True,cangzhou_man1-cangzhou_edge1,1.013960687782435,1.0,,GA
2803.0,39810.0,baoding_man2,59,True,baoding_man2-baoding_edge2,1.0148564968092224,1.0,,GA
2804.0,26465.0,chengde_man1,62,True,chengde_man1-chengde_edge1,1.038241425105418,1.0,,GA
2805.0,10618.0,chengde_man1,62,True,chengde_man1-chengde_edge1,1.0398169327210516,1.0,,GA
2806.0,74707.0,beijing_man1,7,True,beijing_man1-beijing_edge1,1.0163255030930372,1.0,,GA
2807.0,2015.0,xingtai_man1,57,True,xingtai_man1-xingtai_edge2,11.03583722970129,1.0,,GA
2808.0,89202.0,tianjin_man2,19,True,tianjin_man2-tianjin_edge3,6.0136320022318115,1.0,,GA
2809.0,55308.0,tianjin_man2,17,True,tianjin_man2-tianjin_edge1,6.014287578332877,1.0,,GA
2810.0,5227.0,beijing_man2,9,True,beijing_man2-beijing_edge3,6.0242881151366445,1.0,,GA
2811.0,10134.0,qhd_man1,52,True,qhd_man1-qhd_edge1,1.042159805488824,1.0,,GA
2812.0,34741.0,tangshan_man2,51,True,tangshan_man2-tangshan_edge2,1.0154730224358013,1.0,,GA
2813.0,73989.0,shijiangzhuang_man1,48,True,shijiangzhuang_man1-shijiangzhuang_edge1,1.0146293791539893,1.0,,GA
2814.0,56159.0,langfang_man1,66,True,langfang_man1-langfang_edge1,1.013835120543118,1.0,,GA
2815.0,59966.0,shijiangzhuang_man1,48,True,shijiangzhuang_man1-shijiangzhuang_edge1,1.0135998657361127,1.0,,GA
2816.0,49940.0,langfang_man1,66,True,langfang_man1-langfang_edge1,1.0140385571629686,1.0,,GA
2817.0,54404.0,langfang_man1,66,True,langfang_man1-langfang_edge1,1.014493887184231,1.0,,GA
2818.0,92566.0,beijing_man2,8,True,beijing_man2-beijing_edge2,1.0140500757536255,1.0,,GA
2819.0,18854.0,hengshui_man1,68,True,hengshui_man1-hengshui_edge1,1.0420309565254455,1.0,,GA
2820.0,96782.0,beijing_man2,8,True,beijing_man2-beijing_edge2,1.0143086669092165,1.0,,GA
2821.0,77512.0,beijing_man1,7,True,beijing_man1-beijing_edge1,1.013790374089751,1.0,,GA
2822.0,13656.0,handan_man1,54,True,handan_man1-handan_edge1,1.0352382533569569,1.0,,GA
2823.0,34810.0,zhangjiako_man1,60,True,zhangjiako_man1-zhangjiako_edge1,1.0162181116624762,1.0,,GA
2824.0,4176.0,shijiangzhuang_man1,48,True,shijiangzhuang_man1-shijiangzhuang_edge1,1.022697982003687,1.0,,GA
2825.0,84334.0,baoding_man2,59,True,baoding_man2-baoding_edge2,1.0137009970077442,1.0,,GA
2826.0,11017.0,handan_man1,54,True,handan_man1-handan_edge1,1.0254643249375286,1.0,,GA
2827.0,64091.0,xingtai_man1,56,True,xingtai_man1-xingtai_edge1,1.0153863269665124,1.0,,GA
2828.0,74561.0,baoding_man2,59,True,baoding_man2-baoding_edge2,1.016369114727479,1.0,,GA
2829.0,61921.0,baoding_man1,58,True,baoding_man1-baoding_edge1,1.0157282092112863,1.0,,GA
2830.0,91624.0,tianjin_man2,18,True,tianjin_man2-tianjin_edge2,1.0140520170672045,1.0,,GA
2831.0,79451.0,cangzhou_man2,65,True,cangzhou_man2-cangzhou_edge2,1.0137547434942609,1.0,,GA
2832.0,88128.0,baoding_man2,59,True,baoding_man2-baoding_edge2,1.0158621902348366,1.0,,GA

Task Success Rate,10000.00%
Elapsed Time,1.39 seconds
