source_name,source_ID,destination_name,destination_ID,lantency,path,sub_path,tunnelId
beijing_man1,1,beijing_cloud1,5,11,beijing_man1-beijing_core1-beijing_cloud1,"[beijing_man1-beijing_core1],[beijing_core1-beijing_cloud1]",beijing_man1~beijing_cloud1
beijing_man1,1,beijing_cloud2,6,11,beijing_man1-beijing_core2-beijing_cloud2,"[beijing_man1-beijing_core2],[beijing_core2-beijing_cloud2]",beijing_man1~beijing_cloud2
beijing_man1,1,beijing_edge1,7,1,beijing_man1-beijing_edge1,[beijing_man1-beijing_edge1],beijing_man1~beijing_edge1
beijing_man1,1,beijing_edge2,8,6,beijing_man1-beijing_edge2,[beijing_man1-beijing_edge2],beijing_man1~beijing_edge2
beijing_man1,1,beijing_edge3,9,6,beijing_man1-beijing_edge3,[beijing_man1-beijing_edge3],beijing_man1~beijing_edge3
beijing_man1,1,beijing_edge4,10,6,beijing_man1-beijing_edge4,[beijing_man1-beijing_edge4],beijing_man1~beijing_edge4
beijing_man1,1,tianjin_cloud1,15,35.6,beijing_man1-beijing_core1-tianjin_core1-tianjin_cloud1,"[beijing_man1-beijing_core1],[beijing_core1-tianjin_core1],[tianjin_core1-tianjin_cloud1]",beijing_man1~tianjin_cloud1
beijing_man1,1,tianjin_cloud2,16,45.6,beijing_man1-beijing_core1-tianjin_core1-tianjin_cloud2,"[beijing_man1-beijing_core1],[beijing_core1-tianjin_core1],[tianjin_core1-tianjin_cloud2]",beijing_man1~tianjin_cloud2
beijing_man1,1,tianjin_edge1,17,45.6,beijing_man1-beijing_core1-tianjin_core1-tianjin_man1-tianjin_edge1,"[beijing_man1-beijing_core1],[beijing_core1-tianjin_core1],[tianjin_core1-tianjin_man1],[tianjin_man1-tianjin_edge1]",beijing_man1~tianjin_edge1
beijing_man1,1,tianjin_edge2,18,45.6,beijing_man1-beijing_core1-tianjin_core1-tianjin_man2-tianjin_edge2,"[beijing_man1-beijing_core1],[beijing_core1-tianjin_core1],[tianjin_core1-tianjin_man2],[tianjin_man2-tianjin_edge2]",beijing_man1~tianjin_edge2
beijing_man1,1,tianjin_edge3,19,50.6,beijing_man1-beijing_core1-tianjin_core1-tianjin_man1-tianjin_edge3,"[beijing_man1-beijing_core1],[beijing_core1-tianjin_core1],[tianjin_core1-tianjin_man1],[tianjin_man1-tianjin_edge3]",beijing_man1~tianjin_edge3
beijing_man1,1,tianjin_edge4,20,50.6,beijing_man1-beijing_core1-tianjin_core1-tianjin_man1-tianjin_edge4,"[beijing_man1-beijing_core1],[beijing_core1-tianjin_core1],[tianjin_core1-tianjin_man1],[tianjin_man1-tianjin_edge4]",beijing_man1~tianjin_edge4
beijing_man1,1,shijiangzhuang_cloud,24,70.9,beijing_man1-beijing_core2-shijiangzhuang_core-shijiangzhuang_cloud,"[beijing_man1-beijing_core2],[beijing_core2-shijiangzhuang_core],[shijiangzhuang_core-shijiangzhuang_cloud]",beijing_man1~shijiangzhuang_cloud
beijing_man1,1,baoding_cloud,36,113.4,beijing_man1-beijing_core1-tangshan_core-baoding_man2-baoding_cloud,"[beijing_man1-beijing_core1],[beijing_core1-tangshan_core],[tangshan_core-baoding_man2],[baoding_man2-baoding_cloud]",beijing_man1~baoding_cloud
beijing_man1,1,zhangjiako_cloud,39,68.3,beijing_man1-beijing_core1-zhangjiako_man1-zhangjiako_cloud,"[beijing_man1-beijing_core1],[beijing_core1-zhangjiako_man1],[zhangjiako_man1-zhangjiako_cloud]",beijing_man1~zhangjiako_cloud
beijing_man1,1,shijiangzhuang_edge1,48,80.9,beijing_man1-beijing_core2-shijiangzhuang_core-shijiangzhuang_man1-shijiangzhuang_edge1,"[beijing_man1-beijing_core2],[beijing_core2-shijiangzhuang_core],[shijiangzhuang_core-shijiangzhuang_man1],[shijiangzhuang_man1-shijiangzhuang_edge1]",beijing_man1~shijiangzhuang_edge1
beijing_man1,1,shijiangzhuang_edge2,49,80.9,beijing_man1-beijing_core2-shijiangzhuang_core-shijiangzhuang_man2-shijiangzhuang_edge2,"[beijing_man1-beijing_core2],[beijing_core2-shijiangzhuang_core],[shijiangzhuang_core-shijiangzhuang_man2],[shijiangzhuang_man2-shijiangzhuang_edge2]",beijing_man1~shijiangzhuang_edge2
beijing_man1,1,tangshan_edge1,50,53.5,beijing_man1-beijing_core1-tangshan_core-tangshan_man1-tangshan_edge1,"[beijing_man1-beijing_core1],[beijing_core1-tangshan_core],[tangshan_core-tangshan_man1],[tangshan_man1-tangshan_edge1]",beijing_man1~tangshan_edge1
beijing_man1,1,tangshan_edge2,51,53.5,beijing_man1-beijing_core1-tangshan_core-tangshan_man2-tangshan_edge2,"[beijing_man1-beijing_core1],[beijing_core1-tangshan_core],[tangshan_core-tangshan_man2],[tangshan_man2-tangshan_edge2]",beijing_man1~tangshan_edge2
beijing_man1,1,qhd_edge1,52,78.5,beijing_man1-beijing_core1-tangshan_core-qhd_man1-qhd_edge1,"[beijing_man1-beijing_core1],[beijing_core1-tangshan_core],[tangshan_core-qhd_man1],[qhd_man1-qhd_edge1]",beijing_man1~qhd_edge1
beijing_man1,1,qhd_edge2,53,84.2,beijing_man1-beijing_core1-tangshan_core-qhd_man2-qhd_edge2,"[beijing_man1-beijing_core1],[beijing_core1-tangshan_core],[tangshan_core-qhd_man2],[qhd_man2-qhd_edge2]",beijing_man1~qhd_edge2
beijing_man1,1,handan_edge1,54,111.9,beijing_man1-beijing_core2-shijiangzhuang_core-handan_man1-handan_edge1,"[beijing_man1-beijing_core2],[beijing_core2-shijiangzhuang_core],[shijiangzhuang_core-handan_man1],[handan_man1-handan_edge1]",beijing_man1~handan_edge1
beijing_man1,1,handan_edge2,55,111.9,beijing_man1-beijing_core2-shijiangzhuang_core-handan_man2-handan_edge2,"[beijing_man1-beijing_core2],[beijing_core2-shijiangzhuang_core],[shijiangzhuang_core-handan_man2],[handan_man2-handan_edge2]",beijing_man1~handan_edge2
beijing_man1,1,xingtai_edge1,56,100.9,beijing_man1-beijing_core2-shijiangzhuang_core-xingtai_man1-xingtai_edge1,"[beijing_man1-beijing_core2],[beijing_core2-shijiangzhuang_core],[shijiangzhuang_core-xingtai_man1],[xingtai_man1-xingtai_edge1]",beijing_man1~xingtai_edge1
beijing_man1,1,xingtai_edge2,57,100.9,beijing_man1-beijing_core2-shijiangzhuang_core-xingtai_man2-xingtai_edge2,"[beijing_man1-beijing_core2],[beijing_core2-shijiangzhuang_core],[shijiangzhuang_core-xingtai_man2],[xingtai_man2-xingtai_edge2]",beijing_man1~xingtai_edge2
beijing_man1,1,baoding_edge1,58,106,beijing_man1-beijing_core2-shijiangzhuang_core-baoding_man1-baoding_edge1,"[beijing_man1-beijing_core2],[beijing_core2-shijiangzhuang_core],[shijiangzhuang_core-baoding_man1],[baoding_man1-baoding_edge1]",beijing_man1~baoding_edge1
beijing_man1,1,baoding_edge2,59,103.4,beijing_man1-beijing_core1-tangshan_core-baoding_man2-baoding_edge2,"[beijing_man1-beijing_core1],[beijing_core1-tangshan_core],[tangshan_core-baoding_man2],[baoding_man2-baoding_edge2]",beijing_man1~baoding_edge2
beijing_man1,1,zhangjiako_edge1,60,58.3,beijing_man1-beijing_core1-zhangjiako_man1-zhangjiako_edge1,"[beijing_man1-beijing_core1],[beijing_core1-zhangjiako_man1],[zhangjiako_man1-zhangjiako_edge1]",beijing_man1~zhangjiako_edge1
beijing_man1,1,zhangjiako_edge2,61,58.3,beijing_man1-beijing_core2-zhangjiako_man2-zhangjiako_edge2,"[beijing_man1-beijing_core2],[beijing_core2-zhangjiako_man2],[zhangjiako_man2-zhangjiako_edge2]",beijing_man1~zhangjiako_edge2
beijing_man1,1,chengde_edge1,62,65.9,beijing_man1-beijing_core1-chengde_man1-chengde_edge1,"[beijing_man1-beijing_core1],[beijing_core1-chengde_man1],[chengde_man1-chengde_edge1]",beijing_man1~chengde_edge1
beijing_man1,1,chengde_edge2,63,65.9,beijing_man1-beijing_core1-chengde_man2-chengde_edge2,"[beijing_man1-beijing_core1],[beijing_core1-chengde_man2],[chengde_man2-chengde_edge2]",beijing_man1~chengde_edge2
beijing_man1,1,cangzhou_edge1,64,63.4,beijing_man1-beijing_core1-tianjin_core1-cangzhou_man1-cangzhou_edge1,"[beijing_man1-beijing_core1],[beijing_core1-tianjin_core1],[tianjin_core1-cangzhou_man1],[cangzhou_man1-cangzhou_edge1]",beijing_man1~cangzhou_edge1
beijing_man1,1,cangzhou_edge2,65,63.4,beijing_man1-beijing_core1-tianjin_core1-cangzhou_man2-cangzhou_edge2,"[beijing_man1-beijing_core1],[beijing_core1-tianjin_core1],[tianjin_core1-cangzhou_man2],[cangzhou_man2-cangzhou_edge2]",beijing_man1~cangzhou_edge2
beijing_man1,1,langfang_edge1,66,24.7,beijing_man1-beijing_core2-langfang_man1-langfang_edge1,"[beijing_man1-beijing_core2],[beijing_core2-langfang_man1],[langfang_man1-langfang_edge1]",beijing_man1~langfang_edge1
beijing_man1,1,langfang_edge2,67,24.7,beijing_man1-beijing_core1-langfang_man2-langfang_edge2,"[beijing_man1-beijing_core1],[beijing_core1-langfang_man2],[langfang_man2-langfang_edge2]",beijing_man1~langfang_edge2
beijing_man1,1,hengshui_edge1,68,100.7,beijing_man1-beijing_core2-shijiangzhuang_core-hengshui_man1-hengshui_edge1,"[beijing_man1-beijing_core2],[beijing_core2-shijiangzhuang_core],[shijiangzhuang_core-hengshui_man1],[hengshui_man1-hengshui_edge1]",beijing_man1~hengshui_edge1
beijing_man1,1,hengshui_edge2,69,100.7,beijing_man1-beijing_core2-shijiangzhuang_core-hengshui_man2-hengshui_edge2,"[beijing_man1-beijing_core2],[beijing_core2-shijiangzhuang_core],[shijiangzhuang_core-hengshui_man2],[hengshui_man2-hengshui_edge2]",beijing_man1~hengshui_edge2
beijing_man2,2,beijing_cloud1,5,11,beijing_man2-beijing_core1-beijing_cloud1,"[beijing_man2-beijing_core1],[beijing_core1-beijing_cloud1]",beijing_man2~beijing_cloud1
beijing_man2,2,beijing_cloud2,6,11,beijing_man2-beijing_core2-beijing_cloud2,"[beijing_man2-beijing_core2],[beijing_core2-beijing_cloud2]",beijing_man2~beijing_cloud2
beijing_man2,2,beijing_edge1,7,6,beijing_man2-beijing_edge1,[beijing_man2-beijing_edge1],beijing_man2~beijing_edge1
beijing_man2,2,beijing_edge2,8,1,beijing_man2-beijing_edge2,[beijing_man2-beijing_edge2],beijing_man2~beijing_edge2
beijing_man2,2,beijing_edge3,9,6,beijing_man2-beijing_edge3,[beijing_man2-beijing_edge3],beijing_man2~beijing_edge3
beijing_man2,2,beijing_edge4,10,6,beijing_man2-beijing_edge4,[beijing_man2-beijing_edge4],beijing_man2~beijing_edge4
beijing_man2,2,tianjin_cloud1,15,35.6,beijing_man2-beijing_core1-tianjin_core1-tianjin_cloud1,"[beijing_man2-beijing_core1],[beijing_core1-tianjin_core1],[tianjin_core1-tianjin_cloud1]",beijing_man2~tianjin_cloud1
beijing_man2,2,tianjin_cloud2,16,45.6,beijing_man2-beijing_core1-tianjin_core1-tianjin_cloud2,"[beijing_man2-beijing_core1],[beijing_core1-tianjin_core1],[tianjin_core1-tianjin_cloud2]",beijing_man2~tianjin_cloud2
beijing_man2,2,tianjin_edge1,17,45.6,beijing_man2-beijing_core1-tianjin_core1-tianjin_man1-tianjin_edge1,"[beijing_man2-beijing_core1],[beijing_core1-tianjin_core1],[tianjin_core1-tianjin_man1],[tianjin_man1-tianjin_edge1]",beijing_man2~tianjin_edge1
beijing_man2,2,tianjin_edge2,18,45.6,beijing_man2-beijing_core1-tianjin_core1-tianjin_man2-tianjin_edge2,"[beijing_man2-beijing_core1],[beijing_core1-tianjin_core1],[tianjin_core1-tianjin_man2],[tianjin_man2-tianjin_edge2]",beijing_man2~tianjin_edge2
beijing_man2,2,tianjin_edge3,19,50.6,beijing_man2-beijing_core1-tianjin_core1-tianjin_man2-tianjin_edge3,"[beijing_man2-beijing_core1],[beijing_core1-tianjin_core1],[tianjin_core1-tianjin_man2],[tianjin_man2-tianjin_edge3]",beijing_man2~tianjin_edge3
beijing_man2,2,tianjin_edge4,20,50.6,beijing_man2-beijing_core1-tianjin_core1-tianjin_man2-tianjin_edge4,"[beijing_man2-beijing_core1],[beijing_core1-tianjin_core1],[tianjin_core1-tianjin_man2],[tianjin_man2-tianjin_edge4]",beijing_man2~tianjin_edge4
beijing_man2,2,shijiangzhuang_cloud,24,70.9,beijing_man2-beijing_core2-shijiangzhuang_core-shijiangzhuang_cloud,"[beijing_man2-beijing_core2],[beijing_core2-shijiangzhuang_core],[shijiangzhuang_core-shijiangzhuang_cloud]",beijing_man2~shijiangzhuang_cloud
beijing_man2,2,baoding_cloud,36,113.4,beijing_man2-beijing_core1-tangshan_core-baoding_man2-baoding_cloud,"[beijing_man2-beijing_core1],[beijing_core1-tangshan_core],[tangshan_core-baoding_man2],[baoding_man2-baoding_cloud]",beijing_man2~baoding_cloud
beijing_man2,2,zhangjiako_cloud,39,68.3,beijing_man2-beijing_core2-zhangjiako_man2-zhangjiako_cloud,"[beijing_man2-beijing_core2],[beijing_core2-zhangjiako_man2],[zhangjiako_man2-zhangjiako_cloud]",beijing_man2~zhangjiako_cloud
beijing_man2,2,shijiangzhuang_edge1,48,80.9,beijing_man2-beijing_core2-shijiangzhuang_core-shijiangzhuang_man1-shijiangzhuang_edge1,"[beijing_man2-beijing_core2],[beijing_core2-shijiangzhuang_core],[shijiangzhuang_core-shijiangzhuang_man1],[shijiangzhuang_man1-shijiangzhuang_edge1]",beijing_man2~shijiangzhuang_edge1
beijing_man2,2,shijiangzhuang_edge2,49,80.9,beijing_man2-beijing_core2-shijiangzhuang_core-shijiangzhuang_man2-shijiangzhuang_edge2,"[beijing_man2-beijing_core2],[beijing_core2-shijiangzhuang_core],[shijiangzhuang_core-shijiangzhuang_man2],[shijiangzhuang_man2-shijiangzhuang_edge2]",beijing_man2~shijiangzhuang_edge2
beijing_man2,2,tangshan_edge1,50,53.5,beijing_man2-beijing_core1-tangshan_core-tangshan_man1-tangshan_edge1,"[beijing_man2-beijing_core1],[beijing_core1-tangshan_core],[tangshan_core-tangshan_man1],[tangshan_man1-tangshan_edge1]",beijing_man2~tangshan_edge1
beijing_man2,2,tangshan_edge2,51,53.5,beijing_man2-beijing_core1-tangshan_core-tangshan_man2-tangshan_edge2,"[beijing_man2-beijing_core1],[beijing_core1-tangshan_core],[tangshan_core-tangshan_man2],[tangshan_man2-tangshan_edge2]",beijing_man2~tangshan_edge2
beijing_man2,2,qhd_edge1,52,78.5,beijing_man2-beijing_core1-tangshan_core-qhd_man1-qhd_edge1,"[beijing_man2-beijing_core1],[beijing_core1-tangshan_core],[tangshan_core-qhd_man1],[qhd_man1-qhd_edge1]",beijing_man2~qhd_edge1
beijing_man2,2,qhd_edge2,53,84.2,beijing_man2-beijing_core1-tangshan_core-qhd_man2-qhd_edge2,"[beijing_man2-beijing_core1],[beijing_core1-tangshan_core],[tangshan_core-qhd_man2],[qhd_man2-qhd_edge2]",beijing_man2~qhd_edge2
beijing_man2,2,handan_edge1,54,111.9,beijing_man2-beijing_core2-shijiangzhuang_core-handan_man1-handan_edge1,"[beijing_man2-beijing_core2],[beijing_core2-shijiangzhuang_core],[shijiangzhuang_core-handan_man1],[handan_man1-handan_edge1]",beijing_man2~handan_edge1
beijing_man2,2,handan_edge2,55,111.9,beijing_man2-beijing_core2-shijiangzhuang_core-handan_man2-handan_edge2,"[beijing_man2-beijing_core2],[beijing_core2-shijiangzhuang_core],[shijiangzhuang_core-handan_man2],[handan_man2-handan_edge2]",beijing_man2~handan_edge2
beijing_man2,2,xingtai_edge1,56,100.9,beijing_man2-beijing_core2-shijiangzhuang_core-xingtai_man1-xingtai_edge1,"[beijing_man2-beijing_core2],[beijing_core2-shijiangzhuang_core],[shijiangzhuang_core-xingtai_man1],[xingtai_man1-xingtai_edge1]",beijing_man2~xingtai_edge1
beijing_man2,2,xingtai_edge2,57,100.9,beijing_man2-beijing_core2-shijiangzhuang_core-xingtai_man2-xingtai_edge2,"[beijing_man2-beijing_core2],[beijing_core2-shijiangzhuang_core],[shijiangzhuang_core-xingtai_man2],[xingtai_man2-xingtai_edge2]",beijing_man2~xingtai_edge2
beijing_man2,2,baoding_edge1,58,106,beijing_man2-beijing_core2-shijiangzhuang_core-baoding_man1-baoding_edge1,"[beijing_man2-beijing_core2],[beijing_core2-shijiangzhuang_core],[shijiangzhuang_core-baoding_man1],[baoding_man1-baoding_edge1]",beijing_man2~baoding_edge1
beijing_man2,2,baoding_edge2,59,103.4,beijing_man2-beijing_core1-tangshan_core-baoding_man2-baoding_edge2,"[beijing_man2-beijing_core1],[beijing_core1-tangshan_core],[tangshan_core-baoding_man2],[baoding_man2-baoding_edge2]",beijing_man2~baoding_edge2
beijing_man2,2,zhangjiako_edge1,60,58.3,beijing_man2-beijing_core2-zhangjiako_man1-zhangjiako_edge1,"[beijing_man2-beijing_core2],[beijing_core2-zhangjiako_man1],[zhangjiako_man1-zhangjiako_edge1]",beijing_man2~zhangjiako_edge1
beijing_man2,2,zhangjiako_edge2,61,58.3,beijing_man2-beijing_core2-zhangjiako_man2-zhangjiako_edge2,"[beijing_man2-beijing_core2],[beijing_core2-zhangjiako_man2],[zhangjiako_man2-zhangjiako_edge2]",beijing_man2~zhangjiako_edge2
beijing_man2,2,chengde_edge1,62,65.9,beijing_man2-beijing_core1-chengde_man1-chengde_edge1,"[beijing_man2-beijing_core1],[beijing_core1-chengde_man1],[chengde_man1-chengde_edge1]",beijing_man2~chengde_edge1
beijing_man2,2,chengde_edge2,63,65.9,beijing_man2-beijing_core2-chengde_man2-chengde_edge2,"[beijing_man2-beijing_core2],[beijing_core2-chengde_man2],[chengde_man2-chengde_edge2]",beijing_man2~chengde_edge2
beijing_man2,2,cangzhou_edge1,64,63.4,beijing_man2-beijing_core1-tianjin_core1-cangzhou_man1-cangzhou_edge1,"[beijing_man2-beijing_core1],[beijing_core1-tianjin_core1],[tianjin_core1-cangzhou_man1],[cangzhou_man1-cangzhou_edge1]",beijing_man2~cangzhou_edge1
beijing_man2,2,cangzhou_edge2,65,63.4,beijing_man2-beijing_core1-tianjin_core1-cangzhou_man2-cangzhou_edge2,"[beijing_man2-beijing_core1],[beijing_core1-tianjin_core1],[tianjin_core1-cangzhou_man2],[cangzhou_man2-cangzhou_edge2]",beijing_man2~cangzhou_edge2
beijing_man2,2,langfang_edge1,66,24.7,beijing_man2-beijing_core2-langfang_man1-langfang_edge1,"[beijing_man2-beijing_core2],[beijing_core2-langfang_man1],[langfang_man1-langfang_edge1]",beijing_man2~langfang_edge1
beijing_man2,2,langfang_edge2,67,24.7,beijing_man2-beijing_core1-langfang_man2-langfang_edge2,"[beijing_man2-beijing_core1],[beijing_core1-langfang_man2],[langfang_man2-langfang_edge2]",beijing_man2~langfang_edge2
beijing_man2,2,hengshui_edge1,68,100.7,beijing_man2-beijing_core2-shijiangzhuang_core-hengshui_man1-hengshui_edge1,"[beijing_man2-beijing_core2],[beijing_core2-shijiangzhuang_core],[shijiangzhuang_core-hengshui_man1],[hengshui_man1-hengshui_edge1]",beijing_man2~hengshui_edge1
beijing_man2,2,hengshui_edge2,69,100.7,beijing_man2-beijing_core2-shijiangzhuang_core-hengshui_man2-hengshui_edge2,"[beijing_man2-beijing_core2],[beijing_core2-shijiangzhuang_core],[shijiangzhuang_core-hengshui_man2],[hengshui_man2-hengshui_edge2]",beijing_man2~hengshui_edge2
tianjin_man1,3,beijing_cloud1,5,35.6,tianjin_man1-tianjin_core1-beijing_core1-beijing_cloud1,"[tianjin_man1-tianjin_core1],[tianjin_core1-beijing_core1],[beijing_core1-beijing_cloud1]",tianjin_man1~beijing_cloud1
tianjin_man1,3,beijing_cloud2,6,39.7,tianjin_man1-tianjin_core1-beijing_core2-beijing_cloud2,"[tianjin_man1-tianjin_core1],[tianjin_core1-beijing_core2],[beijing_core2-beijing_cloud2]",tianjin_man1~beijing_cloud2
tianjin_man1,3,beijing_edge1,7,45.6,tianjin_man1-tianjin_core1-beijing_core1-beijing_man1-beijing_edge1,"[tianjin_man1-tianjin_core1],[tianjin_core1-beijing_core1],[beijing_core1-beijing_man1],[beijing_man1-beijing_edge1]",tianjin_man1~beijing_edge1
tianjin_man1,3,beijing_edge2,8,45.6,tianjin_man1-tianjin_core1-beijing_core1-beijing_man2-beijing_edge2,"[tianjin_man1-tianjin_core1],[tianjin_core1-beijing_core1],[beijing_core1-beijing_man2],[beijing_man2-beijing_edge2]",tianjin_man1~beijing_edge2
tianjin_man1,3,beijing_edge3,9,50.6,tianjin_man1-tianjin_core1-beijing_core1-beijing_man1-beijing_edge3,"[tianjin_man1-tianjin_core1],[tianjin_core1-beijing_core1],[beijing_core1-beijing_man1],[beijing_man1-beijing_edge3]",tianjin_man1~beijing_edge3
tianjin_man1,3,beijing_edge4,10,50.6,tianjin_man1-tianjin_core1-beijing_core1-beijing_man1-beijing_edge4,"[tianjin_man1-tianjin_core1],[tianjin_core1-beijing_core1],[beijing_core1-beijing_man1],[beijing_man1-beijing_edge4]",tianjin_man1~beijing_edge4
tianjin_man1,3,tianjin_cloud1,15,11,tianjin_man1-tianjin_core1-tianjin_cloud1,"[tianjin_man1-tianjin_core1],[tianjin_core1-tianjin_cloud1]",tianjin_man1~tianjin_cloud1
tianjin_man1,3,tianjin_cloud2,16,11,tianjin_man1-tianjin_core2-tianjin_cloud2,"[tianjin_man1-tianjin_core2],[tianjin_core2-tianjin_cloud2]",tianjin_man1~tianjin_cloud2
tianjin_man1,3,tianjin_edge1,17,1,tianjin_man1-tianjin_edge1,[tianjin_man1-tianjin_edge1],tianjin_man1~tianjin_edge1
tianjin_man1,3,tianjin_edge2,18,6,tianjin_man1-tianjin_edge2,[tianjin_man1-tianjin_edge2],tianjin_man1~tianjin_edge2
tianjin_man1,3,tianjin_edge3,19,6,tianjin_man1-tianjin_edge3,[tianjin_man1-tianjin_edge3],tianjin_man1~tianjin_edge3
tianjin_man1,3,tianjin_edge4,20,6,tianjin_man1-tianjin_edge4,[tianjin_man1-tianjin_edge4],tianjin_man1~tianjin_edge4
tianjin_man1,3,shijiangzhuang_cloud,24,84.9,tianjin_man1-tianjin_core1-shijiangzhuang_core-shijiangzhuang_cloud,"[tianjin_man1-tianjin_core1],[tianjin_core1-shijiangzhuang_core],[shijiangzhuang_core-shijiangzhuang_cloud]",tianjin_man1~shijiangzhuang_cloud
tianjin_man1,3,baoding_cloud,36,100.9,tianjin_man1-tianjin_core1-tangshan_core-baoding_man2-baoding_cloud,"[tianjin_man1-tianjin_core1],[tianjin_core1-tangshan_core],[tangshan_core-baoding_man2],[baoding_man2-baoding_cloud]",tianjin_man1~baoding_cloud
tianjin_man1,3,zhangjiako_cloud,39,93,tianjin_man1-tianjin_core1-beijing_core1-zhangjiako_man1-zhangjiako_cloud,"[tianjin_man1-tianjin_core1],[tianjin_core1-beijing_core1],[beijing_core1-zhangjiako_man1],[zhangjiako_man1-zhangjiako_cloud]",tianjin_man1~zhangjiako_cloud
tianjin_man1,3,shijiangzhuang_edge1,48,94.9,tianjin_man1-tianjin_core1-shijiangzhuang_core-shijiangzhuang_man1-shijiangzhuang_edge1,"[tianjin_man1-tianjin_core1],[tianjin_core1-shijiangzhuang_core],[shijiangzhuang_core-shijiangzhuang_man1],[shijiangzhuang_man1-shijiangzhuang_edge1]",tianjin_man1~shijiangzhuang_edge1
tianjin_man1,3,shijiangzhuang_edge2,49,94.9,tianjin_man1-tianjin_core1-shijiangzhuang_core-shijiangzhuang_man2-shijiangzhuang_edge2,"[tianjin_man1-tianjin_core1],[tianjin_core1-shijiangzhuang_core],[shijiangzhuang_core-shijiangzhuang_man2],[shijiangzhuang_man2-shijiangzhuang_edge2]",tianjin_man1~shijiangzhuang_edge2
tianjin_man1,3,tangshan_edge1,50,41,tianjin_man1-tianjin_core1-tangshan_core-tangshan_man1-tangshan_edge1,"[tianjin_man1-tianjin_core1],[tianjin_core1-tangshan_core],[tangshan_core-tangshan_man1],[tangshan_man1-tangshan_edge1]",tianjin_man1~tangshan_edge1
tianjin_man1,3,tangshan_edge2,51,41,tianjin_man1-tianjin_core1-tangshan_core-tangshan_man2-tangshan_edge2,"[tianjin_man1-tianjin_core1],[tianjin_core1-tangshan_core],[tangshan_core-tangshan_man2],[tangshan_man2-tangshan_edge2]",tianjin_man1~tangshan_edge2
tianjin_man1,3,qhd_edge1,52,66,tianjin_man1-tianjin_core1-tangshan_core-qhd_man1-qhd_edge1,"[tianjin_man1-tianjin_core1],[tianjin_core1-tangshan_core],[tangshan_core-qhd_man1],[qhd_man1-qhd_edge1]",tianjin_man1~qhd_edge1
tianjin_man1,3,qhd_edge2,53,71.7,tianjin_man1-tianjin_core1-tangshan_core-qhd_man2-qhd_edge2,"[tianjin_man1-tianjin_core1],[tianjin_core1-tangshan_core],[tangshan_core-qhd_man2],[qhd_man2-qhd_edge2]",tianjin_man1~qhd_edge2
tianjin_man1,3,handan_edge1,54,125.9,tianjin_man1-tianjin_core1-shijiangzhuang_core-handan_man1-handan_edge1,"[tianjin_man1-tianjin_core1],[tianjin_core1-shijiangzhuang_core],[shijiangzhuang_core-handan_man1],[handan_man1-handan_edge1]",tianjin_man1~handan_edge1
tianjin_man1,3,handan_edge2,55,125.9,tianjin_man1-tianjin_core1-shijiangzhuang_core-handan_man2-handan_edge2,"[tianjin_man1-tianjin_core1],[tianjin_core1-shijiangzhuang_core],[shijiangzhuang_core-handan_man2],[handan_man2-handan_edge2]",tianjin_man1~handan_edge2
tianjin_man1,3,xingtai_edge1,56,115,tianjin_man1-tianjin_core1-shijiangzhuang_core-xingtai_man1-xingtai_edge1,"[tianjin_man1-tianjin_core1],[tianjin_core1-shijiangzhuang_core],[shijiangzhuang_core-xingtai_man1],[xingtai_man1-xingtai_edge1]",tianjin_man1~xingtai_edge1
tianjin_man1,3,xingtai_edge2,57,115,tianjin_man1-tianjin_core1-shijiangzhuang_core-xingtai_man2-xingtai_edge2,"[tianjin_man1-tianjin_core1],[tianjin_core1-shijiangzhuang_core],[shijiangzhuang_core-xingtai_man2],[xingtai_man2-xingtai_edge2]",tianjin_man1~xingtai_edge2
tianjin_man1,3,baoding_edge1,58,100.9,tianjin_man1-tianjin_core1-tangshan_core-baoding_man2-baoding_edge1,"[tianjin_man1-tianjin_core1],[tianjin_core1-tangshan_core],[tangshan_core-baoding_man2],[baoding_man2-baoding_edge1]",tianjin_man1~baoding_edge1
tianjin_man1,3,baoding_edge2,59,90.9,tianjin_man1-tianjin_core1-tangshan_core-baoding_man2-baoding_edge2,"[tianjin_man1-tianjin_core1],[tianjin_core1-tangshan_core],[tangshan_core-baoding_man2],[baoding_man2-baoding_edge2]",tianjin_man1~baoding_edge2
tianjin_man1,3,zhangjiako_edge1,60,83,tianjin_man1-tianjin_core1-beijing_core1-zhangjiako_man1-zhangjiako_edge1,"[tianjin_man1-tianjin_core1],[tianjin_core1-beijing_core1],[beijing_core1-zhangjiako_man1],[zhangjiako_man1-zhangjiako_edge1]",tianjin_man1~zhangjiako_edge1
tianjin_man1,3,zhangjiako_edge2,61,83,tianjin_man1-tianjin_core1-beijing_core1-zhangjiako_man2-zhangjiako_edge2,"[tianjin_man1-tianjin_core1],[tianjin_core1-beijing_core1],[beijing_core1-zhangjiako_man2],[zhangjiako_man2-zhangjiako_edge2]",tianjin_man1~zhangjiako_edge2
tianjin_man1,3,chengde_edge1,62,78.2,tianjin_man1-tianjin_core1-tangshan_core-chengde_man1-chengde_edge1,"[tianjin_man1-tianjin_core1],[tianjin_core1-tangshan_core],[tangshan_core-chengde_man1],[chengde_man1-chengde_edge1]",tianjin_man1~chengde_edge1
tianjin_man1,3,chengde_edge2,63,82.1,tianjin_man1-tianjin_core1-tangshan_core-chengde_man2-chengde_edge2,"[tianjin_man1-tianjin_core1],[tianjin_core1-tangshan_core],[tangshan_core-chengde_man2],[chengde_man2-chengde_edge2]",tianjin_man1~chengde_edge2
tianjin_man1,3,cangzhou_edge1,64,38.8,tianjin_man1-tianjin_core1-cangzhou_man1-cangzhou_edge1,"[tianjin_man1-tianjin_core1],[tianjin_core1-cangzhou_man1],[cangzhou_man1-cangzhou_edge1]",tianjin_man1~cangzhou_edge1
tianjin_man1,3,cangzhou_edge2,65,38.8,tianjin_man1-tianjin_core2-cangzhou_man2-cangzhou_edge2,"[tianjin_man1-tianjin_core2],[tianjin_core2-cangzhou_man2],[cangzhou_man2-cangzhou_edge2]",tianjin_man1~cangzhou_edge2
tianjin_man1,3,langfang_edge1,66,49.3,tianjin_man1-tianjin_core1-beijing_core1-langfang_man1-langfang_edge1,"[tianjin_man1-tianjin_core1],[tianjin_core1-beijing_core1],[beijing_core1-langfang_man1],[langfang_man1-langfang_edge1]",tianjin_man1~langfang_edge1
tianjin_man1,3,langfang_edge2,67,49.3,tianjin_man1-tianjin_core1-beijing_core1-langfang_man2-langfang_edge2,"[tianjin_man1-tianjin_core1],[tianjin_core1-beijing_core1],[beijing_core1-langfang_man2],[langfang_man2-langfang_edge2]",tianjin_man1~langfang_edge2
tianjin_man1,3,hengshui_edge1,68,114.7,tianjin_man1-tianjin_core1-shijiangzhuang_core-hengshui_man1-hengshui_edge1,"[tianjin_man1-tianjin_core1],[tianjin_core1-shijiangzhuang_core],[shijiangzhuang_core-hengshui_man1],[hengshui_man1-hengshui_edge1]",tianjin_man1~hengshui_edge1
tianjin_man1,3,hengshui_edge2,69,114.7,tianjin_man1-tianjin_core1-shijiangzhuang_core-hengshui_man2-hengshui_edge2,"[tianjin_man1-tianjin_core1],[tianjin_core1-shijiangzhuang_core],[shijiangzhuang_core-hengshui_man2],[hengshui_man2-hengshui_edge2]",tianjin_man1~hengshui_edge2
tianjin_man2,4,beijing_cloud1,5,35.6,tianjin_man2-tianjin_core1-beijing_core1-beijing_cloud1,"[tianjin_man2-tianjin_core1],[tianjin_core1-beijing_core1],[beijing_core1-beijing_cloud1]",tianjin_man2~beijing_cloud1
tianjin_man2,4,beijing_cloud2,6,39.7,tianjin_man2-tianjin_core1-beijing_core2-beijing_cloud2,"[tianjin_man2-tianjin_core1],[tianjin_core1-beijing_core2],[beijing_core2-beijing_cloud2]",tianjin_man2~beijing_cloud2
tianjin_man2,4,beijing_edge1,7,45.6,tianjin_man2-tianjin_core1-beijing_core1-beijing_man1-beijing_edge1,"[tianjin_man2-tianjin_core1],[tianjin_core1-beijing_core1],[beijing_core1-beijing_man1],[beijing_man1-beijing_edge1]",tianjin_man2~beijing_edge1
tianjin_man2,4,beijing_edge2,8,45.6,tianjin_man2-tianjin_core1-beijing_core1-beijing_man2-beijing_edge2,"[tianjin_man2-tianjin_core1],[tianjin_core1-beijing_core1],[beijing_core1-beijing_man2],[beijing_man2-beijing_edge2]",tianjin_man2~beijing_edge2
tianjin_man2,4,beijing_edge3,9,50.6,tianjin_man2-tianjin_core1-beijing_core1-beijing_man2-beijing_edge3,"[tianjin_man2-tianjin_core1],[tianjin_core1-beijing_core1],[beijing_core1-beijing_man2],[beijing_man2-beijing_edge3]",tianjin_man2~beijing_edge3
tianjin_man2,4,beijing_edge4,10,50.6,tianjin_man2-tianjin_core1-beijing_core1-beijing_man2-beijing_edge4,"[tianjin_man2-tianjin_core1],[tianjin_core1-beijing_core1],[beijing_core1-beijing_man2],[beijing_man2-beijing_edge4]",tianjin_man2~beijing_edge4
tianjin_man2,4,tianjin_cloud1,15,11,tianjin_man2-tianjin_core1-tianjin_cloud1,"[tianjin_man2-tianjin_core1],[tianjin_core1-tianjin_cloud1]",tianjin_man2~tianjin_cloud1
tianjin_man2,4,tianjin_cloud2,16,11,tianjin_man2-tianjin_core2-tianjin_cloud2,"[tianjin_man2-tianjin_core2],[tianjin_core2-tianjin_cloud2]",tianjin_man2~tianjin_cloud2
tianjin_man2,4,tianjin_edge1,17,6,tianjin_man2-tianjin_edge1,[tianjin_man2-tianjin_edge1],tianjin_man2~tianjin_edge1
tianjin_man2,4,tianjin_edge2,18,1,tianjin_man2-tianjin_edge2,[tianjin_man2-tianjin_edge2],tianjin_man2~tianjin_edge2
tianjin_man2,4,tianjin_edge3,19,6,tianjin_man2-tianjin_edge3,[tianjin_man2-tianjin_edge3],tianjin_man2~tianjin_edge3
tianjin_man2,4,tianjin_edge4,20,6,tianjin_man2-tianjin_edge4,[tianjin_man2-tianjin_edge4],tianjin_man2~tianjin_edge4
tianjin_man2,4,shijiangzhuang_cloud,24,84.9,tianjin_man2-tianjin_core1-shijiangzhuang_core-shijiangzhuang_cloud,"[tianjin_man2-tianjin_core1],[tianjin_core1-shijiangzhuang_core],[shijiangzhuang_core-shijiangzhuang_cloud]",tianjin_man2~shijiangzhuang_cloud
tianjin_man2,4,baoding_cloud,36,100.9,tianjin_man2-tianjin_core1-tangshan_core-baoding_man2-baoding_cloud,"[tianjin_man2-tianjin_core1],[tianjin_core1-tangshan_core],[tangshan_core-baoding_man2],[baoding_man2-baoding_cloud]",tianjin_man2~baoding_cloud
tianjin_man2,4,zhangjiako_cloud,39,93,tianjin_man2-tianjin_core1-beijing_core1-zhangjiako_man2-zhangjiako_cloud,"[tianjin_man2-tianjin_core1],[tianjin_core1-beijing_core1],[beijing_core1-zhangjiako_man2],[zhangjiako_man2-zhangjiako_cloud]",tianjin_man2~zhangjiako_cloud
tianjin_man2,4,shijiangzhuang_edge1,48,94.9,tianjin_man2-tianjin_core1-shijiangzhuang_core-shijiangzhuang_man1-shijiangzhuang_edge1,"[tianjin_man2-tianjin_core1],[tianjin_core1-shijiangzhuang_core],[shijiangzhuang_core-shijiangzhuang_man1],[shijiangzhuang_man1-shijiangzhuang_edge1]",tianjin_man2~shijiangzhuang_edge1
tianjin_man2,4,shijiangzhuang_edge2,49,94.9,tianjin_man2-tianjin_core1-shijiangzhuang_core-shijiangzhuang_man2-shijiangzhuang_edge2,"[tianjin_man2-tianjin_core1],[tianjin_core1-shijiangzhuang_core],[shijiangzhuang_core-shijiangzhuang_man2],[shijiangzhuang_man2-shijiangzhuang_edge2]",tianjin_man2~shijiangzhuang_edge2
tianjin_man2,4,tangshan_edge1,50,41,tianjin_man2-tianjin_core1-tangshan_core-tangshan_man1-tangshan_edge1,"[tianjin_man2-tianjin_core1],[tianjin_core1-tangshan_core],[tangshan_core-tangshan_man1],[tangshan_man1-tangshan_edge1]",tianjin_man2~tangshan_edge1
tianjin_man2,4,tangshan_edge2,51,41,tianjin_man2-tianjin_core1-tangshan_core-tangshan_man2-tangshan_edge2,"[tianjin_man2-tianjin_core1],[tianjin_core1-tangshan_core],[tangshan_core-tangshan_man2],[tangshan_man2-tangshan_edge2]",tianjin_man2~tangshan_edge2
tianjin_man2,4,qhd_edge1,52,66,tianjin_man2-tianjin_core1-tangshan_core-qhd_man1-qhd_edge1,"[tianjin_man2-tianjin_core1],[tianjin_core1-tangshan_core],[tangshan_core-qhd_man1],[qhd_man1-qhd_edge1]",tianjin_man2~qhd_edge1
tianjin_man2,4,qhd_edge2,53,71.7,tianjin_man2-tianjin_core1-tangshan_core-qhd_man2-qhd_edge2,"[tianjin_man2-tianjin_core1],[tianjin_core1-tangshan_core],[tangshan_core-qhd_man2],[qhd_man2-qhd_edge2]",tianjin_man2~qhd_edge2
tianjin_man2,4,handan_edge1,54,125.9,tianjin_man2-tianjin_core1-shijiangzhuang_core-handan_man1-handan_edge1,"[tianjin_man2-tianjin_core1],[tianjin_core1-shijiangzhuang_core],[shijiangzhuang_core-handan_man1],[handan_man1-handan_edge1]",tianjin_man2~handan_edge1
tianjin_man2,4,handan_edge2,55,125.9,tianjin_man2-tianjin_core1-shijiangzhuang_core-handan_man2-handan_edge2,"[tianjin_man2-tianjin_core1],[tianjin_core1-shijiangzhuang_core],[shijiangzhuang_core-handan_man2],[handan_man2-handan_edge2]",tianjin_man2~handan_edge2
tianjin_man2,4,xingtai_edge1,56,115,tianjin_man2-tianjin_core1-shijiangzhuang_core-xingtai_man1-xingtai_edge1,"[tianjin_man2-tianjin_core1],[tianjin_core1-shijiangzhuang_core],[shijiangzhuang_core-xingtai_man1],[xingtai_man1-xingtai_edge1]",tianjin_man2~xingtai_edge1
tianjin_man2,4,xingtai_edge2,57,115,tianjin_man2-tianjin_core1-shijiangzhuang_core-xingtai_man2-xingtai_edge2,"[tianjin_man2-tianjin_core1],[tianjin_core1-shijiangzhuang_core],[shijiangzhuang_core-xingtai_man2],[xingtai_man2-xingtai_edge2]",tianjin_man2~xingtai_edge2
tianjin_man2,4,baoding_edge1,58,100.9,tianjin_man2-tianjin_core1-tangshan_core-baoding_man2-baoding_edge1,"[tianjin_man2-tianjin_core1],[tianjin_core1-tangshan_core],[tangshan_core-baoding_man2],[baoding_man2-baoding_edge1]",tianjin_man2~baoding_edge1
tianjin_man2,4,baoding_edge2,59,90.9,tianjin_man2-tianjin_core1-tangshan_core-baoding_man2-baoding_edge2,"[tianjin_man2-tianjin_core1],[tianjin_core1-tangshan_core],[tangshan_core-baoding_man2],[baoding_man2-baoding_edge2]",tianjin_man2~baoding_edge2
tianjin_man2,4,zhangjiako_edge1,60,83,tianjin_man2-tianjin_core1-beijing_core1-zhangjiako_man1-zhangjiako_edge1,"[tianjin_man2-tianjin_core1],[tianjin_core1-beijing_core1],[beijing_core1-zhangjiako_man1],[zhangjiako_man1-zhangjiako_edge1]",tianjin_man2~zhangjiako_edge1
tianjin_man2,4,zhangjiako_edge2,61,83,tianjin_man2-tianjin_core1-beijing_core1-zhangjiako_man2-zhangjiako_edge2,"[tianjin_man2-tianjin_core1],[tianjin_core1-beijing_core1],[beijing_core1-zhangjiako_man2],[zhangjiako_man2-zhangjiako_edge2]",tianjin_man2~zhangjiako_edge2
tianjin_man2,4,chengde_edge1,62,78.2,tianjin_man2-tianjin_core1-tangshan_core-chengde_man1-chengde_edge1,"[tianjin_man2-tianjin_core1],[tianjin_core1-tangshan_core],[tangshan_core-chengde_man1],[chengde_man1-chengde_edge1]",tianjin_man2~chengde_edge1
tianjin_man2,4,chengde_edge2,63,82.1,tianjin_man2-tianjin_core1-tangshan_core-chengde_man2-chengde_edge2,"[tianjin_man2-tianjin_core1],[tianjin_core1-tangshan_core],[tangshan_core-chengde_man2],[chengde_man2-chengde_edge2]",tianjin_man2~chengde_edge2
tianjin_man2,4,cangzhou_edge1,64,38.8,tianjin_man2-tianjin_core1-cangzhou_man1-cangzhou_edge1,"[tianjin_man2-tianjin_core1],[tianjin_core1-cangzhou_man1],[cangzhou_man1-cangzhou_edge1]",tianjin_man2~cangzhou_edge1
tianjin_man2,4,cangzhou_edge2,65,38.8,tianjin_man2-tianjin_core2-cangzhou_man2-cangzhou_edge2,"[tianjin_man2-tianjin_core2],[tianjin_core2-cangzhou_man2],[cangzhou_man2-cangzhou_edge2]",tianjin_man2~cangzhou_edge2
tianjin_man2,4,langfang_edge1,66,49.3,tianjin_man2-tianjin_core1-beijing_core1-langfang_man1-langfang_edge1,"[tianjin_man2-tianjin_core1],[tianjin_core1-beijing_core1],[beijing_core1-langfang_man1],[langfang_man1-langfang_edge1]",tianjin_man2~langfang_edge1
tianjin_man2,4,langfang_edge2,67,49.3,tianjin_man2-tianjin_core1-beijing_core1-langfang_man2-langfang_edge2,"[tianjin_man2-tianjin_core1],[tianjin_core1-beijing_core1],[beijing_core1-langfang_man2],[langfang_man2-langfang_edge2]",tianjin_man2~langfang_edge2
tianjin_man2,4,hengshui_edge1,68,114.7,tianjin_man2-tianjin_core1-shijiangzhuang_core-hengshui_man1-hengshui_edge1,"[tianjin_man2-tianjin_core1],[tianjin_core1-shijiangzhuang_core],[shijiangzhuang_core-hengshui_man1],[hengshui_man1-hengshui_edge1]",tianjin_man2~hengshui_edge1
tianjin_man2,4,hengshui_edge2,69,114.7,tianjin_man2-tianjin_core1-shijiangzhuang_core-hengshui_man2-hengshui_edge2,"[tianjin_man2-tianjin_core1],[tianjin_core1-shijiangzhuang_core],[shijiangzhuang_core-hengshui_man2],[hengshui_man2-hengshui_edge2]",tianjin_man2~hengshui_edge2
shijiangzhuang_man1,5,beijing_cloud1,5,80.9,shijiangzhuang_man1-shijiangzhuang_core-beijing_core2-beijing_cloud1,"[shijiangzhuang_man1-shijiangzhuang_core],[shijiangzhuang_core-beijing_core2],[beijing_core2-beijing_cloud1]",shijiangzhuang_man1~beijing_cloud1
shijiangzhuang_man1,5,beijing_cloud2,6,70.9,shijiangzhuang_man1-shijiangzhuang_core-beijing_core2-beijing_cloud2,"[shijiangzhuang_man1-shijiangzhuang_core],[shijiangzhuang_core-beijing_core2],[beijing_core2-beijing_cloud2]",shijiangzhuang_man1~beijing_cloud2
shijiangzhuang_man1,5,beijing_edge1,7,80.9,shijiangzhuang_man1-shijiangzhuang_core-beijing_core2-beijing_man1-beijing_edge1,"[shijiangzhuang_man1-shijiangzhuang_core],[shijiangzhuang_core-beijing_core2],[beijing_core2-beijing_man1],[beijing_man1-beijing_edge1]",shijiangzhuang_man1~beijing_edge1
shijiangzhuang_man1,5,beijing_edge2,8,80.9,shijiangzhuang_man1-shijiangzhuang_core-beijing_core2-beijing_man2-beijing_edge2,"[shijiangzhuang_man1-shijiangzhuang_core],[shijiangzhuang_core-beijing_core2],[beijing_core2-beijing_man2],[beijing_man2-beijing_edge2]",shijiangzhuang_man1~beijing_edge2
shijiangzhuang_man1,5,beijing_edge3,9,85.9,shijiangzhuang_man1-shijiangzhuang_core-beijing_core2-beijing_man1-beijing_edge3,"[shijiangzhuang_man1-shijiangzhuang_core],[shijiangzhuang_core-beijing_core2],[beijing_core2-beijing_man1],[beijing_man1-beijing_edge3]",shijiangzhuang_man1~beijing_edge3
shijiangzhuang_man1,5,beijing_edge4,10,85.9,shijiangzhuang_man1-shijiangzhuang_core-beijing_core2-beijing_man1-beijing_edge4,"[shijiangzhuang_man1-shijiangzhuang_core],[shijiangzhuang_core-beijing_core2],[beijing_core2-beijing_man1],[beijing_man1-beijing_edge4]",shijiangzhuang_man1~beijing_edge4
shijiangzhuang_man1,5,tianjin_cloud1,15,84.9,shijiangzhuang_man1-shijiangzhuang_core-tianjin_core1-tianjin_cloud1,"[shijiangzhuang_man1-shijiangzhuang_core],[shijiangzhuang_core-tianjin_core1],[tianjin_core1-tianjin_cloud1]",shijiangzhuang_man1~tianjin_cloud1
shijiangzhuang_man1,5,tianjin_cloud2,16,94.5,shijiangzhuang_man1-shijiangzhuang_core-cangzhou_man2-tianjin_core2-tianjin_cloud2,"[shijiangzhuang_man1-shijiangzhuang_core],[shijiangzhuang_core-cangzhou_man2],[cangzhou_man2-tianjin_core2],[tianjin_core2-tianjin_cloud2]",shijiangzhuang_man1~tianjin_cloud2
shijiangzhuang_man1,5,tianjin_edge1,17,94.9,shijiangzhuang_man1-shijiangzhuang_core-tianjin_core1-tianjin_man1-tianjin_edge1,"[shijiangzhuang_man1-shijiangzhuang_core],[shijiangzhuang_core-tianjin_core1],[tianjin_core1-tianjin_man1],[tianjin_man1-tianjin_edge1]",shijiangzhuang_man1~tianjin_edge1
shijiangzhuang_man1,5,tianjin_edge2,18,94.9,shijiangzhuang_man1-shijiangzhuang_core-tianjin_core1-tianjin_man2-tianjin_edge2,"[shijiangzhuang_man1-shijiangzhuang_core],[shijiangzhuang_core-tianjin_core1],[tianjin_core1-tianjin_man2],[tianjin_man2-tianjin_edge2]",shijiangzhuang_man1~tianjin_edge2
shijiangzhuang_man1,5,tianjin_edge3,19,99.9,shijiangzhuang_man1-shijiangzhuang_core-tianjin_core1-tianjin_man2-tianjin_edge3,"[shijiangzhuang_man1-shijiangzhuang_core],[shijiangzhuang_core-tianjin_core1],[tianjin_core1-tianjin_man2],[tianjin_man2-tianjin_edge3]",shijiangzhuang_man1~tianjin_edge3
shijiangzhuang_man1,5,tianjin_edge4,20,99.9,shijiangzhuang_man1-shijiangzhuang_core-tianjin_core1-tianjin_man2-tianjin_edge4,"[shijiangzhuang_man1-shijiangzhuang_core],[shijiangzhuang_core-tianjin_core1],[tianjin_core1-tianjin_man2],[tianjin_man2-tianjin_edge4]",shijiangzhuang_man1~tianjin_edge4
shijiangzhuang_man1,5,shijiangzhuang_cloud,24,11,shijiangzhuang_man1-shijiangzhuang_core-shijiangzhuang_cloud,"[shijiangzhuang_man1-shijiangzhuang_core],[shijiangzhuang_core-shijiangzhuang_cloud]",shijiangzhuang_man1~shijiangzhuang_cloud
shijiangzhuang_man1,5,baoding_cloud,36,56.1,shijiangzhuang_man1-shijiangzhuang_core-baoding_man2-baoding_cloud,"[shijiangzhuang_man1-shijiangzhuang_core],[shijiangzhuang_core-baoding_man2],[baoding_man2-baoding_cloud]",shijiangzhuang_man1~baoding_cloud
shijiangzhuang_man1,5,zhangjiako_cloud,39,113,shijiangzhuang_man1-shijiangzhuang_core-zhangjiako_man1-zhangjiako_cloud,"[shijiangzhuang_man1-shijiangzhuang_core],[shijiangzhuang_core-zhangjiako_man1],[zhangjiako_man1-zhangjiako_cloud]",shijiangzhuang_man1~zhangjiako_cloud
shijiangzhuang_man1,5,shijiangzhuang_edge1,48,1,shijiangzhuang_man1-shijiangzhuang_edge1,[shijiangzhuang_man1-shijiangzhuang_edge1],shijiangzhuang_man1~shijiangzhuang_edge1
shijiangzhuang_man1,5,shijiangzhuang_edge2,49,11,shijiangzhuang_man1-shijiangzhuang_edge2,[shijiangzhuang_man1-shijiangzhuang_edge2],shijiangzhuang_man1~shijiangzhuang_edge2
shijiangzhuang_man1,5,tangshan_edge1,50,110.3,shijiangzhuang_man1-tangshan_core-tangshan_man1-tangshan_edge1,"[shijiangzhuang_man1-tangshan_core],[tangshan_core-tangshan_man1],[tangshan_man1-tangshan_edge1]",shijiangzhuang_man1~tangshan_edge1
shijiangzhuang_man1,5,tangshan_edge2,51,110.3,shijiangzhuang_man1-tangshan_core-tangshan_man2-tangshan_edge2,"[shijiangzhuang_man1-tangshan_core],[tangshan_core-tangshan_man2],[tangshan_man2-tangshan_edge2]",shijiangzhuang_man1~tangshan_edge2
shijiangzhuang_man1,5,qhd_edge1,52,135.3,shijiangzhuang_man1-tangshan_core-qhd_man1-qhd_edge1,"[shijiangzhuang_man1-tangshan_core],[tangshan_core-qhd_man1],[qhd_man1-qhd_edge1]",shijiangzhuang_man1~qhd_edge1
shijiangzhuang_man1,5,qhd_edge2,53,140.9,shijiangzhuang_man1-tangshan_core-qhd_man2-qhd_edge2,"[shijiangzhuang_man1-tangshan_core],[tangshan_core-qhd_man2],[qhd_man2-qhd_edge2]",shijiangzhuang_man1~qhd_edge2
shijiangzhuang_man1,5,handan_edge1,54,52,shijiangzhuang_man1-shijiangzhuang_core-handan_man1-handan_edge1,"[shijiangzhuang_man1-shijiangzhuang_core],[shijiangzhuang_core-handan_man1],[handan_man1-handan_edge1]",shijiangzhuang_man1~handan_edge1
shijiangzhuang_man1,5,handan_edge2,55,52,shijiangzhuang_man1-shijiangzhuang_core-handan_man2-handan_edge2,"[shijiangzhuang_man1-shijiangzhuang_core],[shijiangzhuang_core-handan_man2],[handan_man2-handan_edge2]",shijiangzhuang_man1~handan_edge2
shijiangzhuang_man1,5,xingtai_edge1,56,41,shijiangzhuang_man1-shijiangzhuang_core-xingtai_man1-xingtai_edge1,"[shijiangzhuang_man1-shijiangzhuang_core],[shijiangzhuang_core-xingtai_man1],[xingtai_man1-xingtai_edge1]",shijiangzhuang_man1~xingtai_edge1
shijiangzhuang_man1,5,xingtai_edge2,57,41,shijiangzhuang_man1-shijiangzhuang_core-xingtai_man2-xingtai_edge2,"[shijiangzhuang_man1-shijiangzhuang_core],[shijiangzhuang_core-xingtai_man2],[xingtai_man2-xingtai_edge2]",shijiangzhuang_man1~xingtai_edge2
shijiangzhuang_man1,5,baoding_edge1,58,46.1,shijiangzhuang_man1-shijiangzhuang_core-baoding_man1-baoding_edge1,"[shijiangzhuang_man1-shijiangzhuang_core],[shijiangzhuang_core-baoding_man1],[baoding_man1-baoding_edge1]",shijiangzhuang_man1~baoding_edge1
shijiangzhuang_man1,5,baoding_edge2,59,46.1,shijiangzhuang_man1-shijiangzhuang_core-baoding_man2-baoding_edge2,"[shijiangzhuang_man1-shijiangzhuang_core],[shijiangzhuang_core-baoding_man2],[baoding_man2-baoding_edge2]",shijiangzhuang_man1~baoding_edge2
shijiangzhuang_man1,5,zhangjiako_edge1,60,103,shijiangzhuang_man1-shijiangzhuang_core-zhangjiako_man1-zhangjiako_edge1,"[shijiangzhuang_man1-shijiangzhuang_core],[shijiangzhuang_core-zhangjiako_man1],[zhangjiako_man1-zhangjiako_edge1]",shijiangzhuang_man1~zhangjiako_edge1
shijiangzhuang_man1,5,zhangjiako_edge2,61,103,shijiangzhuang_man1-shijiangzhuang_core-zhangjiako_man2-zhangjiako_edge2,"[shijiangzhuang_man1-shijiangzhuang_core],[shijiangzhuang_core-zhangjiako_man2],[zhangjiako_man2-zhangjiako_edge2]",shijiangzhuang_man1~zhangjiako_edge2
shijiangzhuang_man1,5,chengde_edge1,62,125.8,shijiangzhuang_man1-shijiangzhuang_core-beijing_core2-chengde_man1-chengde_edge1,"[shijiangzhuang_man1-shijiangzhuang_core],[shijiangzhuang_core-beijing_core2],[beijing_core2-chengde_man1],[chengde_man1-chengde_edge1]",shijiangzhuang_man1~chengde_edge1
shijiangzhuang_man1,5,chengde_edge2,63,125.8,shijiangzhuang_man1-shijiangzhuang_core-beijing_core2-chengde_man2-chengde_edge2,"[shijiangzhuang_man1-shijiangzhuang_core],[shijiangzhuang_core-beijing_core2],[beijing_core2-chengde_man2],[chengde_man2-chengde_edge2]",shijiangzhuang_man1~chengde_edge2
shijiangzhuang_man1,5,cangzhou_edge1,64,66.7,shijiangzhuang_man1-shijiangzhuang_core-cangzhou_man1-cangzhou_edge1,"[shijiangzhuang_man1-shijiangzhuang_core],[shijiangzhuang_core-cangzhou_man1],[cangzhou_man1-cangzhou_edge1]",shijiangzhuang_man1~cangzhou_edge1
shijiangzhuang_man1,5,cangzhou_edge2,65,66.7,shijiangzhuang_man1-shijiangzhuang_core-cangzhou_man2-cangzhou_edge2,"[shijiangzhuang_man1-shijiangzhuang_core],[shijiangzhuang_core-cangzhou_man2],[cangzhou_man2-cangzhou_edge2]",shijiangzhuang_man1~cangzhou_edge2
shijiangzhuang_man1,5,langfang_edge1,66,82.3,shijiangzhuang_man1-shijiangzhuang_core-langfang_man1-langfang_edge1,"[shijiangzhuang_man1-shijiangzhuang_core],[shijiangzhuang_core-langfang_man1],[langfang_man1-langfang_edge1]",shijiangzhuang_man1~langfang_edge1
shijiangzhuang_man1,5,langfang_edge2,67,82.3,shijiangzhuang_man1-shijiangzhuang_core-langfang_man2-langfang_edge2,"[shijiangzhuang_man1-shijiangzhuang_core],[shijiangzhuang_core-langfang_man2],[langfang_man2-langfang_edge2]",shijiangzhuang_man1~langfang_edge2
shijiangzhuang_man1,5,hengshui_edge1,68,40.8,shijiangzhuang_man1-shijiangzhuang_core-hengshui_man1-hengshui_edge1,"[shijiangzhuang_man1-shijiangzhuang_core],[shijiangzhuang_core-hengshui_man1],[hengshui_man1-hengshui_edge1]",shijiangzhuang_man1~hengshui_edge1
shijiangzhuang_man1,5,hengshui_edge2,69,40.8,shijiangzhuang_man1-shijiangzhuang_core-hengshui_man2-hengshui_edge2,"[shijiangzhuang_man1-shijiangzhuang_core],[shijiangzhuang_core-hengshui_man2],[hengshui_man2-hengshui_edge2]",shijiangzhuang_man1~hengshui_edge2
shijiangzhuang_man2,6,beijing_cloud1,5,80.9,shijiangzhuang_man2-shijiangzhuang_core-beijing_core2-beijing_cloud1,"[shijiangzhuang_man2-shijiangzhuang_core],[shijiangzhuang_core-beijing_core2],[beijing_core2-beijing_cloud1]",shijiangzhuang_man2~beijing_cloud1
shijiangzhuang_man2,6,beijing_cloud2,6,70.9,shijiangzhuang_man2-shijiangzhuang_core-beijing_core2-beijing_cloud2,"[shijiangzhuang_man2-shijiangzhuang_core],[shijiangzhuang_core-beijing_core2],[beijing_core2-beijing_cloud2]",shijiangzhuang_man2~beijing_cloud2
shijiangzhuang_man2,6,beijing_edge1,7,80.9,shijiangzhuang_man2-shijiangzhuang_core-beijing_core2-beijing_man1-beijing_edge1,"[shijiangzhuang_man2-shijiangzhuang_core],[shijiangzhuang_core-beijing_core2],[beijing_core2-beijing_man1],[beijing_man1-beijing_edge1]",shijiangzhuang_man2~beijing_edge1
shijiangzhuang_man2,6,beijing_edge2,8,80.9,shijiangzhuang_man2-shijiangzhuang_core-beijing_core2-beijing_man2-beijing_edge2,"[shijiangzhuang_man2-shijiangzhuang_core],[shijiangzhuang_core-beijing_core2],[beijing_core2-beijing_man2],[beijing_man2-beijing_edge2]",shijiangzhuang_man2~beijing_edge2
shijiangzhuang_man2,6,beijing_edge3,9,85.9,shijiangzhuang_man2-shijiangzhuang_core-beijing_core2-beijing_man1-beijing_edge3,"[shijiangzhuang_man2-shijiangzhuang_core],[shijiangzhuang_core-beijing_core2],[beijing_core2-beijing_man1],[beijing_man1-beijing_edge3]",shijiangzhuang_man2~beijing_edge3
shijiangzhuang_man2,6,beijing_edge4,10,85.9,shijiangzhuang_man2-shijiangzhuang_core-beijing_core2-beijing_man1-beijing_edge4,"[shijiangzhuang_man2-shijiangzhuang_core],[shijiangzhuang_core-beijing_core2],[beijing_core2-beijing_man1],[beijing_man1-beijing_edge4]",shijiangzhuang_man2~beijing_edge4
shijiangzhuang_man2,6,tianjin_cloud1,15,84.9,shijiangzhuang_man2-shijiangzhuang_core-tianjin_core1-tianjin_cloud1,"[shijiangzhuang_man2-shijiangzhuang_core],[shijiangzhuang_core-tianjin_core1],[tianjin_core1-tianjin_cloud1]",shijiangzhuang_man2~tianjin_cloud1
shijiangzhuang_man2,6,tianjin_cloud2,16,94.5,shijiangzhuang_man2-shijiangzhuang_core-cangzhou_man2-tianjin_core2-tianjin_cloud2,"[shijiangzhuang_man2-shijiangzhuang_core],[shijiangzhuang_core-cangzhou_man2],[cangzhou_man2-tianjin_core2],[tianjin_core2-tianjin_cloud2]",shijiangzhuang_man2~tianjin_cloud2
shijiangzhuang_man2,6,tianjin_edge1,17,94.9,shijiangzhuang_man2-shijiangzhuang_core-tianjin_core1-tianjin_man1-tianjin_edge1,"[shijiangzhuang_man2-shijiangzhuang_core],[shijiangzhuang_core-tianjin_core1],[tianjin_core1-tianjin_man1],[tianjin_man1-tianjin_edge1]",shijiangzhuang_man2~tianjin_edge1
shijiangzhuang_man2,6,tianjin_edge2,18,94.9,shijiangzhuang_man2-shijiangzhuang_core-tianjin_core1-tianjin_man2-tianjin_edge2,"[shijiangzhuang_man2-shijiangzhuang_core],[shijiangzhuang_core-tianjin_core1],[tianjin_core1-tianjin_man2],[tianjin_man2-tianjin_edge2]",shijiangzhuang_man2~tianjin_edge2
shijiangzhuang_man2,6,tianjin_edge3,19,99.9,shijiangzhuang_man2-shijiangzhuang_core-tianjin_core1-tianjin_man2-tianjin_edge3,"[shijiangzhuang_man2-shijiangzhuang_core],[shijiangzhuang_core-tianjin_core1],[tianjin_core1-tianjin_man2],[tianjin_man2-tianjin_edge3]",shijiangzhuang_man2~tianjin_edge3
shijiangzhuang_man2,6,tianjin_edge4,20,99.9,shijiangzhuang_man2-shijiangzhuang_core-tianjin_core1-tianjin_man2-tianjin_edge4,"[shijiangzhuang_man2-shijiangzhuang_core],[shijiangzhuang_core-tianjin_core1],[tianjin_core1-tianjin_man2],[tianjin_man2-tianjin_edge4]",shijiangzhuang_man2~tianjin_edge4
shijiangzhuang_man2,6,shijiangzhuang_cloud,24,11,shijiangzhuang_man2-shijiangzhuang_core-shijiangzhuang_cloud,"[shijiangzhuang_man2-shijiangzhuang_core],[shijiangzhuang_core-shijiangzhuang_cloud]",shijiangzhuang_man2~shijiangzhuang_cloud
shijiangzhuang_man2,6,baoding_cloud,36,56.1,shijiangzhuang_man2-shijiangzhuang_core-baoding_man2-baoding_cloud,"[shijiangzhuang_man2-shijiangzhuang_core],[shijiangzhuang_core-baoding_man2],[baoding_man2-baoding_cloud]",shijiangzhuang_man2~baoding_cloud
shijiangzhuang_man2,6,zhangjiako_cloud,39,113,shijiangzhuang_man2-shijiangzhuang_core-zhangjiako_man1-zhangjiako_cloud,"[shijiangzhuang_man2-shijiangzhuang_core],[shijiangzhuang_core-zhangjiako_man1],[zhangjiako_man1-zhangjiako_cloud]",shijiangzhuang_man2~zhangjiako_cloud
shijiangzhuang_man2,6,shijiangzhuang_edge1,48,11,shijiangzhuang_man2-shijiangzhuang_edge1,[shijiangzhuang_man2-shijiangzhuang_edge1],shijiangzhuang_man2~shijiangzhuang_edge1
shijiangzhuang_man2,6,shijiangzhuang_edge2,49,1,shijiangzhuang_man2-shijiangzhuang_edge2,[shijiangzhuang_man2-shijiangzhuang_edge2],shijiangzhuang_man2~shijiangzhuang_edge2
shijiangzhuang_man2,6,tangshan_edge1,50,105.8,shijiangzhuang_man2-tangshan_core-tangshan_man1-tangshan_edge1,"[shijiangzhuang_man2-tangshan_core],[tangshan_core-tangshan_man1],[tangshan_man1-tangshan_edge1]",shijiangzhuang_man2~tangshan_edge1
shijiangzhuang_man2,6,tangshan_edge2,51,105.8,shijiangzhuang_man2-tangshan_core-tangshan_man2-tangshan_edge2,"[shijiangzhuang_man2-tangshan_core],[tangshan_core-tangshan_man2],[tangshan_man2-tangshan_edge2]",shijiangzhuang_man2~tangshan_edge2
shijiangzhuang_man2,6,qhd_edge1,52,130.8,shijiangzhuang_man2-tangshan_core-qhd_man1-qhd_edge1,"[shijiangzhuang_man2-tangshan_core],[tangshan_core-qhd_man1],[qhd_man1-qhd_edge1]",shijiangzhuang_man2~qhd_edge1
shijiangzhuang_man2,6,qhd_edge2,53,136.5,shijiangzhuang_man2-tangshan_core-qhd_man2-qhd_edge2,"[shijiangzhuang_man2-tangshan_core],[tangshan_core-qhd_man2],[qhd_man2-qhd_edge2]",shijiangzhuang_man2~qhd_edge2
shijiangzhuang_man2,6,handan_edge1,54,52,shijiangzhuang_man2-shijiangzhuang_core-handan_man1-handan_edge1,"[shijiangzhuang_man2-shijiangzhuang_core],[shijiangzhuang_core-handan_man1],[handan_man1-handan_edge1]",shijiangzhuang_man2~handan_edge1
shijiangzhuang_man2,6,handan_edge2,55,52,shijiangzhuang_man2-shijiangzhuang_core-handan_man2-handan_edge2,"[shijiangzhuang_man2-shijiangzhuang_core],[shijiangzhuang_core-handan_man2],[handan_man2-handan_edge2]",shijiangzhuang_man2~handan_edge2
shijiangzhuang_man2,6,xingtai_edge1,56,41,shijiangzhuang_man2-shijiangzhuang_core-xingtai_man1-xingtai_edge1,"[shijiangzhuang_man2-shijiangzhuang_core],[shijiangzhuang_core-xingtai_man1],[xingtai_man1-xingtai_edge1]",shijiangzhuang_man2~xingtai_edge1
shijiangzhuang_man2,6,xingtai_edge2,57,41,shijiangzhuang_man2-shijiangzhuang_core-xingtai_man2-xingtai_edge2,"[shijiangzhuang_man2-shijiangzhuang_core],[shijiangzhuang_core-xingtai_man2],[xingtai_man2-xingtai_edge2]",shijiangzhuang_man2~xingtai_edge2
shijiangzhuang_man2,6,baoding_edge1,58,46.1,shijiangzhuang_man2-shijiangzhuang_core-baoding_man1-baoding_edge1,"[shijiangzhuang_man2-shijiangzhuang_core],[shijiangzhuang_core-baoding_man1],[baoding_man1-baoding_edge1]",shijiangzhuang_man2~baoding_edge1
shijiangzhuang_man2,6,baoding_edge2,59,46.1,shijiangzhuang_man2-shijiangzhuang_core-baoding_man2-baoding_edge2,"[shijiangzhuang_man2-shijiangzhuang_core],[shijiangzhuang_core-baoding_man2],[baoding_man2-baoding_edge2]",shijiangzhuang_man2~baoding_edge2
shijiangzhuang_man2,6,zhangjiako_edge1,60,103,shijiangzhuang_man2-shijiangzhuang_core-zhangjiako_man1-zhangjiako_edge1,"[shijiangzhuang_man2-shijiangzhuang_core],[shijiangzhuang_core-zhangjiako_man1],[zhangjiako_man1-zhangjiako_edge1]",shijiangzhuang_man2~zhangjiako_edge1
shijiangzhuang_man2,6,zhangjiako_edge2,61,103,shijiangzhuang_man2-shijiangzhuang_core-zhangjiako_man2-zhangjiako_edge2,"[shijiangzhuang_man2-shijiangzhuang_core],[shijiangzhuang_core-zhangjiako_man2],[zhangjiako_man2-zhangjiako_edge2]",shijiangzhuang_man2~zhangjiako_edge2
shijiangzhuang_man2,6,chengde_edge1,62,125.8,shijiangzhuang_man2-shijiangzhuang_core-beijing_core2-chengde_man1-chengde_edge1,"[shijiangzhuang_man2-shijiangzhuang_core],[shijiangzhuang_core-beijing_core2],[beijing_core2-chengde_man1],[chengde_man1-chengde_edge1]",shijiangzhuang_man2~chengde_edge1
shijiangzhuang_man2,6,chengde_edge2,63,125.8,shijiangzhuang_man2-shijiangzhuang_core-beijing_core2-chengde_man2-chengde_edge2,"[shijiangzhuang_man2-shijiangzhuang_core],[shijiangzhuang_core-beijing_core2],[beijing_core2-chengde_man2],[chengde_man2-chengde_edge2]",shijiangzhuang_man2~chengde_edge2
shijiangzhuang_man2,6,cangzhou_edge1,64,66.7,shijiangzhuang_man2-shijiangzhuang_core-cangzhou_man1-cangzhou_edge1,"[shijiangzhuang_man2-shijiangzhuang_core],[shijiangzhuang_core-cangzhou_man1],[cangzhou_man1-cangzhou_edge1]",shijiangzhuang_man2~cangzhou_edge1
shijiangzhuang_man2,6,cangzhou_edge2,65,66.7,shijiangzhuang_man2-shijiangzhuang_core-cangzhou_man2-cangzhou_edge2,"[shijiangzhuang_man2-shijiangzhuang_core],[shijiangzhuang_core-cangzhou_man2],[cangzhou_man2-cangzhou_edge2]",shijiangzhuang_man2~cangzhou_edge2
shijiangzhuang_man2,6,langfang_edge1,66,82.3,shijiangzhuang_man2-shijiangzhuang_core-langfang_man1-langfang_edge1,"[shijiangzhuang_man2-shijiangzhuang_core],[shijiangzhuang_core-langfang_man1],[langfang_man1-langfang_edge1]",shijiangzhuang_man2~langfang_edge1
shijiangzhuang_man2,6,langfang_edge2,67,82.3,shijiangzhuang_man2-shijiangzhuang_core-langfang_man2-langfang_edge2,"[shijiangzhuang_man2-shijiangzhuang_core],[shijiangzhuang_core-langfang_man2],[langfang_man2-langfang_edge2]",shijiangzhuang_man2~langfang_edge2
shijiangzhuang_man2,6,hengshui_edge1,68,40.8,shijiangzhuang_man2-shijiangzhuang_core-hengshui_man1-hengshui_edge1,"[shijiangzhuang_man2-shijiangzhuang_core],[shijiangzhuang_core-hengshui_man1],[hengshui_man1-hengshui_edge1]",shijiangzhuang_man2~hengshui_edge1
shijiangzhuang_man2,6,hengshui_edge2,69,40.8,shijiangzhuang_man2-shijiangzhuang_core-hengshui_man2-hengshui_edge2,"[shijiangzhuang_man2-shijiangzhuang_core],[shijiangzhuang_core-hengshui_man2],[hengshui_man2-hengshui_edge2]",shijiangzhuang_man2~hengshui_edge2
tangshan_man1,7,beijing_cloud1,5,43.5,tangshan_man1-tangshan_core-beijing_core1-beijing_cloud1,"[tangshan_man1-tangshan_core],[tangshan_core-beijing_core1],[beijing_core1-beijing_cloud1]",tangshan_man1~beijing_cloud1
tangshan_man1,7,beijing_cloud2,6,53.5,tangshan_man1-tangshan_core-beijing_core1-beijing_cloud2,"[tangshan_man1-tangshan_core],[tangshan_core-beijing_core1],[beijing_core1-beijing_cloud2]",tangshan_man1~beijing_cloud2
tangshan_man1,7,beijing_edge1,7,53.5,tangshan_man1-tangshan_core-beijing_core1-beijing_man1-beijing_edge1,"[tangshan_man1-tangshan_core],[tangshan_core-beijing_core1],[beijing_core1-beijing_man1],[beijing_man1-beijing_edge1]",tangshan_man1~beijing_edge1
tangshan_man1,7,beijing_edge2,8,53.5,tangshan_man1-tangshan_core-beijing_core1-beijing_man2-beijing_edge2,"[tangshan_man1-tangshan_core],[tangshan_core-beijing_core1],[beijing_core1-beijing_man2],[beijing_man2-beijing_edge2]",tangshan_man1~beijing_edge2
tangshan_man1,7,beijing_edge3,9,58.5,tangshan_man1-tangshan_core-beijing_core1-beijing_man1-beijing_edge3,"[tangshan_man1-tangshan_core],[tangshan_core-beijing_core1],[beijing_core1-beijing_man1],[beijing_man1-beijing_edge3]",tangshan_man1~beijing_edge3
tangshan_man1,7,beijing_edge4,10,58.5,tangshan_man1-tangshan_core-beijing_core1-beijing_man1-beijing_edge4,"[tangshan_man1-tangshan_core],[tangshan_core-beijing_core1],[beijing_core1-beijing_man1],[beijing_man1-beijing_edge4]",tangshan_man1~beijing_edge4
tangshan_man1,7,tianjin_cloud1,15,31,tangshan_man1-tangshan_core-tianjin_core1-tianjin_cloud1,"[tangshan_man1-tangshan_core],[tangshan_core-tianjin_core1],[tianjin_core1-tianjin_cloud1]",tangshan_man1~tianjin_cloud1
tangshan_man1,7,tianjin_cloud2,16,35.7,tangshan_man1-tangshan_core-tianjin_core2-tianjin_cloud2,"[tangshan_man1-tangshan_core],[tangshan_core-tianjin_core2],[tianjin_core2-tianjin_cloud2]",tangshan_man1~tianjin_cloud2
tangshan_man1,7,tianjin_edge1,17,41,tangshan_man1-tangshan_core-tianjin_core1-tianjin_man1-tianjin_edge1,"[tangshan_man1-tangshan_core],[tangshan_core-tianjin_core1],[tianjin_core1-tianjin_man1],[tianjin_man1-tianjin_edge1]",tangshan_man1~tianjin_edge1
tangshan_man1,7,tianjin_edge2,18,41,tangshan_man1-tangshan_core-tianjin_core1-tianjin_man2-tianjin_edge2,"[tangshan_man1-tangshan_core],[tangshan_core-tianjin_core1],[tianjin_core1-tianjin_man2],[tianjin_man2-tianjin_edge2]",tangshan_man1~tianjin_edge2
tangshan_man1,7,tianjin_edge3,19,46,tangshan_man1-tangshan_core-tianjin_core1-tianjin_man1-tianjin_edge3,"[tangshan_man1-tangshan_core],[tangshan_core-tianjin_core1],[tianjin_core1-tianjin_man1],[tianjin_man1-tianjin_edge3]",tangshan_man1~tianjin_edge3
tangshan_man1,7,tianjin_edge4,20,46,tangshan_man1-tangshan_core-tianjin_core1-tianjin_man1-tianjin_edge4,"[tangshan_man1-tangshan_core],[tangshan_core-tianjin_core1],[tianjin_core1-tianjin_man1],[tianjin_man1-tianjin_edge4]",tangshan_man1~tianjin_edge4
tangshan_man1,7,shijiangzhuang_cloud,24,104.3,tangshan_man1-shijiangzhuang_core-shijiangzhuang_cloud,"[tangshan_man1-shijiangzhuang_core],[shijiangzhuang_core-shijiangzhuang_cloud]",tangshan_man1~shijiangzhuang_cloud
tangshan_man1,7,baoding_cloud,36,80.9,tangshan_man1-tangshan_core-baoding_man2-baoding_cloud,"[tangshan_man1-tangshan_core],[tangshan_core-baoding_man2],[baoding_man2-baoding_cloud]",tangshan_man1~baoding_cloud
tangshan_man1,7,zhangjiako_cloud,39,100.8,tangshan_man1-tangshan_core-beijing_core1-zhangjiako_man2-zhangjiako_cloud,"[tangshan_man1-tangshan_core],[tangshan_core-beijing_core1],[beijing_core1-zhangjiako_man2],[zhangjiako_man2-zhangjiako_cloud]",tangshan_man1~zhangjiako_cloud
tangshan_man1,7,shijiangzhuang_edge1,48,110.3,tangshan_man1-tangshan_core-shijiangzhuang_man1-shijiangzhuang_edge1,"[tangshan_man1-tangshan_core],[tangshan_core-shijiangzhuang_man1],[shijiangzhuang_man1-shijiangzhuang_edge1]",tangshan_man1~shijiangzhuang_edge1
tangshan_man1,7,shijiangzhuang_edge2,49,105.8,tangshan_man1-tangshan_core-shijiangzhuang_man2-shijiangzhuang_edge2,"[tangshan_man1-tangshan_core],[tangshan_core-shijiangzhuang_man2],[shijiangzhuang_man2-shijiangzhuang_edge2]",tangshan_man1~shijiangzhuang_edge2
tangshan_man1,7,tangshan_edge1,50,1,tangshan_man1-tangshan_edge1,[tangshan_man1-tangshan_edge1],tangshan_man1~tangshan_edge1
tangshan_man1,7,tangshan_edge2,51,11,tangshan_man1-tangshan_edge2,[tangshan_man1-tangshan_edge2],tangshan_man1~tangshan_edge2
tangshan_man1,7,qhd_edge1,52,46,tangshan_man1-tangshan_core-qhd_man1-qhd_edge1,"[tangshan_man1-tangshan_core],[tangshan_core-qhd_man1],[qhd_man1-qhd_edge1]",tangshan_man1~qhd_edge1
tangshan_man1,7,qhd_edge2,53,51.7,tangshan_man1-tangshan_core-qhd_man2-qhd_edge2,"[tangshan_man1-tangshan_core],[tangshan_core-qhd_man2],[qhd_man2-qhd_edge2]",tangshan_man1~qhd_edge2
tangshan_man1,7,handan_edge1,54,145.3,tangshan_man1-shijiangzhuang_core-handan_man1-handan_edge1,"[tangshan_man1-shijiangzhuang_core],[shijiangzhuang_core-handan_man1],[handan_man1-handan_edge1]",tangshan_man1~handan_edge1
tangshan_man1,7,handan_edge2,55,145.3,tangshan_man1-shijiangzhuang_core-handan_man2-handan_edge2,"[tangshan_man1-shijiangzhuang_core],[shijiangzhuang_core-handan_man2],[handan_man2-handan_edge2]",tangshan_man1~handan_edge2
tangshan_man1,7,xingtai_edge1,56,129.3,tangshan_man1-tangshan_core-xingtai_man2-xingtai_edge1,"[tangshan_man1-tangshan_core],[tangshan_core-xingtai_man2],[xingtai_man2-xingtai_edge1]",tangshan_man1~xingtai_edge1
tangshan_man1,7,xingtai_edge2,57,119.3,tangshan_man1-tangshan_core-xingtai_man2-xingtai_edge2,"[tangshan_man1-tangshan_core],[tangshan_core-xingtai_man2],[xingtai_man2-xingtai_edge2]",tangshan_man1~xingtai_edge2
tangshan_man1,7,baoding_edge1,58,80.9,tangshan_man1-tangshan_core-baoding_man2-baoding_edge1,"[tangshan_man1-tangshan_core],[tangshan_core-baoding_man2],[baoding_man2-baoding_edge1]",tangshan_man1~baoding_edge1
tangshan_man1,7,baoding_edge2,59,70.9,tangshan_man1-tangshan_core-baoding_man2-baoding_edge2,"[tangshan_man1-tangshan_core],[tangshan_core-baoding_man2],[baoding_man2-baoding_edge2]",tangshan_man1~baoding_edge2
tangshan_man1,7,zhangjiako_edge1,60,90.8,tangshan_man1-tangshan_core-beijing_core1-zhangjiako_man1-zhangjiako_edge1,"[tangshan_man1-tangshan_core],[tangshan_core-beijing_core1],[beijing_core1-zhangjiako_man1],[zhangjiako_man1-zhangjiako_edge1]",tangshan_man1~zhangjiako_edge1
tangshan_man1,7,zhangjiako_edge2,61,90.8,tangshan_man1-tangshan_core-beijing_core1-zhangjiako_man2-zhangjiako_edge2,"[tangshan_man1-tangshan_core],[tangshan_core-beijing_core1],[beijing_core1-zhangjiako_man2],[zhangjiako_man2-zhangjiako_edge2]",tangshan_man1~zhangjiako_edge2
tangshan_man1,7,chengde_edge1,62,58.2,tangshan_man1-tangshan_core-chengde_man1-chengde_edge1,"[tangshan_man1-tangshan_core],[tangshan_core-chengde_man1],[chengde_man1-chengde_edge1]",tangshan_man1~chengde_edge1
tangshan_man1,7,chengde_edge2,63,62.1,tangshan_man1-tangshan_core-chengde_man2-chengde_edge2,"[tangshan_man1-tangshan_core],[tangshan_core-chengde_man2],[chengde_man2-chengde_edge2]",tangshan_man1~chengde_edge2
tangshan_man1,7,cangzhou_edge1,64,58.8,tangshan_man1-tangshan_core-tianjin_core1-cangzhou_man1-cangzhou_edge1,"[tangshan_man1-tangshan_core],[tangshan_core-tianjin_core1],[tianjin_core1-cangzhou_man1],[cangzhou_man1-cangzhou_edge1]",tangshan_man1~cangzhou_edge1
tangshan_man1,7,cangzhou_edge2,65,58.8,tangshan_man1-tangshan_core-tianjin_core1-cangzhou_man2-cangzhou_edge2,"[tangshan_man1-tangshan_core],[tangshan_core-tianjin_core1],[tianjin_core1-cangzhou_man2],[cangzhou_man2-cangzhou_edge2]",tangshan_man1~cangzhou_edge2
tangshan_man1,7,langfang_edge1,66,51.5,tangshan_man1-tangshan_core-langfang_man1-langfang_edge1,"[tangshan_man1-tangshan_core],[tangshan_core-langfang_man1],[langfang_man1-langfang_edge1]",tangshan_man1~langfang_edge1
tangshan_man1,7,langfang_edge2,67,43.1,tangshan_man1-tangshan_core-langfang_man2-langfang_edge2,"[tangshan_man1-tangshan_core],[tangshan_core-langfang_man2],[langfang_man2-langfang_edge2]",tangshan_man1~langfang_edge2
tangshan_man1,7,hengshui_edge1,68,106.2,tangshan_man1-tangshan_core-hengshui_man2-hengshui_edge1,"[tangshan_man1-tangshan_core],[tangshan_core-hengshui_man2],[hengshui_man2-hengshui_edge1]",tangshan_man1~hengshui_edge1
tangshan_man1,7,hengshui_edge2,69,96.2,tangshan_man1-tangshan_core-hengshui_man2-hengshui_edge2,"[tangshan_man1-tangshan_core],[tangshan_core-hengshui_man2],[hengshui_man2-hengshui_edge2]",tangshan_man1~hengshui_edge2
tangshan_man2,8,beijing_cloud1,5,43.5,tangshan_man2-tangshan_core-beijing_core1-beijing_cloud1,"[tangshan_man2-tangshan_core],[tangshan_core-beijing_core1],[beijing_core1-beijing_cloud1]",tangshan_man2~beijing_cloud1
tangshan_man2,8,beijing_cloud2,6,53.5,tangshan_man2-tangshan_core-beijing_core1-beijing_cloud2,"[tangshan_man2-tangshan_core],[tangshan_core-beijing_core1],[beijing_core1-beijing_cloud2]",tangshan_man2~beijing_cloud2
tangshan_man2,8,beijing_edge1,7,53.5,tangshan_man2-tangshan_core-beijing_core1-beijing_man1-beijing_edge1,"[tangshan_man2-tangshan_core],[tangshan_core-beijing_core1],[beijing_core1-beijing_man1],[beijing_man1-beijing_edge1]",tangshan_man2~beijing_edge1
tangshan_man2,8,beijing_edge2,8,53.5,tangshan_man2-tangshan_core-beijing_core1-beijing_man2-beijing_edge2,"[tangshan_man2-tangshan_core],[tangshan_core-beijing_core1],[beijing_core1-beijing_man2],[beijing_man2-beijing_edge2]",tangshan_man2~beijing_edge2
tangshan_man2,8,beijing_edge3,9,58.5,tangshan_man2-tangshan_core-beijing_core1-beijing_man2-beijing_edge3,"[tangshan_man2-tangshan_core],[tangshan_core-beijing_core1],[beijing_core1-beijing_man2],[beijing_man2-beijing_edge3]",tangshan_man2~beijing_edge3
tangshan_man2,8,beijing_edge4,10,58.5,tangshan_man2-tangshan_core-beijing_core1-beijing_man2-beijing_edge4,"[tangshan_man2-tangshan_core],[tangshan_core-beijing_core1],[beijing_core1-beijing_man2],[beijing_man2-beijing_edge4]",tangshan_man2~beijing_edge4
tangshan_man2,8,tianjin_cloud1,15,31,tangshan_man2-tangshan_core-tianjin_core1-tianjin_cloud1,"[tangshan_man2-tangshan_core],[tangshan_core-tianjin_core1],[tianjin_core1-tianjin_cloud1]",tangshan_man2~tianjin_cloud1
tangshan_man2,8,tianjin_cloud2,16,35.7,tangshan_man2-tangshan_core-tianjin_core2-tianjin_cloud2,"[tangshan_man2-tangshan_core],[tangshan_core-tianjin_core2],[tianjin_core2-tianjin_cloud2]",tangshan_man2~tianjin_cloud2
tangshan_man2,8,tianjin_edge1,17,41,tangshan_man2-tangshan_core-tianjin_core1-tianjin_man1-tianjin_edge1,"[tangshan_man2-tangshan_core],[tangshan_core-tianjin_core1],[tianjin_core1-tianjin_man1],[tianjin_man1-tianjin_edge1]",tangshan_man2~tianjin_edge1
tangshan_man2,8,tianjin_edge2,18,41,tangshan_man2-tangshan_core-tianjin_core1-tianjin_man2-tianjin_edge2,"[tangshan_man2-tangshan_core],[tangshan_core-tianjin_core1],[tianjin_core1-tianjin_man2],[tianjin_man2-tianjin_edge2]",tangshan_man2~tianjin_edge2
tangshan_man2,8,tianjin_edge3,19,46,tangshan_man2-tangshan_core-tianjin_core1-tianjin_man1-tianjin_edge3,"[tangshan_man2-tangshan_core],[tangshan_core-tianjin_core1],[tianjin_core1-tianjin_man1],[tianjin_man1-tianjin_edge3]",tangshan_man2~tianjin_edge3
tangshan_man2,8,tianjin_edge4,20,46,tangshan_man2-tangshan_core-tianjin_core1-tianjin_man1-tianjin_edge4,"[tangshan_man2-tangshan_core],[tangshan_core-tianjin_core1],[tianjin_core1-tianjin_man1],[tianjin_man1-tianjin_edge4]",tangshan_man2~tianjin_edge4
tangshan_man2,8,shijiangzhuang_cloud,24,104.3,tangshan_man2-shijiangzhuang_core-shijiangzhuang_cloud,"[tangshan_man2-shijiangzhuang_core],[shijiangzhuang_core-shijiangzhuang_cloud]",tangshan_man2~shijiangzhuang_cloud
tangshan_man2,8,baoding_cloud,36,80.9,tangshan_man2-tangshan_core-baoding_man2-baoding_cloud,"[tangshan_man2-tangshan_core],[tangshan_core-baoding_man2],[baoding_man2-baoding_cloud]",tangshan_man2~baoding_cloud
tangshan_man2,8,zhangjiako_cloud,39,100.8,tangshan_man2-tangshan_core-beijing_core1-zhangjiako_man1-zhangjiako_cloud,"[tangshan_man2-tangshan_core],[tangshan_core-beijing_core1],[beijing_core1-zhangjiako_man1],[zhangjiako_man1-zhangjiako_cloud]",tangshan_man2~zhangjiako_cloud
tangshan_man2,8,shijiangzhuang_edge1,48,110.3,tangshan_man2-tangshan_core-shijiangzhuang_man1-shijiangzhuang_edge1,"[tangshan_man2-tangshan_core],[tangshan_core-shijiangzhuang_man1],[shijiangzhuang_man1-shijiangzhuang_edge1]",tangshan_man2~shijiangzhuang_edge1
tangshan_man2,8,shijiangzhuang_edge2,49,105.8,tangshan_man2-tangshan_core-shijiangzhuang_man2-shijiangzhuang_edge2,"[tangshan_man2-tangshan_core],[tangshan_core-shijiangzhuang_man2],[shijiangzhuang_man2-shijiangzhuang_edge2]",tangshan_man2~shijiangzhuang_edge2
tangshan_man2,8,tangshan_edge1,50,11,tangshan_man2-tangshan_edge1,[tangshan_man2-tangshan_edge1],tangshan_man2~tangshan_edge1
tangshan_man2,8,tangshan_edge2,51,1,tangshan_man2-tangshan_edge2,[tangshan_man2-tangshan_edge2],tangshan_man2~tangshan_edge2
tangshan_man2,8,qhd_edge1,52,46,tangshan_man2-tangshan_core-qhd_man1-qhd_edge1,"[tangshan_man2-tangshan_core],[tangshan_core-qhd_man1],[qhd_man1-qhd_edge1]",tangshan_man2~qhd_edge1
tangshan_man2,8,qhd_edge2,53,51.7,tangshan_man2-tangshan_core-qhd_man2-qhd_edge2,"[tangshan_man2-tangshan_core],[tangshan_core-qhd_man2],[qhd_man2-qhd_edge2]",tangshan_man2~qhd_edge2
tangshan_man2,8,handan_edge1,54,145.3,tangshan_man2-shijiangzhuang_core-handan_man1-handan_edge1,"[tangshan_man2-shijiangzhuang_core],[shijiangzhuang_core-handan_man1],[handan_man1-handan_edge1]",tangshan_man2~handan_edge1
tangshan_man2,8,handan_edge2,55,145.3,tangshan_man2-shijiangzhuang_core-handan_man2-handan_edge2,"[tangshan_man2-shijiangzhuang_core],[shijiangzhuang_core-handan_man2],[handan_man2-handan_edge2]",tangshan_man2~handan_edge2
tangshan_man2,8,xingtai_edge1,56,129.3,tangshan_man2-tangshan_core-xingtai_man2-xingtai_edge1,"[tangshan_man2-tangshan_core],[tangshan_core-xingtai_man2],[xingtai_man2-xingtai_edge1]",tangshan_man2~xingtai_edge1
tangshan_man2,8,xingtai_edge2,57,119.3,tangshan_man2-tangshan_core-xingtai_man2-xingtai_edge2,"[tangshan_man2-tangshan_core],[tangshan_core-xingtai_man2],[xingtai_man2-xingtai_edge2]",tangshan_man2~xingtai_edge2
tangshan_man2,8,baoding_edge1,58,80.9,tangshan_man2-tangshan_core-baoding_man2-baoding_edge1,"[tangshan_man2-tangshan_core],[tangshan_core-baoding_man2],[baoding_man2-baoding_edge1]",tangshan_man2~baoding_edge1
tangshan_man2,8,baoding_edge2,59,70.9,tangshan_man2-tangshan_core-baoding_man2-baoding_edge2,"[tangshan_man2-tangshan_core],[tangshan_core-baoding_man2],[baoding_man2-baoding_edge2]",tangshan_man2~baoding_edge2
tangshan_man2,8,zhangjiako_edge1,60,90.8,tangshan_man2-tangshan_core-beijing_core1-zhangjiako_man1-zhangjiako_edge1,"[tangshan_man2-tangshan_core],[tangshan_core-beijing_core1],[beijing_core1-zhangjiako_man1],[zhangjiako_man1-zhangjiako_edge1]",tangshan_man2~zhangjiako_edge1
tangshan_man2,8,zhangjiako_edge2,61,90.8,tangshan_man2-tangshan_core-beijing_core1-zhangjiako_man2-zhangjiako_edge2,"[tangshan_man2-tangshan_core],[tangshan_core-beijing_core1],[beijing_core1-zhangjiako_man2],[zhangjiako_man2-zhangjiako_edge2]",tangshan_man2~zhangjiako_edge2
tangshan_man2,8,chengde_edge1,62,58.2,tangshan_man2-tangshan_core-chengde_man1-chengde_edge1,"[tangshan_man2-tangshan_core],[tangshan_core-chengde_man1],[chengde_man1-chengde_edge1]",tangshan_man2~chengde_edge1
tangshan_man2,8,chengde_edge2,63,62.1,tangshan_man2-tangshan_core-chengde_man2-chengde_edge2,"[tangshan_man2-tangshan_core],[tangshan_core-chengde_man2],[chengde_man2-chengde_edge2]",tangshan_man2~chengde_edge2
tangshan_man2,8,cangzhou_edge1,64,58.8,tangshan_man2-tangshan_core-tianjin_core1-cangzhou_man1-cangzhou_edge1,"[tangshan_man2-tangshan_core],[tangshan_core-tianjin_core1],[tianjin_core1-cangzhou_man1],[cangzhou_man1-cangzhou_edge1]",tangshan_man2~cangzhou_edge1
tangshan_man2,8,cangzhou_edge2,65,58.8,tangshan_man2-tangshan_core-tianjin_core1-cangzhou_man2-cangzhou_edge2,"[tangshan_man2-tangshan_core],[tangshan_core-tianjin_core1],[tianjin_core1-cangzhou_man2],[cangzhou_man2-cangzhou_edge2]",tangshan_man2~cangzhou_edge2
tangshan_man2,8,langfang_edge1,66,51.5,tangshan_man2-tangshan_core-langfang_man1-langfang_edge1,"[tangshan_man2-tangshan_core],[tangshan_core-langfang_man1],[langfang_man1-langfang_edge1]",tangshan_man2~langfang_edge1
tangshan_man2,8,langfang_edge2,67,43.1,tangshan_man2-tangshan_core-langfang_man2-langfang_edge2,"[tangshan_man2-tangshan_core],[tangshan_core-langfang_man2],[langfang_man2-langfang_edge2]",tangshan_man2~langfang_edge2
tangshan_man2,8,hengshui_edge1,68,106.2,tangshan_man2-tangshan_core-hengshui_man2-hengshui_edge1,"[tangshan_man2-tangshan_core],[tangshan_core-hengshui_man2],[hengshui_man2-hengshui_edge1]",tangshan_man2~hengshui_edge1
tangshan_man2,8,hengshui_edge2,69,96.2,tangshan_man2-tangshan_core-hengshui_man2-hengshui_edge2,"[tangshan_man2-tangshan_core],[tangshan_core-hengshui_man2],[hengshui_man2-hengshui_edge2]",tangshan_man2~hengshui_edge2
qhd_man1,9,beijing_cloud1,5,68.5,qhd_man1-tangshan_core-beijing_core1-beijing_cloud1,"[qhd_man1-tangshan_core],[tangshan_core-beijing_core1],[beijing_core1-beijing_cloud1]",qhd_man1~beijing_cloud1
qhd_man1,9,beijing_cloud2,6,78.5,qhd_man1-tangshan_core-beijing_core1-beijing_cloud2,"[qhd_man1-tangshan_core],[tangshan_core-beijing_core1],[beijing_core1-beijing_cloud2]",qhd_man1~beijing_cloud2
qhd_man1,9,beijing_edge1,7,78.5,qhd_man1-tangshan_core-beijing_core1-beijing_man1-beijing_edge1,"[qhd_man1-tangshan_core],[tangshan_core-beijing_core1],[beijing_core1-beijing_man1],[beijing_man1-beijing_edge1]",qhd_man1~beijing_edge1
qhd_man1,9,beijing_edge2,8,78.5,qhd_man1-tangshan_core-beijing_core1-beijing_man2-beijing_edge2,"[qhd_man1-tangshan_core],[tangshan_core-beijing_core1],[beijing_core1-beijing_man2],[beijing_man2-beijing_edge2]",qhd_man1~beijing_edge2
qhd_man1,9,beijing_edge3,9,83.5,qhd_man1-tangshan_core-beijing_core1-beijing_man2-beijing_edge3,"[qhd_man1-tangshan_core],[tangshan_core-beijing_core1],[beijing_core1-beijing_man2],[beijing_man2-beijing_edge3]",qhd_man1~beijing_edge3
qhd_man1,9,beijing_edge4,10,83.5,qhd_man1-tangshan_core-beijing_core1-beijing_man2-beijing_edge4,"[qhd_man1-tangshan_core],[tangshan_core-beijing_core1],[beijing_core1-beijing_man2],[beijing_man2-beijing_edge4]",qhd_man1~beijing_edge4
qhd_man1,9,tianjin_cloud1,15,56,qhd_man1-tangshan_core-tianjin_core1-tianjin_cloud1,"[qhd_man1-tangshan_core],[tangshan_core-tianjin_core1],[tianjin_core1-tianjin_cloud1]",qhd_man1~tianjin_cloud1
qhd_man1,9,tianjin_cloud2,16,60.7,qhd_man1-tangshan_core-tianjin_core2-tianjin_cloud2,"[qhd_man1-tangshan_core],[tangshan_core-tianjin_core2],[tianjin_core2-tianjin_cloud2]",qhd_man1~tianjin_cloud2
qhd_man1,9,tianjin_edge1,17,66,qhd_man1-tangshan_core-tianjin_core1-tianjin_man1-tianjin_edge1,"[qhd_man1-tangshan_core],[tangshan_core-tianjin_core1],[tianjin_core1-tianjin_man1],[tianjin_man1-tianjin_edge1]",qhd_man1~tianjin_edge1
qhd_man1,9,tianjin_edge2,18,66,qhd_man1-tangshan_core-tianjin_core1-tianjin_man2-tianjin_edge2,"[qhd_man1-tangshan_core],[tangshan_core-tianjin_core1],[tianjin_core1-tianjin_man2],[tianjin_man2-tianjin_edge2]",qhd_man1~tianjin_edge2
qhd_man1,9,tianjin_edge3,19,71,qhd_man1-tangshan_core-tianjin_core1-tianjin_man1-tianjin_edge3,"[qhd_man1-tangshan_core],[tangshan_core-tianjin_core1],[tianjin_core1-tianjin_man1],[tianjin_man1-tianjin_edge3]",qhd_man1~tianjin_edge3
qhd_man1,9,tianjin_edge4,20,71,qhd_man1-tangshan_core-tianjin_core1-tianjin_man1-tianjin_edge4,"[qhd_man1-tangshan_core],[tangshan_core-tianjin_core1],[tianjin_core1-tianjin_man1],[tianjin_man1-tianjin_edge4]",qhd_man1~tianjin_edge4
qhd_man1,9,shijiangzhuang_cloud,24,129.9,qhd_man1-tangshan_core-tianjin_core1-shijiangzhuang_core-shijiangzhuang_cloud,"[qhd_man1-tangshan_core],[tangshan_core-tianjin_core1],[tianjin_core1-shijiangzhuang_core],[shijiangzhuang_core-shijiangzhuang_cloud]",qhd_man1~shijiangzhuang_cloud
qhd_man1,9,baoding_cloud,36,105.9,qhd_man1-tangshan_core-baoding_man2-baoding_cloud,"[qhd_man1-tangshan_core],[tangshan_core-baoding_man2],[baoding_man2-baoding_cloud]",qhd_man1~baoding_cloud
qhd_man1,9,zhangjiako_cloud,39,125.9,qhd_man1-tangshan_core-beijing_core1-zhangjiako_man2-zhangjiako_cloud,"[qhd_man1-tangshan_core],[tangshan_core-beijing_core1],[beijing_core1-zhangjiako_man2],[zhangjiako_man2-zhangjiako_cloud]",qhd_man1~zhangjiako_cloud
qhd_man1,9,shijiangzhuang_edge1,48,135.3,qhd_man1-tangshan_core-shijiangzhuang_man1-shijiangzhuang_edge1,"[qhd_man1-tangshan_core],[tangshan_core-shijiangzhuang_man1],[shijiangzhuang_man1-shijiangzhuang_edge1]",qhd_man1~shijiangzhuang_edge1
qhd_man1,9,shijiangzhuang_edge2,49,130.8,qhd_man1-tangshan_core-shijiangzhuang_man2-shijiangzhuang_edge2,"[qhd_man1-tangshan_core],[tangshan_core-shijiangzhuang_man2],[shijiangzhuang_man2-shijiangzhuang_edge2]",qhd_man1~shijiangzhuang_edge2
qhd_man1,9,tangshan_edge1,50,46,qhd_man1-tangshan_core-tangshan_man1-tangshan_edge1,"[qhd_man1-tangshan_core],[tangshan_core-tangshan_man1],[tangshan_man1-tangshan_edge1]",qhd_man1~tangshan_edge1
qhd_man1,9,tangshan_edge2,51,46,qhd_man1-tangshan_core-tangshan_man2-tangshan_edge2,"[qhd_man1-tangshan_core],[tangshan_core-tangshan_man2],[tangshan_man2-tangshan_edge2]",qhd_man1~tangshan_edge2
qhd_man1,9,qhd_edge1,52,1,qhd_man1-qhd_edge1,[qhd_man1-qhd_edge1],qhd_man1~qhd_edge1
qhd_man1,9,qhd_edge2,53,11,qhd_man1-qhd_edge2,[qhd_man1-qhd_edge2],qhd_man1~qhd_edge2
qhd_man1,9,handan_edge1,54,171,qhd_man1-tangshan_core-tianjin_core1-shijiangzhuang_core-handan_man1-handan_edge1,"[qhd_man1-tangshan_core],[tangshan_core-tianjin_core1],[tianjin_core1-shijiangzhuang_core],[shijiangzhuang_core-handan_man1],[handan_man1-handan_edge1]",qhd_man1~handan_edge1
qhd_man1,9,handan_edge2,55,171,qhd_man1-tangshan_core-tianjin_core1-shijiangzhuang_core-handan_man2-handan_edge2,"[qhd_man1-tangshan_core],[tangshan_core-tianjin_core1],[tianjin_core1-shijiangzhuang_core],[shijiangzhuang_core-handan_man2],[handan_man2-handan_edge2]",qhd_man1~handan_edge2
qhd_man1,9,xingtai_edge1,56,154.3,qhd_man1-tangshan_core-xingtai_man2-xingtai_edge1,"[qhd_man1-tangshan_core],[tangshan_core-xingtai_man2],[xingtai_man2-xingtai_edge1]",qhd_man1~xingtai_edge1
qhd_man1,9,xingtai_edge2,57,144.3,qhd_man1-tangshan_core-xingtai_man2-xingtai_edge2,"[qhd_man1-tangshan_core],[tangshan_core-xingtai_man2],[xingtai_man2-xingtai_edge2]",qhd_man1~xingtai_edge2
qhd_man1,9,baoding_edge1,58,105.9,qhd_man1-tangshan_core-baoding_man2-baoding_edge1,"[qhd_man1-tangshan_core],[tangshan_core-baoding_man2],[baoding_man2-baoding_edge1]",qhd_man1~baoding_edge1
qhd_man1,9,baoding_edge2,59,95.9,qhd_man1-tangshan_core-baoding_man2-baoding_edge2,"[qhd_man1-tangshan_core],[tangshan_core-baoding_man2],[baoding_man2-baoding_edge2]",qhd_man1~baoding_edge2
qhd_man1,9,zhangjiako_edge1,60,115.9,qhd_man1-tangshan_core-beijing_core1-zhangjiako_man1-zhangjiako_edge1,"[qhd_man1-tangshan_core],[tangshan_core-beijing_core1],[beijing_core1-zhangjiako_man1],[zhangjiako_man1-zhangjiako_edge1]",qhd_man1~zhangjiako_edge1
qhd_man1,9,zhangjiako_edge2,61,115.9,qhd_man1-tangshan_core-beijing_core1-zhangjiako_man2-zhangjiako_edge2,"[qhd_man1-tangshan_core],[tangshan_core-beijing_core1],[beijing_core1-zhangjiako_man2],[zhangjiako_man2-zhangjiako_edge2]",qhd_man1~zhangjiako_edge2
qhd_man1,9,chengde_edge1,62,83.2,qhd_man1-tangshan_core-chengde_man1-chengde_edge1,"[qhd_man1-tangshan_core],[tangshan_core-chengde_man1],[chengde_man1-chengde_edge1]",qhd_man1~chengde_edge1
qhd_man1,9,chengde_edge2,63,87.1,qhd_man1-tangshan_core-chengde_man2-chengde_edge2,"[qhd_man1-tangshan_core],[tangshan_core-chengde_man2],[chengde_man2-chengde_edge2]",qhd_man1~chengde_edge2
qhd_man1,9,cangzhou_edge1,64,83.8,qhd_man1-tangshan_core-tianjin_core1-cangzhou_man1-cangzhou_edge1,"[qhd_man1-tangshan_core],[tangshan_core-tianjin_core1],[tianjin_core1-cangzhou_man1],[cangzhou_man1-cangzhou_edge1]",qhd_man1~cangzhou_edge1
qhd_man1,9,cangzhou_edge2,65,83.8,qhd_man1-tangshan_core-tianjin_core1-cangzhou_man2-cangzhou_edge2,"[qhd_man1-tangshan_core],[tangshan_core-tianjin_core1],[tianjin_core1-cangzhou_man2],[cangzhou_man2-cangzhou_edge2]",qhd_man1~cangzhou_edge2
qhd_man1,9,langfang_edge1,66,76.5,qhd_man1-tangshan_core-langfang_man1-langfang_edge1,"[qhd_man1-tangshan_core],[tangshan_core-langfang_man1],[langfang_man1-langfang_edge1]",qhd_man1~langfang_edge1
qhd_man1,9,langfang_edge2,67,68.1,qhd_man1-tangshan_core-langfang_man2-langfang_edge2,"[qhd_man1-tangshan_core],[tangshan_core-langfang_man2],[langfang_man2-langfang_edge2]",qhd_man1~langfang_edge2
qhd_man1,9,hengshui_edge1,68,131.2,qhd_man1-tangshan_core-hengshui_man2-hengshui_edge1,"[qhd_man1-tangshan_core],[tangshan_core-hengshui_man2],[hengshui_man2-hengshui_edge1]",qhd_man1~hengshui_edge1
qhd_man1,9,hengshui_edge2,69,121.2,qhd_man1-tangshan_core-hengshui_man2-hengshui_edge2,"[qhd_man1-tangshan_core],[tangshan_core-hengshui_man2],[hengshui_man2-hengshui_edge2]",qhd_man1~hengshui_edge2
qhd_man2,10,beijing_cloud1,5,74.2,qhd_man2-tangshan_core-beijing_core1-beijing_cloud1,"[qhd_man2-tangshan_core],[tangshan_core-beijing_core1],[beijing_core1-beijing_cloud1]",qhd_man2~beijing_cloud1
qhd_man2,10,beijing_cloud2,6,84.2,qhd_man2-tangshan_core-beijing_core1-beijing_cloud2,"[qhd_man2-tangshan_core],[tangshan_core-beijing_core1],[beijing_core1-beijing_cloud2]",qhd_man2~beijing_cloud2
qhd_man2,10,beijing_edge1,7,84.2,qhd_man2-tangshan_core-beijing_core1-beijing_man1-beijing_edge1,"[qhd_man2-tangshan_core],[tangshan_core-beijing_core1],[beijing_core1-beijing_man1],[beijing_man1-beijing_edge1]",qhd_man2~beijing_edge1
qhd_man2,10,beijing_edge2,8,84.2,qhd_man2-tangshan_core-beijing_core1-beijing_man2-beijing_edge2,"[qhd_man2-tangshan_core],[tangshan_core-beijing_core1],[beijing_core1-beijing_man2],[beijing_man2-beijing_edge2]",qhd_man2~beijing_edge2
qhd_man2,10,beijing_edge3,9,89.2,qhd_man2-tangshan_core-beijing_core1-beijing_man2-beijing_edge3,"[qhd_man2-tangshan_core],[tangshan_core-beijing_core1],[beijing_core1-beijing_man2],[beijing_man2-beijing_edge3]",qhd_man2~beijing_edge3
qhd_man2,10,beijing_edge4,10,89.2,qhd_man2-tangshan_core-beijing_core1-beijing_man2-beijing_edge4,"[qhd_man2-tangshan_core],[tangshan_core-beijing_core1],[beijing_core1-beijing_man2],[beijing_man2-beijing_edge4]",qhd_man2~beijing_edge4
qhd_man2,10,tianjin_cloud1,15,61.7,qhd_man2-tangshan_core-tianjin_core1-tianjin_cloud1,"[qhd_man2-tangshan_core],[tangshan_core-tianjin_core1],[tianjin_core1-tianjin_cloud1]",qhd_man2~tianjin_cloud1
qhd_man2,10,tianjin_cloud2,16,65.7,qhd_man2-tianjin_core2-tianjin_cloud2,"[qhd_man2-tianjin_core2],[tianjin_core2-tianjin_cloud2]",qhd_man2~tianjin_cloud2
qhd_man2,10,tianjin_edge1,17,71.7,qhd_man2-tangshan_core-tianjin_core1-tianjin_man1-tianjin_edge1,"[qhd_man2-tangshan_core],[tangshan_core-tianjin_core1],[tianjin_core1-tianjin_man1],[tianjin_man1-tianjin_edge1]",qhd_man2~tianjin_edge1
qhd_man2,10,tianjin_edge2,18,71.7,qhd_man2-tangshan_core-tianjin_core1-tianjin_man2-tianjin_edge2,"[qhd_man2-tangshan_core],[tangshan_core-tianjin_core1],[tianjin_core1-tianjin_man2],[tianjin_man2-tianjin_edge2]",qhd_man2~tianjin_edge2
qhd_man2,10,tianjin_edge3,19,76.7,qhd_man2-tangshan_core-tianjin_core1-tianjin_man2-tianjin_edge3,"[qhd_man2-tangshan_core],[tangshan_core-tianjin_core1],[tianjin_core1-tianjin_man2],[tianjin_man2-tianjin_edge3]",qhd_man2~tianjin_edge3
qhd_man2,10,tianjin_edge4,20,76.7,qhd_man2-tangshan_core-tianjin_core1-tianjin_man2-tianjin_edge4,"[qhd_man2-tangshan_core],[tangshan_core-tianjin_core1],[tianjin_core1-tianjin_man2],[tianjin_man2-tianjin_edge4]",qhd_man2~tianjin_edge4
qhd_man2,10,shijiangzhuang_cloud,24,135.6,qhd_man2-tangshan_core-tianjin_core1-shijiangzhuang_core-shijiangzhuang_cloud,"[qhd_man2-tangshan_core],[tangshan_core-tianjin_core1],[tianjin_core1-shijiangzhuang_core],[shijiangzhuang_core-shijiangzhuang_cloud]",qhd_man2~shijiangzhuang_cloud
qhd_man2,10,baoding_cloud,36,111.5,qhd_man2-tangshan_core-baoding_man2-baoding_cloud,"[qhd_man2-tangshan_core],[tangshan_core-baoding_man2],[baoding_man2-baoding_cloud]",qhd_man2~baoding_cloud
qhd_man2,10,zhangjiako_cloud,39,131.5,qhd_man2-tangshan_core-beijing_core1-zhangjiako_man2-zhangjiako_cloud,"[qhd_man2-tangshan_core],[tangshan_core-beijing_core1],[beijing_core1-zhangjiako_man2],[zhangjiako_man2-zhangjiako_cloud]",qhd_man2~zhangjiako_cloud
qhd_man2,10,shijiangzhuang_edge1,48,140.9,qhd_man2-tangshan_core-shijiangzhuang_man1-shijiangzhuang_edge1,"[qhd_man2-tangshan_core],[tangshan_core-shijiangzhuang_man1],[shijiangzhuang_man1-shijiangzhuang_edge1]",qhd_man2~shijiangzhuang_edge1
qhd_man2,10,shijiangzhuang_edge2,49,136.5,qhd_man2-tangshan_core-shijiangzhuang_man2-shijiangzhuang_edge2,"[qhd_man2-tangshan_core],[tangshan_core-shijiangzhuang_man2],[shijiangzhuang_man2-shijiangzhuang_edge2]",qhd_man2~shijiangzhuang_edge2
qhd_man2,10,tangshan_edge1,50,51.7,qhd_man2-tangshan_core-tangshan_man1-tangshan_edge1,"[qhd_man2-tangshan_core],[tangshan_core-tangshan_man1],[tangshan_man1-tangshan_edge1]",qhd_man2~tangshan_edge1
qhd_man2,10,tangshan_edge2,51,51.7,qhd_man2-tangshan_core-tangshan_man2-tangshan_edge2,"[qhd_man2-tangshan_core],[tangshan_core-tangshan_man2],[tangshan_man2-tangshan_edge2]",qhd_man2~tangshan_edge2
qhd_man2,10,qhd_edge1,52,11,qhd_man2-qhd_edge1,[qhd_man2-qhd_edge1],qhd_man2~qhd_edge1
qhd_man2,10,qhd_edge2,53,1,qhd_man2-qhd_edge2,[qhd_man2-qhd_edge2],qhd_man2~qhd_edge2
qhd_man2,10,handan_edge1,54,176.6,qhd_man2-tangshan_core-tianjin_core1-shijiangzhuang_core-handan_man1-handan_edge1,"[qhd_man2-tangshan_core],[tangshan_core-tianjin_core1],[tianjin_core1-shijiangzhuang_core],[shijiangzhuang_core-handan_man1],[handan_man1-handan_edge1]",qhd_man2~handan_edge1
qhd_man2,10,handan_edge2,55,176.6,qhd_man2-tangshan_core-tianjin_core1-shijiangzhuang_core-handan_man2-handan_edge2,"[qhd_man2-tangshan_core],[tangshan_core-tianjin_core1],[tianjin_core1-shijiangzhuang_core],[shijiangzhuang_core-handan_man2],[handan_man2-handan_edge2]",qhd_man2~handan_edge2
qhd_man2,10,xingtai_edge1,56,159.9,qhd_man2-tangshan_core-xingtai_man2-xingtai_edge1,"[qhd_man2-tangshan_core],[tangshan_core-xingtai_man2],[xingtai_man2-xingtai_edge1]",qhd_man2~xingtai_edge1
qhd_man2,10,xingtai_edge2,57,149.9,qhd_man2-tangshan_core-xingtai_man2-xingtai_edge2,"[qhd_man2-tangshan_core],[tangshan_core-xingtai_man2],[xingtai_man2-xingtai_edge2]",qhd_man2~xingtai_edge2
qhd_man2,10,baoding_edge1,58,111.5,qhd_man2-tangshan_core-baoding_man2-baoding_edge1,"[qhd_man2-tangshan_core],[tangshan_core-baoding_man2],[baoding_man2-baoding_edge1]",qhd_man2~baoding_edge1
qhd_man2,10,baoding_edge2,59,101.5,qhd_man2-tangshan_core-baoding_man2-baoding_edge2,"[qhd_man2-tangshan_core],[tangshan_core-baoding_man2],[baoding_man2-baoding_edge2]",qhd_man2~baoding_edge2
qhd_man2,10,zhangjiako_edge1,60,121.5,qhd_man2-tangshan_core-beijing_core1-zhangjiako_man1-zhangjiako_edge1,"[qhd_man2-tangshan_core],[tangshan_core-beijing_core1],[beijing_core1-zhangjiako_man1],[zhangjiako_man1-zhangjiako_edge1]",qhd_man2~zhangjiako_edge1
qhd_man2,10,zhangjiako_edge2,61,121.5,qhd_man2-tangshan_core-beijing_core1-zhangjiako_man2-zhangjiako_edge2,"[qhd_man2-tangshan_core],[tangshan_core-beijing_core1],[beijing_core1-zhangjiako_man2],[zhangjiako_man2-zhangjiako_edge2]",qhd_man2~zhangjiako_edge2
qhd_man2,10,chengde_edge1,62,88.9,qhd_man2-tangshan_core-chengde_man1-chengde_edge1,"[qhd_man2-tangshan_core],[tangshan_core-chengde_man1],[chengde_man1-chengde_edge1]",qhd_man2~chengde_edge1
qhd_man2,10,chengde_edge2,63,92.8,qhd_man2-tangshan_core-chengde_man2-chengde_edge2,"[qhd_man2-tangshan_core],[tangshan_core-chengde_man2],[chengde_man2-chengde_edge2]",qhd_man2~chengde_edge2
qhd_man2,10,cangzhou_edge1,64,89.5,qhd_man2-tangshan_core-tianjin_core1-cangzhou_man1-cangzhou_edge1,"[qhd_man2-tangshan_core],[tangshan_core-tianjin_core1],[tianjin_core1-cangzhou_man1],[cangzhou_man1-cangzhou_edge1]",qhd_man2~cangzhou_edge1
qhd_man2,10,cangzhou_edge2,65,89.5,qhd_man2-tangshan_core-tianjin_core1-cangzhou_man2-cangzhou_edge2,"[qhd_man2-tangshan_core],[tangshan_core-tianjin_core1],[tianjin_core1-cangzhou_man2],[cangzhou_man2-cangzhou_edge2]",qhd_man2~cangzhou_edge2
qhd_man2,10,langfang_edge1,66,82.1,qhd_man2-tangshan_core-langfang_man1-langfang_edge1,"[qhd_man2-tangshan_core],[tangshan_core-langfang_man1],[langfang_man1-langfang_edge1]",qhd_man2~langfang_edge1
qhd_man2,10,langfang_edge2,67,73.7,qhd_man2-tangshan_core-langfang_man2-langfang_edge2,"[qhd_man2-tangshan_core],[tangshan_core-langfang_man2],[langfang_man2-langfang_edge2]",qhd_man2~langfang_edge2
qhd_man2,10,hengshui_edge1,68,136.8,qhd_man2-tangshan_core-hengshui_man2-hengshui_edge1,"[qhd_man2-tangshan_core],[tangshan_core-hengshui_man2],[hengshui_man2-hengshui_edge1]",qhd_man2~hengshui_edge1
qhd_man2,10,hengshui_edge2,69,126.8,qhd_man2-tangshan_core-hengshui_man2-hengshui_edge2,"[qhd_man2-tangshan_core],[tangshan_core-hengshui_man2],[hengshui_man2-hengshui_edge2]",qhd_man2~hengshui_edge2
handan_man1,11,beijing_cloud1,5,111.9,handan_man1-shijiangzhuang_core-beijing_core2-beijing_cloud1,"[handan_man1-shijiangzhuang_core],[shijiangzhuang_core-beijing_core2],[beijing_core2-beijing_cloud1]",handan_man1~beijing_cloud1
handan_man1,11,beijing_cloud2,6,101.9,handan_man1-shijiangzhuang_core-beijing_core2-beijing_cloud2,"[handan_man1-shijiangzhuang_core],[shijiangzhuang_core-beijing_core2],[beijing_core2-beijing_cloud2]",handan_man1~beijing_cloud2
handan_man1,11,beijing_edge1,7,111.9,handan_man1-shijiangzhuang_core-beijing_core2-beijing_man1-beijing_edge1,"[handan_man1-shijiangzhuang_core],[shijiangzhuang_core-beijing_core2],[beijing_core2-beijing_man1],[beijing_man1-beijing_edge1]",handan_man1~beijing_edge1
handan_man1,11,beijing_edge2,8,111.9,handan_man1-shijiangzhuang_core-beijing_core2-beijing_man2-beijing_edge2,"[handan_man1-shijiangzhuang_core],[shijiangzhuang_core-beijing_core2],[beijing_core2-beijing_man2],[beijing_man2-beijing_edge2]",handan_man1~beijing_edge2
handan_man1,11,beijing_edge3,9,116.9,handan_man1-shijiangzhuang_core-beijing_core2-beijing_man2-beijing_edge3,"[handan_man1-shijiangzhuang_core],[shijiangzhuang_core-beijing_core2],[beijing_core2-beijing_man2],[beijing_man2-beijing_edge3]",handan_man1~beijing_edge3
handan_man1,11,beijing_edge4,10,116.9,handan_man1-shijiangzhuang_core-beijing_core2-beijing_man2-beijing_edge4,"[handan_man1-shijiangzhuang_core],[shijiangzhuang_core-beijing_core2],[beijing_core2-beijing_man2],[beijing_man2-beijing_edge4]",handan_man1~beijing_edge4
handan_man1,11,tianjin_cloud1,15,115.9,handan_man1-shijiangzhuang_core-tianjin_core1-tianjin_cloud1,"[handan_man1-shijiangzhuang_core],[shijiangzhuang_core-tianjin_core1],[tianjin_core1-tianjin_cloud1]",handan_man1~tianjin_cloud1
handan_man1,11,tianjin_cloud2,16,125.5,handan_man1-shijiangzhuang_core-cangzhou_man1-tianjin_core2-tianjin_cloud2,"[handan_man1-shijiangzhuang_core],[shijiangzhuang_core-cangzhou_man1],[cangzhou_man1-tianjin_core2],[tianjin_core2-tianjin_cloud2]",handan_man1~tianjin_cloud2
handan_man1,11,tianjin_edge1,17,125.9,handan_man1-shijiangzhuang_core-tianjin_core1-tianjin_man1-tianjin_edge1,"[handan_man1-shijiangzhuang_core],[shijiangzhuang_core-tianjin_core1],[tianjin_core1-tianjin_man1],[tianjin_man1-tianjin_edge1]",handan_man1~tianjin_edge1
handan_man1,11,tianjin_edge2,18,125.9,handan_man1-shijiangzhuang_core-tianjin_core1-tianjin_man2-tianjin_edge2,"[handan_man1-shijiangzhuang_core],[shijiangzhuang_core-tianjin_core1],[tianjin_core1-tianjin_man2],[tianjin_man2-tianjin_edge2]",handan_man1~tianjin_edge2
handan_man1,11,tianjin_edge3,19,130.9,handan_man1-shijiangzhuang_core-tianjin_core1-tianjin_man1-tianjin_edge3,"[handan_man1-shijiangzhuang_core],[shijiangzhuang_core-tianjin_core1],[tianjin_core1-tianjin_man1],[tianjin_man1-tianjin_edge3]",handan_man1~tianjin_edge3
handan_man1,11,tianjin_edge4,20,130.9,handan_man1-shijiangzhuang_core-tianjin_core1-tianjin_man1-tianjin_edge4,"[handan_man1-shijiangzhuang_core],[shijiangzhuang_core-tianjin_core1],[tianjin_core1-tianjin_man1],[tianjin_man1-tianjin_edge4]",handan_man1~tianjin_edge4
handan_man1,11,shijiangzhuang_cloud,24,42,handan_man1-shijiangzhuang_core-shijiangzhuang_cloud,"[handan_man1-shijiangzhuang_core],[shijiangzhuang_core-shijiangzhuang_cloud]",handan_man1~shijiangzhuang_cloud
handan_man1,11,baoding_cloud,36,87.2,handan_man1-shijiangzhuang_core-baoding_man2-baoding_cloud,"[handan_man1-shijiangzhuang_core],[shijiangzhuang_core-baoding_man2],[baoding_man2-baoding_cloud]",handan_man1~baoding_cloud
handan_man1,11,zhangjiako_cloud,39,144,handan_man1-shijiangzhuang_core-zhangjiako_man2-zhangjiako_cloud,"[handan_man1-shijiangzhuang_core],[shijiangzhuang_core-zhangjiako_man2],[zhangjiako_man2-zhangjiako_cloud]",handan_man1~zhangjiako_cloud
handan_man1,11,shijiangzhuang_edge1,48,52,handan_man1-shijiangzhuang_core-shijiangzhuang_man1-shijiangzhuang_edge1,"[handan_man1-shijiangzhuang_core],[shijiangzhuang_core-shijiangzhuang_man1],[shijiangzhuang_man1-shijiangzhuang_edge1]",handan_man1~shijiangzhuang_edge1
handan_man1,11,shijiangzhuang_edge2,49,52,handan_man1-shijiangzhuang_core-shijiangzhuang_man2-shijiangzhuang_edge2,"[handan_man1-shijiangzhuang_core],[shijiangzhuang_core-shijiangzhuang_man2],[shijiangzhuang_man2-shijiangzhuang_edge2]",handan_man1~shijiangzhuang_edge2
handan_man1,11,tangshan_edge1,50,145.3,handan_man1-shijiangzhuang_core-tangshan_man1-tangshan_edge1,"[handan_man1-shijiangzhuang_core],[shijiangzhuang_core-tangshan_man1],[tangshan_man1-tangshan_edge1]",handan_man1~tangshan_edge1
handan_man1,11,tangshan_edge2,51,145.3,handan_man1-shijiangzhuang_core-tangshan_man2-tangshan_edge2,"[handan_man1-shijiangzhuang_core],[shijiangzhuang_core-tangshan_man2],[tangshan_man2-tangshan_edge2]",handan_man1~tangshan_edge2
handan_man1,11,qhd_edge1,52,171,handan_man1-shijiangzhuang_core-tianjin_core1-tangshan_core-qhd_man1-qhd_edge1,"[handan_man1-shijiangzhuang_core],[shijiangzhuang_core-tianjin_core1],[tianjin_core1-tangshan_core],[tangshan_core-qhd_man1],[qhd_man1-qhd_edge1]",handan_man1~qhd_edge1
handan_man1,11,qhd_edge2,53,176.6,handan_man1-shijiangzhuang_core-tianjin_core1-tangshan_core-qhd_man2-qhd_edge2,"[handan_man1-shijiangzhuang_core],[shijiangzhuang_core-tianjin_core1],[tianjin_core1-tangshan_core],[tangshan_core-qhd_man2],[qhd_man2-qhd_edge2]",handan_man1~qhd_edge2
handan_man1,11,handan_edge1,54,1,handan_man1-handan_edge1,[handan_man1-handan_edge1],handan_man1~handan_edge1
handan_man1,11,handan_edge2,55,11,handan_man1-handan_edge2,[handan_man1-handan_edge2],handan_man1~handan_edge2
handan_man1,11,xingtai_edge1,56,72,handan_man1-shijiangzhuang_core-xingtai_man1-xingtai_edge1,"[handan_man1-shijiangzhuang_core],[shijiangzhuang_core-xingtai_man1],[xingtai_man1-xingtai_edge1]",handan_man1~xingtai_edge1
handan_man1,11,xingtai_edge2,57,72,handan_man1-shijiangzhuang_core-xingtai_man2-xingtai_edge2,"[handan_man1-shijiangzhuang_core],[shijiangzhuang_core-xingtai_man2],[xingtai_man2-xingtai_edge2]",handan_man1~xingtai_edge2
handan_man1,11,baoding_edge1,58,77.2,handan_man1-shijiangzhuang_core-baoding_man1-baoding_edge1,"[handan_man1-shijiangzhuang_core],[shijiangzhuang_core-baoding_man1],[baoding_man1-baoding_edge1]",handan_man1~baoding_edge1
handan_man1,11,baoding_edge2,59,77.2,handan_man1-shijiangzhuang_core-baoding_man2-baoding_edge2,"[handan_man1-shijiangzhuang_core],[shijiangzhuang_core-baoding_man2],[baoding_man2-baoding_edge2]",handan_man1~baoding_edge2
handan_man1,11,zhangjiako_edge1,60,134,handan_man1-shijiangzhuang_core-zhangjiako_man1-zhangjiako_edge1,"[handan_man1-shijiangzhuang_core],[shijiangzhuang_core-zhangjiako_man1],[zhangjiako_man1-zhangjiako_edge1]",handan_man1~zhangjiako_edge1
handan_man1,11,zhangjiako_edge2,61,134,handan_man1-shijiangzhuang_core-zhangjiako_man2-zhangjiako_edge2,"[handan_man1-shijiangzhuang_core],[shijiangzhuang_core-zhangjiako_man2],[zhangjiako_man2-zhangjiako_edge2]",handan_man1~zhangjiako_edge2
handan_man1,11,chengde_edge1,62,156.8,handan_man1-shijiangzhuang_core-beijing_core2-chengde_man1-chengde_edge1,"[handan_man1-shijiangzhuang_core],[shijiangzhuang_core-beijing_core2],[beijing_core2-chengde_man1],[chengde_man1-chengde_edge1]",handan_man1~chengde_edge1
handan_man1,11,chengde_edge2,63,156.8,handan_man1-shijiangzhuang_core-beijing_core2-chengde_man2-chengde_edge2,"[handan_man1-shijiangzhuang_core],[shijiangzhuang_core-beijing_core2],[beijing_core2-chengde_man2],[chengde_man2-chengde_edge2]",handan_man1~chengde_edge2
handan_man1,11,cangzhou_edge1,64,97.7,handan_man1-shijiangzhuang_core-cangzhou_man1-cangzhou_edge1,"[handan_man1-shijiangzhuang_core],[shijiangzhuang_core-cangzhou_man1],[cangzhou_man1-cangzhou_edge1]",handan_man1~cangzhou_edge1
handan_man1,11,cangzhou_edge2,65,97.7,handan_man1-shijiangzhuang_core-cangzhou_man2-cangzhou_edge2,"[handan_man1-shijiangzhuang_core],[shijiangzhuang_core-cangzhou_man2],[cangzhou_man2-cangzhou_edge2]",handan_man1~cangzhou_edge2
handan_man1,11,langfang_edge1,66,113.3,handan_man1-shijiangzhuang_core-langfang_man1-langfang_edge1,"[handan_man1-shijiangzhuang_core],[shijiangzhuang_core-langfang_man1],[langfang_man1-langfang_edge1]",handan_man1~langfang_edge1
handan_man1,11,langfang_edge2,67,113.3,handan_man1-shijiangzhuang_core-langfang_man2-langfang_edge2,"[handan_man1-shijiangzhuang_core],[shijiangzhuang_core-langfang_man2],[langfang_man2-langfang_edge2]",handan_man1~langfang_edge2
handan_man1,11,hengshui_edge1,68,71.8,handan_man1-shijiangzhuang_core-hengshui_man1-hengshui_edge1,"[handan_man1-shijiangzhuang_core],[shijiangzhuang_core-hengshui_man1],[hengshui_man1-hengshui_edge1]",handan_man1~hengshui_edge1
handan_man1,11,hengshui_edge2,69,71.8,handan_man1-shijiangzhuang_core-hengshui_man2-hengshui_edge2,"[handan_man1-shijiangzhuang_core],[shijiangzhuang_core-hengshui_man2],[hengshui_man2-hengshui_edge2]",handan_man1~hengshui_edge2
handan_man2,12,beijing_cloud1,5,111.9,handan_man2-shijiangzhuang_core-beijing_core2-beijing_cloud1,"[handan_man2-shijiangzhuang_core],[shijiangzhuang_core-beijing_core2],[beijing_core2-beijing_cloud1]",handan_man2~beijing_cloud1
handan_man2,12,beijing_cloud2,6,101.9,handan_man2-shijiangzhuang_core-beijing_core2-beijing_cloud2,"[handan_man2-shijiangzhuang_core],[shijiangzhuang_core-beijing_core2],[beijing_core2-beijing_cloud2]",handan_man2~beijing_cloud2
handan_man2,12,beijing_edge1,7,111.9,handan_man2-shijiangzhuang_core-beijing_core2-beijing_man1-beijing_edge1,"[handan_man2-shijiangzhuang_core],[shijiangzhuang_core-beijing_core2],[beijing_core2-beijing_man1],[beijing_man1-beijing_edge1]",handan_man2~beijing_edge1
handan_man2,12,beijing_edge2,8,111.9,handan_man2-shijiangzhuang_core-beijing_core2-beijing_man2-beijing_edge2,"[handan_man2-shijiangzhuang_core],[shijiangzhuang_core-beijing_core2],[beijing_core2-beijing_man2],[beijing_man2-beijing_edge2]",handan_man2~beijing_edge2
handan_man2,12,beijing_edge3,9,116.9,handan_man2-shijiangzhuang_core-beijing_core2-beijing_man1-beijing_edge3,"[handan_man2-shijiangzhuang_core],[shijiangzhuang_core-beijing_core2],[beijing_core2-beijing_man1],[beijing_man1-beijing_edge3]",handan_man2~beijing_edge3
handan_man2,12,beijing_edge4,10,116.9,handan_man2-shijiangzhuang_core-beijing_core2-beijing_man1-beijing_edge4,"[handan_man2-shijiangzhuang_core],[shijiangzhuang_core-beijing_core2],[beijing_core2-beijing_man1],[beijing_man1-beijing_edge4]",handan_man2~beijing_edge4
handan_man2,12,tianjin_cloud1,15,115.9,handan_man2-shijiangzhuang_core-tianjin_core1-tianjin_cloud1,"[handan_man2-shijiangzhuang_core],[shijiangzhuang_core-tianjin_core1],[tianjin_core1-tianjin_cloud1]",handan_man2~tianjin_cloud1
handan_man2,12,tianjin_cloud2,16,125.5,handan_man2-shijiangzhuang_core-cangzhou_man2-tianjin_core2-tianjin_cloud2,"[handan_man2-shijiangzhuang_core],[shijiangzhuang_core-cangzhou_man2],[cangzhou_man2-tianjin_core2],[tianjin_core2-tianjin_cloud2]",handan_man2~tianjin_cloud2
handan_man2,12,tianjin_edge1,17,125.9,handan_man2-shijiangzhuang_core-tianjin_core1-tianjin_man1-tianjin_edge1,"[handan_man2-shijiangzhuang_core],[shijiangzhuang_core-tianjin_core1],[tianjin_core1-tianjin_man1],[tianjin_man1-tianjin_edge1]",handan_man2~tianjin_edge1
handan_man2,12,tianjin_edge2,18,125.9,handan_man2-shijiangzhuang_core-tianjin_core1-tianjin_man2-tianjin_edge2,"[handan_man2-shijiangzhuang_core],[shijiangzhuang_core-tianjin_core1],[tianjin_core1-tianjin_man2],[tianjin_man2-tianjin_edge2]",handan_man2~tianjin_edge2
handan_man2,12,tianjin_edge3,19,130.9,handan_man2-shijiangzhuang_core-tianjin_core1-tianjin_man2-tianjin_edge3,"[handan_man2-shijiangzhuang_core],[shijiangzhuang_core-tianjin_core1],[tianjin_core1-tianjin_man2],[tianjin_man2-tianjin_edge3]",handan_man2~tianjin_edge3
handan_man2,12,tianjin_edge4,20,130.9,handan_man2-shijiangzhuang_core-tianjin_core1-tianjin_man2-tianjin_edge4,"[handan_man2-shijiangzhuang_core],[shijiangzhuang_core-tianjin_core1],[tianjin_core1-tianjin_man2],[tianjin_man2-tianjin_edge4]",handan_man2~tianjin_edge4
handan_man2,12,shijiangzhuang_cloud,24,42,handan_man2-shijiangzhuang_core-shijiangzhuang_cloud,"[handan_man2-shijiangzhuang_core],[shijiangzhuang_core-shijiangzhuang_cloud]",handan_man2~shijiangzhuang_cloud
handan_man2,12,baoding_cloud,36,87.2,handan_man2-shijiangzhuang_core-baoding_man2-baoding_cloud,"[handan_man2-shijiangzhuang_core],[shijiangzhuang_core-baoding_man2],[baoding_man2-baoding_cloud]",handan_man2~baoding_cloud
handan_man2,12,zhangjiako_cloud,39,144,handan_man2-shijiangzhuang_core-zhangjiako_man2-zhangjiako_cloud,"[handan_man2-shijiangzhuang_core],[shijiangzhuang_core-zhangjiako_man2],[zhangjiako_man2-zhangjiako_cloud]",handan_man2~zhangjiako_cloud
handan_man2,12,shijiangzhuang_edge1,48,52,handan_man2-shijiangzhuang_core-shijiangzhuang_man1-shijiangzhuang_edge1,"[handan_man2-shijiangzhuang_core],[shijiangzhuang_core-shijiangzhuang_man1],[shijiangzhuang_man1-shijiangzhuang_edge1]",handan_man2~shijiangzhuang_edge1
handan_man2,12,shijiangzhuang_edge2,49,52,handan_man2-shijiangzhuang_core-shijiangzhuang_man2-shijiangzhuang_edge2,"[handan_man2-shijiangzhuang_core],[shijiangzhuang_core-shijiangzhuang_man2],[shijiangzhuang_man2-shijiangzhuang_edge2]",handan_man2~shijiangzhuang_edge2
handan_man2,12,tangshan_edge1,50,145.3,handan_man2-shijiangzhuang_core-tangshan_man1-tangshan_edge1,"[handan_man2-shijiangzhuang_core],[shijiangzhuang_core-tangshan_man1],[tangshan_man1-tangshan_edge1]",handan_man2~tangshan_edge1
handan_man2,12,tangshan_edge2,51,145.3,handan_man2-shijiangzhuang_core-tangshan_man2-tangshan_edge2,"[handan_man2-shijiangzhuang_core],[shijiangzhuang_core-tangshan_man2],[tangshan_man2-tangshan_edge2]",handan_man2~tangshan_edge2
handan_man2,12,qhd_edge1,52,171,handan_man2-shijiangzhuang_core-tianjin_core1-tangshan_core-qhd_man1-qhd_edge1,"[handan_man2-shijiangzhuang_core],[shijiangzhuang_core-tianjin_core1],[tianjin_core1-tangshan_core],[tangshan_core-qhd_man1],[qhd_man1-qhd_edge1]",handan_man2~qhd_edge1
handan_man2,12,qhd_edge2,53,176.6,handan_man2-shijiangzhuang_core-tianjin_core1-tangshan_core-qhd_man2-qhd_edge2,"[handan_man2-shijiangzhuang_core],[shijiangzhuang_core-tianjin_core1],[tianjin_core1-tangshan_core],[tangshan_core-qhd_man2],[qhd_man2-qhd_edge2]",handan_man2~qhd_edge2
handan_man2,12,handan_edge1,54,11,handan_man2-handan_edge1,[handan_man2-handan_edge1],handan_man2~handan_edge1
handan_man2,12,handan_edge2,55,1,handan_man2-handan_edge2,[handan_man2-handan_edge2],handan_man2~handan_edge2
handan_man2,12,xingtai_edge1,56,72,handan_man2-shijiangzhuang_core-xingtai_man1-xingtai_edge1,"[handan_man2-shijiangzhuang_core],[shijiangzhuang_core-xingtai_man1],[xingtai_man1-xingtai_edge1]",handan_man2~xingtai_edge1
handan_man2,12,xingtai_edge2,57,72,handan_man2-shijiangzhuang_core-xingtai_man2-xingtai_edge2,"[handan_man2-shijiangzhuang_core],[shijiangzhuang_core-xingtai_man2],[xingtai_man2-xingtai_edge2]",handan_man2~xingtai_edge2
handan_man2,12,baoding_edge1,58,77.2,handan_man2-shijiangzhuang_core-baoding_man1-baoding_edge1,"[handan_man2-shijiangzhuang_core],[shijiangzhuang_core-baoding_man1],[baoding_man1-baoding_edge1]",handan_man2~baoding_edge1
handan_man2,12,baoding_edge2,59,77.2,handan_man2-shijiangzhuang_core-baoding_man2-baoding_edge2,"[handan_man2-shijiangzhuang_core],[shijiangzhuang_core-baoding_man2],[baoding_man2-baoding_edge2]",handan_man2~baoding_edge2
handan_man2,12,zhangjiako_edge1,60,134,handan_man2-shijiangzhuang_core-zhangjiako_man1-zhangjiako_edge1,"[handan_man2-shijiangzhuang_core],[shijiangzhuang_core-zhangjiako_man1],[zhangjiako_man1-zhangjiako_edge1]",handan_man2~zhangjiako_edge1
handan_man2,12,zhangjiako_edge2,61,134,handan_man2-shijiangzhuang_core-zhangjiako_man2-zhangjiako_edge2,"[handan_man2-shijiangzhuang_core],[shijiangzhuang_core-zhangjiako_man2],[zhangjiako_man2-zhangjiako_edge2]",handan_man2~zhangjiako_edge2
handan_man2,12,chengde_edge1,62,156.8,handan_man2-shijiangzhuang_core-beijing_core2-chengde_man1-chengde_edge1,"[handan_man2-shijiangzhuang_core],[shijiangzhuang_core-beijing_core2],[beijing_core2-chengde_man1],[chengde_man1-chengde_edge1]",handan_man2~chengde_edge1
handan_man2,12,chengde_edge2,63,156.8,handan_man2-shijiangzhuang_core-beijing_core2-chengde_man2-chengde_edge2,"[handan_man2-shijiangzhuang_core],[shijiangzhuang_core-beijing_core2],[beijing_core2-chengde_man2],[chengde_man2-chengde_edge2]",handan_man2~chengde_edge2
handan_man2,12,cangzhou_edge1,64,97.7,handan_man2-shijiangzhuang_core-cangzhou_man1-cangzhou_edge1,"[handan_man2-shijiangzhuang_core],[shijiangzhuang_core-cangzhou_man1],[cangzhou_man1-cangzhou_edge1]",handan_man2~cangzhou_edge1
handan_man2,12,cangzhou_edge2,65,97.7,handan_man2-shijiangzhuang_core-cangzhou_man2-cangzhou_edge2,"[handan_man2-shijiangzhuang_core],[shijiangzhuang_core-cangzhou_man2],[cangzhou_man2-cangzhou_edge2]",handan_man2~cangzhou_edge2
handan_man2,12,langfang_edge1,66,113.3,handan_man2-shijiangzhuang_core-langfang_man1-langfang_edge1,"[handan_man2-shijiangzhuang_core],[shijiangzhuang_core-langfang_man1],[langfang_man1-langfang_edge1]",handan_man2~langfang_edge1
handan_man2,12,langfang_edge2,67,113.3,handan_man2-shijiangzhuang_core-langfang_man2-langfang_edge2,"[handan_man2-shijiangzhuang_core],[shijiangzhuang_core-langfang_man2],[langfang_man2-langfang_edge2]",handan_man2~langfang_edge2
handan_man2,12,hengshui_edge1,68,71.8,handan_man2-shijiangzhuang_core-hengshui_man1-hengshui_edge1,"[handan_man2-shijiangzhuang_core],[shijiangzhuang_core-hengshui_man1],[hengshui_man1-hengshui_edge1]",handan_man2~hengshui_edge1
handan_man2,12,hengshui_edge2,69,71.8,handan_man2-shijiangzhuang_core-hengshui_man2-hengshui_edge2,"[handan_man2-shijiangzhuang_core],[shijiangzhuang_core-hengshui_man2],[hengshui_man2-hengshui_edge2]",handan_man2~hengshui_edge2
xingtai_man1,13,beijing_cloud1,5,100.9,xingtai_man1-shijiangzhuang_core-beijing_core2-beijing_cloud1,"[xingtai_man1-shijiangzhuang_core],[shijiangzhuang_core-beijing_core2],[beijing_core2-beijing_cloud1]",xingtai_man1~beijing_cloud1
xingtai_man1,13,beijing_cloud2,6,90.9,xingtai_man1-shijiangzhuang_core-beijing_core2-beijing_cloud2,"[xingtai_man1-shijiangzhuang_core],[shijiangzhuang_core-beijing_core2],[beijing_core2-beijing_cloud2]",xingtai_man1~beijing_cloud2
xingtai_man1,13,beijing_edge1,7,100.9,xingtai_man1-shijiangzhuang_core-beijing_core2-beijing_man1-beijing_edge1,"[xingtai_man1-shijiangzhuang_core],[shijiangzhuang_core-beijing_core2],[beijing_core2-beijing_man1],[beijing_man1-beijing_edge1]",xingtai_man1~beijing_edge1
xingtai_man1,13,beijing_edge2,8,100.9,xingtai_man1-shijiangzhuang_core-beijing_core2-beijing_man2-beijing_edge2,"[xingtai_man1-shijiangzhuang_core],[shijiangzhuang_core-beijing_core2],[beijing_core2-beijing_man2],[beijing_man2-beijing_edge2]",xingtai_man1~beijing_edge2
xingtai_man1,13,beijing_edge3,9,105.9,xingtai_man1-shijiangzhuang_core-beijing_core2-beijing_man1-beijing_edge3,"[xingtai_man1-shijiangzhuang_core],[shijiangzhuang_core-beijing_core2],[beijing_core2-beijing_man1],[beijing_man1-beijing_edge3]",xingtai_man1~beijing_edge3
xingtai_man1,13,beijing_edge4,10,105.9,xingtai_man1-shijiangzhuang_core-beijing_core2-beijing_man1-beijing_edge4,"[xingtai_man1-shijiangzhuang_core],[shijiangzhuang_core-beijing_core2],[beijing_core2-beijing_man1],[beijing_man1-beijing_edge4]",xingtai_man1~beijing_edge4
xingtai_man1,13,tianjin_cloud1,15,105,xingtai_man1-shijiangzhuang_core-tianjin_core1-tianjin_cloud1,"[xingtai_man1-shijiangzhuang_core],[shijiangzhuang_core-tianjin_core1],[tianjin_core1-tianjin_cloud1]",xingtai_man1~tianjin_cloud1
xingtai_man1,13,tianjin_cloud2,16,114.5,xingtai_man1-shijiangzhuang_core-cangzhou_man1-tianjin_core2-tianjin_cloud2,"[xingtai_man1-shijiangzhuang_core],[shijiangzhuang_core-cangzhou_man1],[cangzhou_man1-tianjin_core2],[tianjin_core2-tianjin_cloud2]",xingtai_man1~tianjin_cloud2
xingtai_man1,13,tianjin_edge1,17,115,xingtai_man1-shijiangzhuang_core-tianjin_core1-tianjin_man1-tianjin_edge1,"[xingtai_man1-shijiangzhuang_core],[shijiangzhuang_core-tianjin_core1],[tianjin_core1-tianjin_man1],[tianjin_man1-tianjin_edge1]",xingtai_man1~tianjin_edge1
xingtai_man1,13,tianjin_edge2,18,115,xingtai_man1-shijiangzhuang_core-tianjin_core1-tianjin_man2-tianjin_edge2,"[xingtai_man1-shijiangzhuang_core],[shijiangzhuang_core-tianjin_core1],[tianjin_core1-tianjin_man2],[tianjin_man2-tianjin_edge2]",xingtai_man1~tianjin_edge2
xingtai_man1,13,tianjin_edge3,19,120,xingtai_man1-shijiangzhuang_core-tianjin_core1-tianjin_man1-tianjin_edge3,"[xingtai_man1-shijiangzhuang_core],[shijiangzhuang_core-tianjin_core1],[tianjin_core1-tianjin_man1],[tianjin_man1-tianjin_edge3]",xingtai_man1~tianjin_edge3
xingtai_man1,13,tianjin_edge4,20,120,xingtai_man1-shijiangzhuang_core-tianjin_core1-tianjin_man2-tianjin_edge4,"[xingtai_man1-shijiangzhuang_core],[shijiangzhuang_core-tianjin_core1],[tianjin_core1-tianjin_man2],[tianjin_man2-tianjin_edge4]",xingtai_man1~tianjin_edge4
xingtai_man1,13,shijiangzhuang_cloud,24,31,xingtai_man1-shijiangzhuang_core-shijiangzhuang_cloud,"[xingtai_man1-shijiangzhuang_core],[shijiangzhuang_core-shijiangzhuang_cloud]",xingtai_man1~shijiangzhuang_cloud
xingtai_man1,13,baoding_cloud,36,76.2,xingtai_man1-shijiangzhuang_core-baoding_man1-baoding_cloud,"[xingtai_man1-shijiangzhuang_core],[shijiangzhuang_core-baoding_man1],[baoding_man1-baoding_cloud]",xingtai_man1~baoding_cloud
xingtai_man1,13,zhangjiako_cloud,39,133,xingtai_man1-shijiangzhuang_core-zhangjiako_man2-zhangjiako_cloud,"[xingtai_man1-shijiangzhuang_core],[shijiangzhuang_core-zhangjiako_man2],[zhangjiako_man2-zhangjiako_cloud]",xingtai_man1~zhangjiako_cloud
xingtai_man1,13,shijiangzhuang_edge1,48,41,xingtai_man1-shijiangzhuang_core-shijiangzhuang_man1-shijiangzhuang_edge1,"[xingtai_man1-shijiangzhuang_core],[shijiangzhuang_core-shijiangzhuang_man1],[shijiangzhuang_man1-shijiangzhuang_edge1]",xingtai_man1~shijiangzhuang_edge1
xingtai_man1,13,shijiangzhuang_edge2,49,41,xingtai_man1-shijiangzhuang_core-shijiangzhuang_man2-shijiangzhuang_edge2,"[xingtai_man1-shijiangzhuang_core],[shijiangzhuang_core-shijiangzhuang_man2],[shijiangzhuang_man2-shijiangzhuang_edge2]",xingtai_man1~shijiangzhuang_edge2
xingtai_man1,13,tangshan_edge1,50,129.3,xingtai_man1-xingtai_man2-tangshan_core-tangshan_man1-tangshan_edge1,"[xingtai_man1-xingtai_man2],[xingtai_man2-tangshan_core],[tangshan_core-tangshan_man1],[tangshan_man1-tangshan_edge1]",xingtai_man1~tangshan_edge1
xingtai_man1,13,tangshan_edge2,51,129.3,xingtai_man1-xingtai_man2-tangshan_core-tangshan_man2-tangshan_edge2,"[xingtai_man1-xingtai_man2],[xingtai_man2-tangshan_core],[tangshan_core-tangshan_man2],[tangshan_man2-tangshan_edge2]",xingtai_man1~tangshan_edge2
xingtai_man1,13,qhd_edge1,52,154.3,xingtai_man1-xingtai_man2-tangshan_core-qhd_man1-qhd_edge1,"[xingtai_man1-xingtai_man2],[xingtai_man2-tangshan_core],[tangshan_core-qhd_man1],[qhd_man1-qhd_edge1]",xingtai_man1~qhd_edge1
xingtai_man1,13,qhd_edge2,53,159.9,xingtai_man1-xingtai_man2-tangshan_core-qhd_man2-qhd_edge2,"[xingtai_man1-xingtai_man2],[xingtai_man2-tangshan_core],[tangshan_core-qhd_man2],[qhd_man2-qhd_edge2]",xingtai_man1~qhd_edge2
xingtai_man1,13,handan_edge1,54,72,xingtai_man1-shijiangzhuang_core-handan_man1-handan_edge1,"[xingtai_man1-shijiangzhuang_core],[shijiangzhuang_core-handan_man1],[handan_man1-handan_edge1]",xingtai_man1~handan_edge1
xingtai_man1,13,handan_edge2,55,72,xingtai_man1-shijiangzhuang_core-handan_man2-handan_edge2,"[xingtai_man1-shijiangzhuang_core],[shijiangzhuang_core-handan_man2],[handan_man2-handan_edge2]",xingtai_man1~handan_edge2
xingtai_man1,13,xingtai_edge1,56,1,xingtai_man1-xingtai_edge1,[xingtai_man1-xingtai_edge1],xingtai_man1~xingtai_edge1
xingtai_man1,13,xingtai_edge2,57,11,xingtai_man1-xingtai_edge2,[xingtai_man1-xingtai_edge2],xingtai_man1~xingtai_edge2
xingtai_man1,13,baoding_edge1,58,66.2,xingtai_man1-shijiangzhuang_core-baoding_man1-baoding_edge1,"[xingtai_man1-shijiangzhuang_core],[shijiangzhuang_core-baoding_man1],[baoding_man1-baoding_edge1]",xingtai_man1~baoding_edge1
xingtai_man1,13,baoding_edge2,59,66.2,xingtai_man1-shijiangzhuang_core-baoding_man2-baoding_edge2,"[xingtai_man1-shijiangzhuang_core],[shijiangzhuang_core-baoding_man2],[baoding_man2-baoding_edge2]",xingtai_man1~baoding_edge2
xingtai_man1,13,zhangjiako_edge1,60,123,xingtai_man1-shijiangzhuang_core-zhangjiako_man1-zhangjiako_edge1,"[xingtai_man1-shijiangzhuang_core],[shijiangzhuang_core-zhangjiako_man1],[zhangjiako_man1-zhangjiako_edge1]",xingtai_man1~zhangjiako_edge1
xingtai_man1,13,zhangjiako_edge2,61,123,xingtai_man1-shijiangzhuang_core-zhangjiako_man2-zhangjiako_edge2,"[xingtai_man1-shijiangzhuang_core],[shijiangzhuang_core-zhangjiako_man2],[zhangjiako_man2-zhangjiako_edge2]",xingtai_man1~zhangjiako_edge2
xingtai_man1,13,chengde_edge1,62,145.8,xingtai_man1-shijiangzhuang_core-beijing_core2-chengde_man1-chengde_edge1,"[xingtai_man1-shijiangzhuang_core],[shijiangzhuang_core-beijing_core2],[beijing_core2-chengde_man1],[chengde_man1-chengde_edge1]",xingtai_man1~chengde_edge1
xingtai_man1,13,chengde_edge2,63,145.8,xingtai_man1-shijiangzhuang_core-beijing_core2-chengde_man2-chengde_edge2,"[xingtai_man1-shijiangzhuang_core],[shijiangzhuang_core-beijing_core2],[beijing_core2-chengde_man2],[chengde_man2-chengde_edge2]",xingtai_man1~chengde_edge2
xingtai_man1,13,cangzhou_edge1,64,86.7,xingtai_man1-shijiangzhuang_core-cangzhou_man1-cangzhou_edge1,"[xingtai_man1-shijiangzhuang_core],[shijiangzhuang_core-cangzhou_man1],[cangzhou_man1-cangzhou_edge1]",xingtai_man1~cangzhou_edge1
xingtai_man1,13,cangzhou_edge2,65,86.7,xingtai_man1-shijiangzhuang_core-cangzhou_man2-cangzhou_edge2,"[xingtai_man1-shijiangzhuang_core],[shijiangzhuang_core-cangzhou_man2],[cangzhou_man2-cangzhou_edge2]",xingtai_man1~cangzhou_edge2
xingtai_man1,13,langfang_edge1,66,102.3,xingtai_man1-shijiangzhuang_core-langfang_man1-langfang_edge1,"[xingtai_man1-shijiangzhuang_core],[shijiangzhuang_core-langfang_man1],[langfang_man1-langfang_edge1]",xingtai_man1~langfang_edge1
xingtai_man1,13,langfang_edge2,67,102.3,xingtai_man1-shijiangzhuang_core-langfang_man2-langfang_edge2,"[xingtai_man1-shijiangzhuang_core],[shijiangzhuang_core-langfang_man2],[langfang_man2-langfang_edge2]",xingtai_man1~langfang_edge2
xingtai_man1,13,hengshui_edge1,68,60.8,xingtai_man1-shijiangzhuang_core-hengshui_man1-hengshui_edge1,"[xingtai_man1-shijiangzhuang_core],[shijiangzhuang_core-hengshui_man1],[hengshui_man1-hengshui_edge1]",xingtai_man1~hengshui_edge1
xingtai_man1,13,hengshui_edge2,69,60.8,xingtai_man1-shijiangzhuang_core-hengshui_man2-hengshui_edge2,"[xingtai_man1-shijiangzhuang_core],[shijiangzhuang_core-hengshui_man2],[hengshui_man2-hengshui_edge2]",xingtai_man1~hengshui_edge2
xingtai_man2,14,beijing_cloud1,5,100.9,xingtai_man2-shijiangzhuang_core-beijing_core2-beijing_cloud1,"[xingtai_man2-shijiangzhuang_core],[shijiangzhuang_core-beijing_core2],[beijing_core2-beijing_cloud1]",xingtai_man2~beijing_cloud1
xingtai_man2,14,beijing_cloud2,6,90.9,xingtai_man2-shijiangzhuang_core-beijing_core2-beijing_cloud2,"[xingtai_man2-shijiangzhuang_core],[shijiangzhuang_core-beijing_core2],[beijing_core2-beijing_cloud2]",xingtai_man2~beijing_cloud2
xingtai_man2,14,beijing_edge1,7,100.9,xingtai_man2-shijiangzhuang_core-beijing_core2-beijing_man1-beijing_edge1,"[xingtai_man2-shijiangzhuang_core],[shijiangzhuang_core-beijing_core2],[beijing_core2-beijing_man1],[beijing_man1-beijing_edge1]",xingtai_man2~beijing_edge1
xingtai_man2,14,beijing_edge2,8,100.9,xingtai_man2-shijiangzhuang_core-beijing_core2-beijing_man2-beijing_edge2,"[xingtai_man2-shijiangzhuang_core],[shijiangzhuang_core-beijing_core2],[beijing_core2-beijing_man2],[beijing_man2-beijing_edge2]",xingtai_man2~beijing_edge2
xingtai_man2,14,beijing_edge3,9,105.9,xingtai_man2-shijiangzhuang_core-beijing_core2-beijing_man1-beijing_edge3,"[xingtai_man2-shijiangzhuang_core],[shijiangzhuang_core-beijing_core2],[beijing_core2-beijing_man1],[beijing_man1-beijing_edge3]",xingtai_man2~beijing_edge3
xingtai_man2,14,beijing_edge4,10,105.9,xingtai_man2-shijiangzhuang_core-beijing_core2-beijing_man1-beijing_edge4,"[xingtai_man2-shijiangzhuang_core],[shijiangzhuang_core-beijing_core2],[beijing_core2-beijing_man1],[beijing_man1-beijing_edge4]",xingtai_man2~beijing_edge4
xingtai_man2,14,tianjin_cloud1,15,105,xingtai_man2-shijiangzhuang_core-tianjin_core1-tianjin_cloud1,"[xingtai_man2-shijiangzhuang_core],[shijiangzhuang_core-tianjin_core1],[tianjin_core1-tianjin_cloud1]",xingtai_man2~tianjin_cloud1
xingtai_man2,14,tianjin_cloud2,16,114.5,xingtai_man2-shijiangzhuang_core-cangzhou_man1-tianjin_core2-tianjin_cloud2,"[xingtai_man2-shijiangzhuang_core],[shijiangzhuang_core-cangzhou_man1],[cangzhou_man1-tianjin_core2],[tianjin_core2-tianjin_cloud2]",xingtai_man2~tianjin_cloud2
xingtai_man2,14,tianjin_edge1,17,115,xingtai_man2-shijiangzhuang_core-tianjin_core1-tianjin_man1-tianjin_edge1,"[xingtai_man2-shijiangzhuang_core],[shijiangzhuang_core-tianjin_core1],[tianjin_core1-tianjin_man1],[tianjin_man1-tianjin_edge1]",xingtai_man2~tianjin_edge1
xingtai_man2,14,tianjin_edge2,18,115,xingtai_man2-shijiangzhuang_core-tianjin_core1-tianjin_man2-tianjin_edge2,"[xingtai_man2-shijiangzhuang_core],[shijiangzhuang_core-tianjin_core1],[tianjin_core1-tianjin_man2],[tianjin_man2-tianjin_edge2]",xingtai_man2~tianjin_edge2
xingtai_man2,14,tianjin_edge3,19,120,xingtai_man2-shijiangzhuang_core-tianjin_core1-tianjin_man1-tianjin_edge3,"[xingtai_man2-shijiangzhuang_core],[shijiangzhuang_core-tianjin_core1],[tianjin_core1-tianjin_man1],[tianjin_man1-tianjin_edge3]",xingtai_man2~tianjin_edge3
xingtai_man2,14,tianjin_edge4,20,120,xingtai_man2-shijiangzhuang_core-tianjin_core1-tianjin_man1-tianjin_edge4,"[xingtai_man2-shijiangzhuang_core],[shijiangzhuang_core-tianjin_core1],[tianjin_core1-tianjin_man1],[tianjin_man1-tianjin_edge4]",xingtai_man2~tianjin_edge4
xingtai_man2,14,shijiangzhuang_cloud,24,31,xingtai_man2-shijiangzhuang_core-shijiangzhuang_cloud,"[xingtai_man2-shijiangzhuang_core],[shijiangzhuang_core-shijiangzhuang_cloud]",xingtai_man2~shijiangzhuang_cloud
xingtai_man2,14,baoding_cloud,36,76.2,xingtai_man2-shijiangzhuang_core-baoding_man1-baoding_cloud,"[xingtai_man2-shijiangzhuang_core],[shijiangzhuang_core-baoding_man1],[baoding_man1-baoding_cloud]",xingtai_man2~baoding_cloud
xingtai_man2,14,zhangjiako_cloud,39,133,xingtai_man2-shijiangzhuang_core-zhangjiako_man2-zhangjiako_cloud,"[xingtai_man2-shijiangzhuang_core],[shijiangzhuang_core-zhangjiako_man2],[zhangjiako_man2-zhangjiako_cloud]",xingtai_man2~zhangjiako_cloud
xingtai_man2,14,shijiangzhuang_edge1,48,41,xingtai_man2-shijiangzhuang_core-shijiangzhuang_man1-shijiangzhuang_edge1,"[xingtai_man2-shijiangzhuang_core],[shijiangzhuang_core-shijiangzhuang_man1],[shijiangzhuang_man1-shijiangzhuang_edge1]",xingtai_man2~shijiangzhuang_edge1
xingtai_man2,14,shijiangzhuang_edge2,49,41,xingtai_man2-shijiangzhuang_core-shijiangzhuang_man2-shijiangzhuang_edge2,"[xingtai_man2-shijiangzhuang_core],[shijiangzhuang_core-shijiangzhuang_man2],[shijiangzhuang_man2-shijiangzhuang_edge2]",xingtai_man2~shijiangzhuang_edge2
xingtai_man2,14,tangshan_edge1,50,119.3,xingtai_man2-tangshan_core-tangshan_man1-tangshan_edge1,"[xingtai_man2-tangshan_core],[tangshan_core-tangshan_man1],[tangshan_man1-tangshan_edge1]",xingtai_man2~tangshan_edge1
xingtai_man2,14,tangshan_edge2,51,119.3,xingtai_man2-tangshan_core-tangshan_man2-tangshan_edge2,"[xingtai_man2-tangshan_core],[tangshan_core-tangshan_man2],[tangshan_man2-tangshan_edge2]",xingtai_man2~tangshan_edge2
xingtai_man2,14,qhd_edge1,52,144.3,xingtai_man2-tangshan_core-qhd_man1-qhd_edge1,"[xingtai_man2-tangshan_core],[tangshan_core-qhd_man1],[qhd_man1-qhd_edge1]",xingtai_man2~qhd_edge1
xingtai_man2,14,qhd_edge2,53,149.9,xingtai_man2-tangshan_core-qhd_man2-qhd_edge2,"[xingtai_man2-tangshan_core],[tangshan_core-qhd_man2],[qhd_man2-qhd_edge2]",xingtai_man2~qhd_edge2
xingtai_man2,14,handan_edge1,54,72,xingtai_man2-shijiangzhuang_core-handan_man1-handan_edge1,"[xingtai_man2-shijiangzhuang_core],[shijiangzhuang_core-handan_man1],[handan_man1-handan_edge1]",xingtai_man2~handan_edge1
xingtai_man2,14,handan_edge2,55,72,xingtai_man2-shijiangzhuang_core-handan_man2-handan_edge2,"[xingtai_man2-shijiangzhuang_core],[shijiangzhuang_core-handan_man2],[handan_man2-handan_edge2]",xingtai_man2~handan_edge2
xingtai_man2,14,xingtai_edge1,56,11,xingtai_man2-xingtai_edge1,[xingtai_man2-xingtai_edge1],xingtai_man2~xingtai_edge1
xingtai_man2,14,xingtai_edge2,57,1,xingtai_man2-xingtai_edge2,[xingtai_man2-xingtai_edge2],xingtai_man2~xingtai_edge2
xingtai_man2,14,baoding_edge1,58,66.2,xingtai_man2-shijiangzhuang_core-baoding_man1-baoding_edge1,"[xingtai_man2-shijiangzhuang_core],[shijiangzhuang_core-baoding_man1],[baoding_man1-baoding_edge1]",xingtai_man2~baoding_edge1
xingtai_man2,14,baoding_edge2,59,66.2,xingtai_man2-shijiangzhuang_core-baoding_man2-baoding_edge2,"[xingtai_man2-shijiangzhuang_core],[shijiangzhuang_core-baoding_man2],[baoding_man2-baoding_edge2]",xingtai_man2~baoding_edge2
xingtai_man2,14,zhangjiako_edge1,60,123,xingtai_man2-shijiangzhuang_core-zhangjiako_man1-zhangjiako_edge1,"[xingtai_man2-shijiangzhuang_core],[shijiangzhuang_core-zhangjiako_man1],[zhangjiako_man1-zhangjiako_edge1]",xingtai_man2~zhangjiako_edge1
xingtai_man2,14,zhangjiako_edge2,61,123,xingtai_man2-shijiangzhuang_core-zhangjiako_man2-zhangjiako_edge2,"[xingtai_man2-shijiangzhuang_core],[shijiangzhuang_core-zhangjiako_man2],[zhangjiako_man2-zhangjiako_edge2]",xingtai_man2~zhangjiako_edge2
xingtai_man2,14,chengde_edge1,62,145.8,xingtai_man2-shijiangzhuang_core-beijing_core2-chengde_man1-chengde_edge1,"[xingtai_man2-shijiangzhuang_core],[shijiangzhuang_core-beijing_core2],[beijing_core2-chengde_man1],[chengde_man1-chengde_edge1]",xingtai_man2~chengde_edge1
xingtai_man2,14,chengde_edge2,63,145.8,xingtai_man2-shijiangzhuang_core-beijing_core2-chengde_man2-chengde_edge2,"[xingtai_man2-shijiangzhuang_core],[shijiangzhuang_core-beijing_core2],[beijing_core2-chengde_man2],[chengde_man2-chengde_edge2]",xingtai_man2~chengde_edge2
xingtai_man2,14,cangzhou_edge1,64,86.7,xingtai_man2-shijiangzhuang_core-cangzhou_man1-cangzhou_edge1,"[xingtai_man2-shijiangzhuang_core],[shijiangzhuang_core-cangzhou_man1],[cangzhou_man1-cangzhou_edge1]",xingtai_man2~cangzhou_edge1
xingtai_man2,14,cangzhou_edge2,65,86.7,xingtai_man2-shijiangzhuang_core-cangzhou_man2-cangzhou_edge2,"[xingtai_man2-shijiangzhuang_core],[shijiangzhuang_core-cangzhou_man2],[cangzhou_man2-cangzhou_edge2]",xingtai_man2~cangzhou_edge2
xingtai_man2,14,langfang_edge1,66,102.3,xingtai_man2-shijiangzhuang_core-langfang_man1-langfang_edge1,"[xingtai_man2-shijiangzhuang_core],[shijiangzhuang_core-langfang_man1],[langfang_man1-langfang_edge1]",xingtai_man2~langfang_edge1
xingtai_man2,14,langfang_edge2,67,102.3,xingtai_man2-shijiangzhuang_core-langfang_man2-langfang_edge2,"[xingtai_man2-shijiangzhuang_core],[shijiangzhuang_core-langfang_man2],[langfang_man2-langfang_edge2]",xingtai_man2~langfang_edge2
xingtai_man2,14,hengshui_edge1,68,60.8,xingtai_man2-shijiangzhuang_core-hengshui_man1-hengshui_edge1,"[xingtai_man2-shijiangzhuang_core],[shijiangzhuang_core-hengshui_man1],[hengshui_man1-hengshui_edge1]",xingtai_man2~hengshui_edge1
xingtai_man2,14,hengshui_edge2,69,60.8,xingtai_man2-shijiangzhuang_core-hengshui_man2-hengshui_edge2,"[xingtai_man2-shijiangzhuang_core],[shijiangzhuang_core-hengshui_man2],[hengshui_man2-hengshui_edge2]",xingtai_man2~hengshui_edge2
baoding_man1,15,beijing_cloud1,5,103.4,baoding_man1-baoding_man2-tangshan_core-beijing_core1-beijing_cloud1,"[baoding_man1-baoding_man2],[baoding_man2-tangshan_core],[tangshan_core-beijing_core1],[beijing_core1-beijing_cloud1]",baoding_man1~beijing_cloud1
baoding_man1,15,beijing_cloud2,6,96,baoding_man1-shijiangzhuang_core-beijing_core2-beijing_cloud2,"[baoding_man1-shijiangzhuang_core],[shijiangzhuang_core-beijing_core2],[beijing_core2-beijing_cloud2]",baoding_man1~beijing_cloud2
baoding_man1,15,beijing_edge1,7,106,baoding_man1-shijiangzhuang_core-beijing_core2-beijing_man1-beijing_edge1,"[baoding_man1-shijiangzhuang_core],[shijiangzhuang_core-beijing_core2],[beijing_core2-beijing_man1],[beijing_man1-beijing_edge1]",baoding_man1~beijing_edge1
baoding_man1,15,beijing_edge2,8,106,baoding_man1-shijiangzhuang_core-beijing_core2-beijing_man2-beijing_edge2,"[baoding_man1-shijiangzhuang_core],[shijiangzhuang_core-beijing_core2],[beijing_core2-beijing_man2],[beijing_man2-beijing_edge2]",baoding_man1~beijing_edge2
baoding_man1,15,beijing_edge3,9,111,baoding_man1-shijiangzhuang_core-beijing_core2-beijing_man2-beijing_edge3,"[baoding_man1-shijiangzhuang_core],[shijiangzhuang_core-beijing_core2],[beijing_core2-beijing_man2],[beijing_man2-beijing_edge3]",baoding_man1~beijing_edge3
baoding_man1,15,beijing_edge4,10,111,baoding_man1-shijiangzhuang_core-beijing_core2-beijing_man2-beijing_edge4,"[baoding_man1-shijiangzhuang_core],[shijiangzhuang_core-beijing_core2],[beijing_core2-beijing_man2],[beijing_man2-beijing_edge4]",baoding_man1~beijing_edge4
baoding_man1,15,tianjin_cloud1,15,90.9,baoding_man1-baoding_man2-tangshan_core-tianjin_core1-tianjin_cloud1,"[baoding_man1-baoding_man2],[baoding_man2-tangshan_core],[tangshan_core-tianjin_core1],[tianjin_core1-tianjin_cloud1]",baoding_man1~tianjin_cloud1
baoding_man1,15,tianjin_cloud2,16,95.6,baoding_man1-baoding_man2-tangshan_core-tianjin_core2-tianjin_cloud2,"[baoding_man1-baoding_man2],[baoding_man2-tangshan_core],[tangshan_core-tianjin_core2],[tianjin_core2-tianjin_cloud2]",baoding_man1~tianjin_cloud2
baoding_man1,15,tianjin_edge1,17,100.9,baoding_man1-baoding_man2-tangshan_core-tianjin_core1-tianjin_man1-tianjin_edge1,"[baoding_man1-baoding_man2],[baoding_man2-tangshan_core],[tangshan_core-tianjin_core1],[tianjin_core1-tianjin_man1],[tianjin_man1-tianjin_edge1]",baoding_man1~tianjin_edge1
baoding_man1,15,tianjin_edge2,18,100.9,baoding_man1-baoding_man2-tangshan_core-tianjin_core1-tianjin_man2-tianjin_edge2,"[baoding_man1-baoding_man2],[baoding_man2-tangshan_core],[tangshan_core-tianjin_core1],[tianjin_core1-tianjin_man2],[tianjin_man2-tianjin_edge2]",baoding_man1~tianjin_edge2
baoding_man1,15,tianjin_edge3,19,105.9,baoding_man1-baoding_man2-tangshan_core-tianjin_core1-tianjin_man1-tianjin_edge3,"[baoding_man1-baoding_man2],[baoding_man2-tangshan_core],[tangshan_core-tianjin_core1],[tianjin_core1-tianjin_man1],[tianjin_man1-tianjin_edge3]",baoding_man1~tianjin_edge3
baoding_man1,15,tianjin_edge4,20,105.9,baoding_man1-baoding_man2-tangshan_core-tianjin_core1-tianjin_man1-tianjin_edge4,"[baoding_man1-baoding_man2],[baoding_man2-tangshan_core],[tangshan_core-tianjin_core1],[tianjin_core1-tianjin_man1],[tianjin_man1-tianjin_edge4]",baoding_man1~tianjin_edge4
baoding_man1,15,shijiangzhuang_cloud,24,36.1,baoding_man1-shijiangzhuang_core-shijiangzhuang_cloud,"[baoding_man1-shijiangzhuang_core],[shijiangzhuang_core-shijiangzhuang_cloud]",baoding_man1~shijiangzhuang_cloud
baoding_man1,15,baoding_cloud,36,11,baoding_man1-baoding_cloud,[baoding_man1-baoding_cloud],baoding_man1~baoding_cloud
baoding_man1,15,zhangjiako_cloud,39,138.2,baoding_man1-shijiangzhuang_core-zhangjiako_man1-zhangjiako_cloud,"[baoding_man1-shijiangzhuang_core],[shijiangzhuang_core-zhangjiako_man1],[zhangjiako_man1-zhangjiako_cloud]",baoding_man1~zhangjiako_cloud
baoding_man1,15,shijiangzhuang_edge1,48,46.1,baoding_man1-shijiangzhuang_core-shijiangzhuang_man1-shijiangzhuang_edge1,"[baoding_man1-shijiangzhuang_core],[shijiangzhuang_core-shijiangzhuang_man1],[shijiangzhuang_man1-shijiangzhuang_edge1]",baoding_man1~shijiangzhuang_edge1
baoding_man1,15,shijiangzhuang_edge2,49,46.1,baoding_man1-shijiangzhuang_core-shijiangzhuang_man2-shijiangzhuang_edge2,"[baoding_man1-shijiangzhuang_core],[shijiangzhuang_core-shijiangzhuang_man2],[shijiangzhuang_man2-shijiangzhuang_edge2]",baoding_man1~shijiangzhuang_edge2
baoding_man1,15,tangshan_edge1,50,80.9,baoding_man1-baoding_man2-tangshan_core-tangshan_man1-tangshan_edge1,"[baoding_man1-baoding_man2],[baoding_man2-tangshan_core],[tangshan_core-tangshan_man1],[tangshan_man1-tangshan_edge1]",baoding_man1~tangshan_edge1
baoding_man1,15,tangshan_edge2,51,80.9,baoding_man1-baoding_man2-tangshan_core-tangshan_man2-tangshan_edge2,"[baoding_man1-baoding_man2],[baoding_man2-tangshan_core],[tangshan_core-tangshan_man2],[tangshan_man2-tangshan_edge2]",baoding_man1~tangshan_edge2
baoding_man1,15,qhd_edge1,52,105.9,baoding_man1-baoding_man2-tangshan_core-qhd_man1-qhd_edge1,"[baoding_man1-baoding_man2],[baoding_man2-tangshan_core],[tangshan_core-qhd_man1],[qhd_man1-qhd_edge1]",baoding_man1~qhd_edge1
baoding_man1,15,qhd_edge2,53,111.5,baoding_man1-baoding_man2-tangshan_core-qhd_man2-qhd_edge2,"[baoding_man1-baoding_man2],[baoding_man2-tangshan_core],[tangshan_core-qhd_man2],[qhd_man2-qhd_edge2]",baoding_man1~qhd_edge2
baoding_man1,15,handan_edge1,54,77.2,baoding_man1-shijiangzhuang_core-handan_man1-handan_edge1,"[baoding_man1-shijiangzhuang_core],[shijiangzhuang_core-handan_man1],[handan_man1-handan_edge1]",baoding_man1~handan_edge1
baoding_man1,15,handan_edge2,55,77.2,baoding_man1-shijiangzhuang_core-handan_man2-handan_edge2,"[baoding_man1-shijiangzhuang_core],[shijiangzhuang_core-handan_man2],[handan_man2-handan_edge2]",baoding_man1~handan_edge2
baoding_man1,15,xingtai_edge1,56,66.2,baoding_man1-shijiangzhuang_core-xingtai_man1-xingtai_edge1,"[baoding_man1-shijiangzhuang_core],[shijiangzhuang_core-xingtai_man1],[xingtai_man1-xingtai_edge1]",baoding_man1~xingtai_edge1
baoding_man1,15,xingtai_edge2,57,66.2,baoding_man1-shijiangzhuang_core-xingtai_man2-xingtai_edge2,"[baoding_man1-shijiangzhuang_core],[shijiangzhuang_core-xingtai_man2],[xingtai_man2-xingtai_edge2]",baoding_man1~xingtai_edge2
baoding_man1,15,baoding_edge1,58,1,baoding_man1-baoding_edge1,[baoding_man1-baoding_edge1],baoding_man1~baoding_edge1
baoding_man1,15,baoding_edge2,59,11,baoding_man1-baoding_edge2,[baoding_man1-baoding_edge2],baoding_man1~baoding_edge2
baoding_man1,15,zhangjiako_edge1,60,128.2,baoding_man1-shijiangzhuang_core-zhangjiako_man1-zhangjiako_edge1,"[baoding_man1-shijiangzhuang_core],[shijiangzhuang_core-zhangjiako_man1],[zhangjiako_man1-zhangjiako_edge1]",baoding_man1~zhangjiako_edge1
baoding_man1,15,zhangjiako_edge2,61,128.2,baoding_man1-shijiangzhuang_core-zhangjiako_man2-zhangjiako_edge2,"[baoding_man1-shijiangzhuang_core],[shijiangzhuang_core-zhangjiako_man2],[zhangjiako_man2-zhangjiako_edge2]",baoding_man1~zhangjiako_edge2
baoding_man1,15,chengde_edge1,62,118.1,baoding_man1-baoding_man2-tangshan_core-chengde_man1-chengde_edge1,"[baoding_man1-baoding_man2],[baoding_man2-tangshan_core],[tangshan_core-chengde_man1],[chengde_man1-chengde_edge1]",baoding_man1~chengde_edge1
baoding_man1,15,chengde_edge2,63,122,baoding_man1-baoding_man2-tangshan_core-chengde_man2-chengde_edge2,"[baoding_man1-baoding_man2],[baoding_man2-tangshan_core],[tangshan_core-chengde_man2],[chengde_man2-chengde_edge2]",baoding_man1~chengde_edge2
baoding_man1,15,cangzhou_edge1,64,91.8,baoding_man1-shijiangzhuang_core-cangzhou_man1-cangzhou_edge1,"[baoding_man1-shijiangzhuang_core],[shijiangzhuang_core-cangzhou_man1],[cangzhou_man1-cangzhou_edge1]",baoding_man1~cangzhou_edge1
baoding_man1,15,cangzhou_edge2,65,91.8,baoding_man1-shijiangzhuang_core-cangzhou_man2-cangzhou_edge2,"[baoding_man1-shijiangzhuang_core],[shijiangzhuang_core-cangzhou_man2],[cangzhou_man2-cangzhou_edge2]",baoding_man1~cangzhou_edge2
baoding_man1,15,langfang_edge1,66,107.4,baoding_man1-shijiangzhuang_core-langfang_man1-langfang_edge1,"[baoding_man1-shijiangzhuang_core],[shijiangzhuang_core-langfang_man1],[langfang_man1-langfang_edge1]",baoding_man1~langfang_edge1
baoding_man1,15,langfang_edge2,67,103,baoding_man1-baoding_man2-tangshan_core-langfang_man2-langfang_edge2,"[baoding_man1-baoding_man2],[baoding_man2-tangshan_core],[tangshan_core-langfang_man2],[langfang_man2-langfang_edge2]",baoding_man1~langfang_edge2
baoding_man1,15,hengshui_edge1,68,65.9,baoding_man1-shijiangzhuang_core-hengshui_man1-hengshui_edge1,"[baoding_man1-shijiangzhuang_core],[shijiangzhuang_core-hengshui_man1],[hengshui_man1-hengshui_edge1]",baoding_man1~hengshui_edge1
baoding_man1,15,hengshui_edge2,69,65.9,baoding_man1-shijiangzhuang_core-hengshui_man2-hengshui_edge2,"[baoding_man1-shijiangzhuang_core],[shijiangzhuang_core-hengshui_man2],[hengshui_man2-hengshui_edge2]",baoding_man1~hengshui_edge2
baoding_man2,16,beijing_cloud1,5,93.4,baoding_man2-tangshan_core-beijing_core1-beijing_cloud1,"[baoding_man2-tangshan_core],[tangshan_core-beijing_core1],[beijing_core1-beijing_cloud1]",baoding_man2~beijing_cloud1
baoding_man2,16,beijing_cloud2,6,96,baoding_man2-shijiangzhuang_core-beijing_core2-beijing_cloud2,"[baoding_man2-shijiangzhuang_core],[shijiangzhuang_core-beijing_core2],[beijing_core2-beijing_cloud2]",baoding_man2~beijing_cloud2
baoding_man2,16,beijing_edge1,7,103.4,baoding_man2-tangshan_core-beijing_core1-beijing_man1-beijing_edge1,"[baoding_man2-tangshan_core],[tangshan_core-beijing_core1],[beijing_core1-beijing_man1],[beijing_man1-beijing_edge1]",baoding_man2~beijing_edge1
baoding_man2,16,beijing_edge2,8,103.4,baoding_man2-tangshan_core-beijing_core1-beijing_man2-beijing_edge2,"[baoding_man2-tangshan_core],[tangshan_core-beijing_core1],[beijing_core1-beijing_man2],[beijing_man2-beijing_edge2]",baoding_man2~beijing_edge2
baoding_man2,16,beijing_edge3,9,108.4,baoding_man2-tangshan_core-beijing_core1-beijing_man1-beijing_edge3,"[baoding_man2-tangshan_core],[tangshan_core-beijing_core1],[beijing_core1-beijing_man1],[beijing_man1-beijing_edge3]",baoding_man2~beijing_edge3
baoding_man2,16,beijing_edge4,10,108.4,baoding_man2-tangshan_core-beijing_core1-beijing_man1-beijing_edge4,"[baoding_man2-tangshan_core],[tangshan_core-beijing_core1],[beijing_core1-beijing_man1],[beijing_man1-beijing_edge4]",baoding_man2~beijing_edge4
baoding_man2,16,tianjin_cloud1,15,80.9,baoding_man2-tangshan_core-tianjin_core1-tianjin_cloud1,"[baoding_man2-tangshan_core],[tangshan_core-tianjin_core1],[tianjin_core1-tianjin_cloud1]",baoding_man2~tianjin_cloud1
baoding_man2,16,tianjin_cloud2,16,85.6,baoding_man2-tangshan_core-tianjin_core2-tianjin_cloud2,"[baoding_man2-tangshan_core],[tangshan_core-tianjin_core2],[tianjin_core2-tianjin_cloud2]",baoding_man2~tianjin_cloud2
baoding_man2,16,tianjin_edge1,17,90.9,baoding_man2-tangshan_core-tianjin_core1-tianjin_man1-tianjin_edge1,"[baoding_man2-tangshan_core],[tangshan_core-tianjin_core1],[tianjin_core1-tianjin_man1],[tianjin_man1-tianjin_edge1]",baoding_man2~tianjin_edge1
baoding_man2,16,tianjin_edge2,18,90.9,baoding_man2-tangshan_core-tianjin_core1-tianjin_man2-tianjin_edge2,"[baoding_man2-tangshan_core],[tangshan_core-tianjin_core1],[tianjin_core1-tianjin_man2],[tianjin_man2-tianjin_edge2]",baoding_man2~tianjin_edge2
baoding_man2,16,tianjin_edge3,19,95.9,baoding_man2-tangshan_core-tianjin_core1-tianjin_man1-tianjin_edge3,"[baoding_man2-tangshan_core],[tangshan_core-tianjin_core1],[tianjin_core1-tianjin_man1],[tianjin_man1-tianjin_edge3]",baoding_man2~tianjin_edge3
baoding_man2,16,tianjin_edge4,20,95.9,baoding_man2-tangshan_core-tianjin_core1-tianjin_man1-tianjin_edge4,"[baoding_man2-tangshan_core],[tangshan_core-tianjin_core1],[tianjin_core1-tianjin_man1],[tianjin_man1-tianjin_edge4]",baoding_man2~tianjin_edge4
baoding_man2,16,shijiangzhuang_cloud,24,36.1,baoding_man2-shijiangzhuang_core-shijiangzhuang_cloud,"[baoding_man2-shijiangzhuang_core],[shijiangzhuang_core-shijiangzhuang_cloud]",baoding_man2~shijiangzhuang_cloud
baoding_man2,16,baoding_cloud,36,11,baoding_man2-baoding_cloud,[baoding_man2-baoding_cloud],baoding_man2~baoding_cloud
baoding_man2,16,zhangjiako_cloud,39,138.2,baoding_man2-shijiangzhuang_core-zhangjiako_man1-zhangjiako_cloud,"[baoding_man2-shijiangzhuang_core],[shijiangzhuang_core-zhangjiako_man1],[zhangjiako_man1-zhangjiako_cloud]",baoding_man2~zhangjiako_cloud
baoding_man2,16,shijiangzhuang_edge1,48,46.1,baoding_man2-shijiangzhuang_core-shijiangzhuang_man1-shijiangzhuang_edge1,"[baoding_man2-shijiangzhuang_core],[shijiangzhuang_core-shijiangzhuang_man1],[shijiangzhuang_man1-shijiangzhuang_edge1]",baoding_man2~shijiangzhuang_edge1
baoding_man2,16,shijiangzhuang_edge2,49,46.1,baoding_man2-shijiangzhuang_core-shijiangzhuang_man2-shijiangzhuang_edge2,"[baoding_man2-shijiangzhuang_core],[shijiangzhuang_core-shijiangzhuang_man2],[shijiangzhuang_man2-shijiangzhuang_edge2]",baoding_man2~shijiangzhuang_edge2
baoding_man2,16,tangshan_edge1,50,70.9,baoding_man2-tangshan_core-tangshan_man1-tangshan_edge1,"[baoding_man2-tangshan_core],[tangshan_core-tangshan_man1],[tangshan_man1-tangshan_edge1]",baoding_man2~tangshan_edge1
baoding_man2,16,tangshan_edge2,51,70.9,baoding_man2-tangshan_core-tangshan_man2-tangshan_edge2,"[baoding_man2-tangshan_core],[tangshan_core-tangshan_man2],[tangshan_man2-tangshan_edge2]",baoding_man2~tangshan_edge2
baoding_man2,16,qhd_edge1,52,95.9,baoding_man2-tangshan_core-qhd_man1-qhd_edge1,"[baoding_man2-tangshan_core],[tangshan_core-qhd_man1],[qhd_man1-qhd_edge1]",baoding_man2~qhd_edge1
baoding_man2,16,qhd_edge2,53,101.5,baoding_man2-tangshan_core-qhd_man2-qhd_edge2,"[baoding_man2-tangshan_core],[tangshan_core-qhd_man2],[qhd_man2-qhd_edge2]",baoding_man2~qhd_edge2
baoding_man2,16,handan_edge1,54,77.2,baoding_man2-shijiangzhuang_core-handan_man1-handan_edge1,"[baoding_man2-shijiangzhuang_core],[shijiangzhuang_core-handan_man1],[handan_man1-handan_edge1]",baoding_man2~handan_edge1
baoding_man2,16,handan_edge2,55,77.2,baoding_man2-shijiangzhuang_core-handan_man2-handan_edge2,"[baoding_man2-shijiangzhuang_core],[shijiangzhuang_core-handan_man2],[handan_man2-handan_edge2]",baoding_man2~handan_edge2
baoding_man2,16,xingtai_edge1,56,66.2,baoding_man2-shijiangzhuang_core-xingtai_man1-xingtai_edge1,"[baoding_man2-shijiangzhuang_core],[shijiangzhuang_core-xingtai_man1],[xingtai_man1-xingtai_edge1]",baoding_man2~xingtai_edge1
baoding_man2,16,xingtai_edge2,57,66.2,baoding_man2-shijiangzhuang_core-xingtai_man2-xingtai_edge2,"[baoding_man2-shijiangzhuang_core],[shijiangzhuang_core-xingtai_man2],[xingtai_man2-xingtai_edge2]",baoding_man2~xingtai_edge2
baoding_man2,16,baoding_edge1,58,11,baoding_man2-baoding_edge1,[baoding_man2-baoding_edge1],baoding_man2~baoding_edge1
baoding_man2,16,baoding_edge2,59,1,baoding_man2-baoding_edge2,[baoding_man2-baoding_edge2],baoding_man2~baoding_edge2
baoding_man2,16,zhangjiako_edge1,60,128.2,baoding_man2-shijiangzhuang_core-zhangjiako_man1-zhangjiako_edge1,"[baoding_man2-shijiangzhuang_core],[shijiangzhuang_core-zhangjiako_man1],[zhangjiako_man1-zhangjiako_edge1]",baoding_man2~zhangjiako_edge1
baoding_man2,16,zhangjiako_edge2,61,128.2,baoding_man2-shijiangzhuang_core-zhangjiako_man2-zhangjiako_edge2,"[baoding_man2-shijiangzhuang_core],[shijiangzhuang_core-zhangjiako_man2],[zhangjiako_man2-zhangjiako_edge2]",baoding_man2~zhangjiako_edge2
baoding_man2,16,chengde_edge1,62,108.1,baoding_man2-tangshan_core-chengde_man1-chengde_edge1,"[baoding_man2-tangshan_core],[tangshan_core-chengde_man1],[chengde_man1-chengde_edge1]",baoding_man2~chengde_edge1
baoding_man2,16,chengde_edge2,63,112,baoding_man2-tangshan_core-chengde_man2-chengde_edge2,"[baoding_man2-tangshan_core],[tangshan_core-chengde_man2],[chengde_man2-chengde_edge2]",baoding_man2~chengde_edge2
baoding_man2,16,cangzhou_edge1,64,91.8,baoding_man2-shijiangzhuang_core-cangzhou_man1-cangzhou_edge1,"[baoding_man2-shijiangzhuang_core],[shijiangzhuang_core-cangzhou_man1],[cangzhou_man1-cangzhou_edge1]",baoding_man2~cangzhou_edge1
baoding_man2,16,cangzhou_edge2,65,91.8,baoding_man2-shijiangzhuang_core-cangzhou_man2-cangzhou_edge2,"[baoding_man2-shijiangzhuang_core],[shijiangzhuang_core-cangzhou_man2],[cangzhou_man2-cangzhou_edge2]",baoding_man2~cangzhou_edge2
baoding_man2,16,langfang_edge1,66,101.3,baoding_man2-tangshan_core-langfang_man1-langfang_edge1,"[baoding_man2-tangshan_core],[tangshan_core-langfang_man1],[langfang_man1-langfang_edge1]",baoding_man2~langfang_edge1
baoding_man2,16,langfang_edge2,67,93,baoding_man2-tangshan_core-langfang_man2-langfang_edge2,"[baoding_man2-tangshan_core],[tangshan_core-langfang_man2],[langfang_man2-langfang_edge2]",baoding_man2~langfang_edge2
baoding_man2,16,hengshui_edge1,68,65.9,baoding_man2-shijiangzhuang_core-hengshui_man1-hengshui_edge1,"[baoding_man2-shijiangzhuang_core],[shijiangzhuang_core-hengshui_man1],[hengshui_man1-hengshui_edge1]",baoding_man2~hengshui_edge1
baoding_man2,16,hengshui_edge2,69,65.9,baoding_man2-shijiangzhuang_core-hengshui_man2-hengshui_edge2,"[baoding_man2-shijiangzhuang_core],[shijiangzhuang_core-hengshui_man2],[hengshui_man2-hengshui_edge2]",baoding_man2~hengshui_edge2
zhangjiako_man1,17,beijing_cloud1,5,48.3,zhangjiako_man1-beijing_core1-beijing_cloud1,"[zhangjiako_man1-beijing_core1],[beijing_core1-beijing_cloud1]",zhangjiako_man1~beijing_cloud1
zhangjiako_man1,17,beijing_cloud2,6,48.3,zhangjiako_man1-beijing_core2-beijing_cloud2,"[zhangjiako_man1-beijing_core2],[beijing_core2-beijing_cloud2]",zhangjiako_man1~beijing_cloud2
zhangjiako_man1,17,beijing_edge1,7,58.3,zhangjiako_man1-beijing_core1-beijing_man1-beijing_edge1,"[zhangjiako_man1-beijing_core1],[beijing_core1-beijing_man1],[beijing_man1-beijing_edge1]",zhangjiako_man1~beijing_edge1
zhangjiako_man1,17,beijing_edge2,8,58.3,zhangjiako_man1-beijing_core1-beijing_man2-beijing_edge2,"[zhangjiako_man1-beijing_core1],[beijing_core1-beijing_man2],[beijing_man2-beijing_edge2]",zhangjiako_man1~beijing_edge2
zhangjiako_man1,17,beijing_edge3,9,63.3,zhangjiako_man1-beijing_core1-beijing_man1-beijing_edge3,"[zhangjiako_man1-beijing_core1],[beijing_core1-beijing_man1],[beijing_man1-beijing_edge3]",zhangjiako_man1~beijing_edge3
zhangjiako_man1,17,beijing_edge4,10,63.3,zhangjiako_man1-beijing_core1-beijing_man2-beijing_edge4,"[zhangjiako_man1-beijing_core1],[beijing_core1-beijing_man2],[beijing_man2-beijing_edge4]",zhangjiako_man1~beijing_edge4
zhangjiako_man1,17,tianjin_cloud1,15,73,zhangjiako_man1-beijing_core1-tianjin_core1-tianjin_cloud1,"[zhangjiako_man1-beijing_core1],[beijing_core1-tianjin_core1],[tianjin_core1-tianjin_cloud1]",zhangjiako_man1~tianjin_cloud1
zhangjiako_man1,17,tianjin_cloud2,16,83,zhangjiako_man1-beijing_core1-tianjin_core1-tianjin_cloud2,"[zhangjiako_man1-beijing_core1],[beijing_core1-tianjin_core1],[tianjin_core1-tianjin_cloud2]",zhangjiako_man1~tianjin_cloud2
zhangjiako_man1,17,tianjin_edge1,17,83,zhangjiako_man1-beijing_core1-tianjin_core1-tianjin_man1-tianjin_edge1,"[zhangjiako_man1-beijing_core1],[beijing_core1-tianjin_core1],[tianjin_core1-tianjin_man1],[tianjin_man1-tianjin_edge1]",zhangjiako_man1~tianjin_edge1
zhangjiako_man1,17,tianjin_edge2,18,83,zhangjiako_man1-beijing_core1-tianjin_core1-tianjin_man2-tianjin_edge2,"[zhangjiako_man1-beijing_core1],[beijing_core1-tianjin_core1],[tianjin_core1-tianjin_man2],[tianjin_man2-tianjin_edge2]",zhangjiako_man1~tianjin_edge2
zhangjiako_man1,17,tianjin_edge3,19,88,zhangjiako_man1-beijing_core1-tianjin_core1-tianjin_man2-tianjin_edge3,"[zhangjiako_man1-beijing_core1],[beijing_core1-tianjin_core1],[tianjin_core1-tianjin_man2],[tianjin_man2-tianjin_edge3]",zhangjiako_man1~tianjin_edge3
zhangjiako_man1,17,tianjin_edge4,20,88,zhangjiako_man1-beijing_core1-tianjin_core1-tianjin_man2-tianjin_edge4,"[zhangjiako_man1-beijing_core1],[beijing_core1-tianjin_core1],[tianjin_core1-tianjin_man2],[tianjin_man2-tianjin_edge4]",zhangjiako_man1~tianjin_edge4
zhangjiako_man1,17,shijiangzhuang_cloud,24,93,zhangjiako_man1-shijiangzhuang_core-shijiangzhuang_cloud,"[zhangjiako_man1-shijiangzhuang_core],[shijiangzhuang_core-shijiangzhuang_cloud]",zhangjiako_man1~shijiangzhuang_cloud
zhangjiako_man1,17,baoding_cloud,36,138.2,zhangjiako_man1-shijiangzhuang_core-baoding_man2-baoding_cloud,"[zhangjiako_man1-shijiangzhuang_core],[shijiangzhuang_core-baoding_man2],[baoding_man2-baoding_cloud]",zhangjiako_man1~baoding_cloud
zhangjiako_man1,17,zhangjiako_cloud,39,11,zhangjiako_man1-zhangjiako_cloud,[zhangjiako_man1-zhangjiako_cloud],zhangjiako_man1~zhangjiako_cloud
zhangjiako_man1,17,shijiangzhuang_edge1,48,103,zhangjiako_man1-shijiangzhuang_core-shijiangzhuang_man1-shijiangzhuang_edge1,"[zhangjiako_man1-shijiangzhuang_core],[shijiangzhuang_core-shijiangzhuang_man1],[shijiangzhuang_man1-shijiangzhuang_edge1]",zhangjiako_man1~shijiangzhuang_edge1
zhangjiako_man1,17,shijiangzhuang_edge2,49,103,zhangjiako_man1-shijiangzhuang_core-shijiangzhuang_man2-shijiangzhuang_edge2,"[zhangjiako_man1-shijiangzhuang_core],[shijiangzhuang_core-shijiangzhuang_man2],[shijiangzhuang_man2-shijiangzhuang_edge2]",zhangjiako_man1~shijiangzhuang_edge2
zhangjiako_man1,17,tangshan_edge1,50,90.8,zhangjiako_man1-beijing_core1-tangshan_core-tangshan_man1-tangshan_edge1,"[zhangjiako_man1-beijing_core1],[beijing_core1-tangshan_core],[tangshan_core-tangshan_man1],[tangshan_man1-tangshan_edge1]",zhangjiako_man1~tangshan_edge1
zhangjiako_man1,17,tangshan_edge2,51,90.8,zhangjiako_man1-beijing_core1-tangshan_core-tangshan_man2-tangshan_edge2,"[zhangjiako_man1-beijing_core1],[beijing_core1-tangshan_core],[tangshan_core-tangshan_man2],[tangshan_man2-tangshan_edge2]",zhangjiako_man1~tangshan_edge2
zhangjiako_man1,17,qhd_edge1,52,115.9,zhangjiako_man1-beijing_core1-tangshan_core-qhd_man1-qhd_edge1,"[zhangjiako_man1-beijing_core1],[beijing_core1-tangshan_core],[tangshan_core-qhd_man1],[qhd_man1-qhd_edge1]",zhangjiako_man1~qhd_edge1
zhangjiako_man1,17,qhd_edge2,53,121.5,zhangjiako_man1-beijing_core1-tangshan_core-qhd_man2-qhd_edge2,"[zhangjiako_man1-beijing_core1],[beijing_core1-tangshan_core],[tangshan_core-qhd_man2],[qhd_man2-qhd_edge2]",zhangjiako_man1~qhd_edge2
zhangjiako_man1,17,handan_edge1,54,134,zhangjiako_man1-shijiangzhuang_core-handan_man1-handan_edge1,"[zhangjiako_man1-shijiangzhuang_core],[shijiangzhuang_core-handan_man1],[handan_man1-handan_edge1]",zhangjiako_man1~handan_edge1
zhangjiako_man1,17,handan_edge2,55,134,zhangjiako_man1-shijiangzhuang_core-handan_man2-handan_edge2,"[zhangjiako_man1-shijiangzhuang_core],[shijiangzhuang_core-handan_man2],[handan_man2-handan_edge2]",zhangjiako_man1~handan_edge2
zhangjiako_man1,17,xingtai_edge1,56,123,zhangjiako_man1-shijiangzhuang_core-xingtai_man1-xingtai_edge1,"[zhangjiako_man1-shijiangzhuang_core],[shijiangzhuang_core-xingtai_man1],[xingtai_man1-xingtai_edge1]",zhangjiako_man1~xingtai_edge1
zhangjiako_man1,17,xingtai_edge2,57,123,zhangjiako_man1-shijiangzhuang_core-xingtai_man2-xingtai_edge2,"[zhangjiako_man1-shijiangzhuang_core],[shijiangzhuang_core-xingtai_man2],[xingtai_man2-xingtai_edge2]",zhangjiako_man1~xingtai_edge2
zhangjiako_man1,17,baoding_edge1,58,128.2,zhangjiako_man1-shijiangzhuang_core-baoding_man1-baoding_edge1,"[zhangjiako_man1-shijiangzhuang_core],[shijiangzhuang_core-baoding_man1],[baoding_man1-baoding_edge1]",zhangjiako_man1~baoding_edge1
zhangjiako_man1,17,baoding_edge2,59,128.2,zhangjiako_man1-shijiangzhuang_core-baoding_man2-baoding_edge2,"[zhangjiako_man1-shijiangzhuang_core],[shijiangzhuang_core-baoding_man2],[baoding_man2-baoding_edge2]",zhangjiako_man1~baoding_edge2
zhangjiako_man1,17,zhangjiako_edge1,60,1,zhangjiako_man1-zhangjiako_edge1,[zhangjiako_man1-zhangjiako_edge1],zhangjiako_man1~zhangjiako_edge1
zhangjiako_man1,17,zhangjiako_edge2,61,11,zhangjiako_man1-zhangjiako_edge2,[zhangjiako_man1-zhangjiako_edge2],zhangjiako_man1~zhangjiako_edge2
zhangjiako_man1,17,chengde_edge1,62,103.2,zhangjiako_man1-beijing_core1-chengde_man1-chengde_edge1,"[zhangjiako_man1-beijing_core1],[beijing_core1-chengde_man1],[chengde_man1-chengde_edge1]",zhangjiako_man1~chengde_edge1
zhangjiako_man1,17,chengde_edge2,63,103.2,zhangjiako_man1-beijing_core2-chengde_man2-chengde_edge2,"[zhangjiako_man1-beijing_core2],[beijing_core2-chengde_man2],[chengde_man2-chengde_edge2]",zhangjiako_man1~chengde_edge2
zhangjiako_man1,17,cangzhou_edge1,64,100.8,zhangjiako_man1-beijing_core1-tianjin_core1-cangzhou_man1-cangzhou_edge1,"[zhangjiako_man1-beijing_core1],[beijing_core1-tianjin_core1],[tianjin_core1-cangzhou_man1],[cangzhou_man1-cangzhou_edge1]",zhangjiako_man1~cangzhou_edge1
zhangjiako_man1,17,cangzhou_edge2,65,100.8,zhangjiako_man1-beijing_core1-tianjin_core1-cangzhou_man2-cangzhou_edge2,"[zhangjiako_man1-beijing_core1],[beijing_core1-tianjin_core1],[tianjin_core1-cangzhou_man2],[cangzhou_man2-cangzhou_edge2]",zhangjiako_man1~cangzhou_edge2
zhangjiako_man1,17,langfang_edge1,66,62,zhangjiako_man1-beijing_core1-langfang_man1-langfang_edge1,"[zhangjiako_man1-beijing_core1],[beijing_core1-langfang_man1],[langfang_man1-langfang_edge1]",zhangjiako_man1~langfang_edge1
zhangjiako_man1,17,langfang_edge2,67,62,zhangjiako_man1-beijing_core1-langfang_man2-langfang_edge2,"[zhangjiako_man1-beijing_core1],[beijing_core1-langfang_man2],[langfang_man2-langfang_edge2]",zhangjiako_man1~langfang_edge2
zhangjiako_man1,17,hengshui_edge1,68,122.8,zhangjiako_man1-shijiangzhuang_core-hengshui_man1-hengshui_edge1,"[zhangjiako_man1-shijiangzhuang_core],[shijiangzhuang_core-hengshui_man1],[hengshui_man1-hengshui_edge1]",zhangjiako_man1~hengshui_edge1
zhangjiako_man1,17,hengshui_edge2,69,122.8,zhangjiako_man1-shijiangzhuang_core-hengshui_man2-hengshui_edge2,"[zhangjiako_man1-shijiangzhuang_core],[shijiangzhuang_core-hengshui_man2],[hengshui_man2-hengshui_edge2]",zhangjiako_man1~hengshui_edge2
zhangjiako_man2,18,beijing_cloud1,5,48.3,zhangjiako_man2-beijing_core1-beijing_cloud1,"[zhangjiako_man2-beijing_core1],[beijing_core1-beijing_cloud1]",zhangjiako_man2~beijing_cloud1
zhangjiako_man2,18,beijing_cloud2,6,48.3,zhangjiako_man2-beijing_core2-beijing_cloud2,"[zhangjiako_man2-beijing_core2],[beijing_core2-beijing_cloud2]",zhangjiako_man2~beijing_cloud2
zhangjiako_man2,18,beijing_edge1,7,58.3,zhangjiako_man2-beijing_core1-beijing_man1-beijing_edge1,"[zhangjiako_man2-beijing_core1],[beijing_core1-beijing_man1],[beijing_man1-beijing_edge1]",zhangjiako_man2~beijing_edge1
zhangjiako_man2,18,beijing_edge2,8,58.3,zhangjiako_man2-beijing_core1-beijing_man2-beijing_edge2,"[zhangjiako_man2-beijing_core1],[beijing_core1-beijing_man2],[beijing_man2-beijing_edge2]",zhangjiako_man2~beijing_edge2
zhangjiako_man2,18,beijing_edge3,9,63.3,zhangjiako_man2-beijing_core1-beijing_man1-beijing_edge3,"[zhangjiako_man2-beijing_core1],[beijing_core1-beijing_man1],[beijing_man1-beijing_edge3]",zhangjiako_man2~beijing_edge3
zhangjiako_man2,18,beijing_edge4,10,63.3,zhangjiako_man2-beijing_core1-beijing_man2-beijing_edge4,"[zhangjiako_man2-beijing_core1],[beijing_core1-beijing_man2],[beijing_man2-beijing_edge4]",zhangjiako_man2~beijing_edge4
zhangjiako_man2,18,tianjin_cloud1,15,73,zhangjiako_man2-beijing_core1-tianjin_core1-tianjin_cloud1,"[zhangjiako_man2-beijing_core1],[beijing_core1-tianjin_core1],[tianjin_core1-tianjin_cloud1]",zhangjiako_man2~tianjin_cloud1
zhangjiako_man2,18,tianjin_cloud2,16,83,zhangjiako_man2-beijing_core1-tianjin_core1-tianjin_cloud2,"[zhangjiako_man2-beijing_core1],[beijing_core1-tianjin_core1],[tianjin_core1-tianjin_cloud2]",zhangjiako_man2~tianjin_cloud2
zhangjiako_man2,18,tianjin_edge1,17,83,zhangjiako_man2-beijing_core1-tianjin_core1-tianjin_man1-tianjin_edge1,"[zhangjiako_man2-beijing_core1],[beijing_core1-tianjin_core1],[tianjin_core1-tianjin_man1],[tianjin_man1-tianjin_edge1]",zhangjiako_man2~tianjin_edge1
zhangjiako_man2,18,tianjin_edge2,18,83,zhangjiako_man2-beijing_core1-tianjin_core1-tianjin_man2-tianjin_edge2,"[zhangjiako_man2-beijing_core1],[beijing_core1-tianjin_core1],[tianjin_core1-tianjin_man2],[tianjin_man2-tianjin_edge2]",zhangjiako_man2~tianjin_edge2
zhangjiako_man2,18,tianjin_edge3,19,88,zhangjiako_man2-beijing_core1-tianjin_core1-tianjin_man2-tianjin_edge3,"[zhangjiako_man2-beijing_core1],[beijing_core1-tianjin_core1],[tianjin_core1-tianjin_man2],[tianjin_man2-tianjin_edge3]",zhangjiako_man2~tianjin_edge3
zhangjiako_man2,18,tianjin_edge4,20,88,zhangjiako_man2-beijing_core1-tianjin_core1-tianjin_man2-tianjin_edge4,"[zhangjiako_man2-beijing_core1],[beijing_core1-tianjin_core1],[tianjin_core1-tianjin_man2],[tianjin_man2-tianjin_edge4]",zhangjiako_man2~tianjin_edge4
zhangjiako_man2,18,shijiangzhuang_cloud,24,93,zhangjiako_man2-shijiangzhuang_core-shijiangzhuang_cloud,"[zhangjiako_man2-shijiangzhuang_core],[shijiangzhuang_core-shijiangzhuang_cloud]",zhangjiako_man2~shijiangzhuang_cloud
zhangjiako_man2,18,baoding_cloud,36,138.2,zhangjiako_man2-shijiangzhuang_core-baoding_man2-baoding_cloud,"[zhangjiako_man2-shijiangzhuang_core],[shijiangzhuang_core-baoding_man2],[baoding_man2-baoding_cloud]",zhangjiako_man2~baoding_cloud
zhangjiako_man2,18,zhangjiako_cloud,39,11,zhangjiako_man2-zhangjiako_cloud,[zhangjiako_man2-zhangjiako_cloud],zhangjiako_man2~zhangjiako_cloud
zhangjiako_man2,18,shijiangzhuang_edge1,48,103,zhangjiako_man2-shijiangzhuang_core-shijiangzhuang_man1-shijiangzhuang_edge1,"[zhangjiako_man2-shijiangzhuang_core],[shijiangzhuang_core-shijiangzhuang_man1],[shijiangzhuang_man1-shijiangzhuang_edge1]",zhangjiako_man2~shijiangzhuang_edge1
zhangjiako_man2,18,shijiangzhuang_edge2,49,103,zhangjiako_man2-shijiangzhuang_core-shijiangzhuang_man2-shijiangzhuang_edge2,"[zhangjiako_man2-shijiangzhuang_core],[shijiangzhuang_core-shijiangzhuang_man2],[shijiangzhuang_man2-shijiangzhuang_edge2]",zhangjiako_man2~shijiangzhuang_edge2
zhangjiako_man2,18,tangshan_edge1,50,90.8,zhangjiako_man2-beijing_core1-tangshan_core-tangshan_man1-tangshan_edge1,"[zhangjiako_man2-beijing_core1],[beijing_core1-tangshan_core],[tangshan_core-tangshan_man1],[tangshan_man1-tangshan_edge1]",zhangjiako_man2~tangshan_edge1
zhangjiako_man2,18,tangshan_edge2,51,90.8,zhangjiako_man2-beijing_core1-tangshan_core-tangshan_man2-tangshan_edge2,"[zhangjiako_man2-beijing_core1],[beijing_core1-tangshan_core],[tangshan_core-tangshan_man2],[tangshan_man2-tangshan_edge2]",zhangjiako_man2~tangshan_edge2
zhangjiako_man2,18,qhd_edge1,52,115.9,zhangjiako_man2-beijing_core1-tangshan_core-qhd_man1-qhd_edge1,"[zhangjiako_man2-beijing_core1],[beijing_core1-tangshan_core],[tangshan_core-qhd_man1],[qhd_man1-qhd_edge1]",zhangjiako_man2~qhd_edge1
zhangjiako_man2,18,qhd_edge2,53,121.5,zhangjiako_man2-beijing_core1-tangshan_core-qhd_man2-qhd_edge2,"[zhangjiako_man2-beijing_core1],[beijing_core1-tangshan_core],[tangshan_core-qhd_man2],[qhd_man2-qhd_edge2]",zhangjiako_man2~qhd_edge2
zhangjiako_man2,18,handan_edge1,54,134,zhangjiako_man2-shijiangzhuang_core-handan_man1-handan_edge1,"[zhangjiako_man2-shijiangzhuang_core],[shijiangzhuang_core-handan_man1],[handan_man1-handan_edge1]",zhangjiako_man2~handan_edge1
zhangjiako_man2,18,handan_edge2,55,134,zhangjiako_man2-shijiangzhuang_core-handan_man2-handan_edge2,"[zhangjiako_man2-shijiangzhuang_core],[shijiangzhuang_core-handan_man2],[handan_man2-handan_edge2]",zhangjiako_man2~handan_edge2
zhangjiako_man2,18,xingtai_edge1,56,123,zhangjiako_man2-shijiangzhuang_core-xingtai_man1-xingtai_edge1,"[zhangjiako_man2-shijiangzhuang_core],[shijiangzhuang_core-xingtai_man1],[xingtai_man1-xingtai_edge1]",zhangjiako_man2~xingtai_edge1
zhangjiako_man2,18,xingtai_edge2,57,123,zhangjiako_man2-shijiangzhuang_core-xingtai_man2-xingtai_edge2,"[zhangjiako_man2-shijiangzhuang_core],[shijiangzhuang_core-xingtai_man2],[xingtai_man2-xingtai_edge2]",zhangjiako_man2~xingtai_edge2
zhangjiako_man2,18,baoding_edge1,58,128.2,zhangjiako_man2-shijiangzhuang_core-baoding_man1-baoding_edge1,"[zhangjiako_man2-shijiangzhuang_core],[shijiangzhuang_core-baoding_man1],[baoding_man1-baoding_edge1]",zhangjiako_man2~baoding_edge1
zhangjiako_man2,18,baoding_edge2,59,128.2,zhangjiako_man2-shijiangzhuang_core-baoding_man2-baoding_edge2,"[zhangjiako_man2-shijiangzhuang_core],[shijiangzhuang_core-baoding_man2],[baoding_man2-baoding_edge2]",zhangjiako_man2~baoding_edge2
zhangjiako_man2,18,zhangjiako_edge1,60,11,zhangjiako_man2-zhangjiako_edge1,[zhangjiako_man2-zhangjiako_edge1],zhangjiako_man2~zhangjiako_edge1
zhangjiako_man2,18,zhangjiako_edge2,61,1,zhangjiako_man2-zhangjiako_edge2,[zhangjiako_man2-zhangjiako_edge2],zhangjiako_man2~zhangjiako_edge2
zhangjiako_man2,18,chengde_edge1,62,103.2,zhangjiako_man2-beijing_core1-chengde_man1-chengde_edge1,"[zhangjiako_man2-beijing_core1],[beijing_core1-chengde_man1],[chengde_man1-chengde_edge1]",zhangjiako_man2~chengde_edge1
zhangjiako_man2,18,chengde_edge2,63,103.2,zhangjiako_man2-beijing_core2-chengde_man2-chengde_edge2,"[zhangjiako_man2-beijing_core2],[beijing_core2-chengde_man2],[chengde_man2-chengde_edge2]",zhangjiako_man2~chengde_edge2
zhangjiako_man2,18,cangzhou_edge1,64,100.8,zhangjiako_man2-beijing_core1-tianjin_core1-cangzhou_man1-cangzhou_edge1,"[zhangjiako_man2-beijing_core1],[beijing_core1-tianjin_core1],[tianjin_core1-cangzhou_man1],[cangzhou_man1-cangzhou_edge1]",zhangjiako_man2~cangzhou_edge1
zhangjiako_man2,18,cangzhou_edge2,65,100.8,zhangjiako_man2-beijing_core1-tianjin_core1-cangzhou_man2-cangzhou_edge2,"[zhangjiako_man2-beijing_core1],[beijing_core1-tianjin_core1],[tianjin_core1-cangzhou_man2],[cangzhou_man2-cangzhou_edge2]",zhangjiako_man2~cangzhou_edge2
zhangjiako_man2,18,langfang_edge1,66,62,zhangjiako_man2-beijing_core1-langfang_man1-langfang_edge1,"[zhangjiako_man2-beijing_core1],[beijing_core1-langfang_man1],[langfang_man1-langfang_edge1]",zhangjiako_man2~langfang_edge1
zhangjiako_man2,18,langfang_edge2,67,62,zhangjiako_man2-beijing_core1-langfang_man2-langfang_edge2,"[zhangjiako_man2-beijing_core1],[beijing_core1-langfang_man2],[langfang_man2-langfang_edge2]",zhangjiako_man2~langfang_edge2
zhangjiako_man2,18,hengshui_edge1,68,122.8,zhangjiako_man2-shijiangzhuang_core-hengshui_man1-hengshui_edge1,"[zhangjiako_man2-shijiangzhuang_core],[shijiangzhuang_core-hengshui_man1],[hengshui_man1-hengshui_edge1]",zhangjiako_man2~hengshui_edge1
zhangjiako_man2,18,hengshui_edge2,69,122.8,zhangjiako_man2-shijiangzhuang_core-hengshui_man2-hengshui_edge2,"[zhangjiako_man2-shijiangzhuang_core],[shijiangzhuang_core-hengshui_man2],[hengshui_man2-hengshui_edge2]",zhangjiako_man2~hengshui_edge2
chengde_man1,19,beijing_cloud1,5,55.9,chengde_man1-beijing_core1-beijing_cloud1,"[chengde_man1-beijing_core1],[beijing_core1-beijing_cloud1]",chengde_man1~beijing_cloud1
chengde_man1,19,beijing_cloud2,6,55.9,chengde_man1-beijing_core2-beijing_cloud2,"[chengde_man1-beijing_core2],[beijing_core2-beijing_cloud2]",chengde_man1~beijing_cloud2
chengde_man1,19,beijing_edge1,7,65.9,chengde_man1-beijing_core1-beijing_man1-beijing_edge1,"[chengde_man1-beijing_core1],[beijing_core1-beijing_man1],[beijing_man1-beijing_edge1]",chengde_man1~beijing_edge1
chengde_man1,19,beijing_edge2,8,65.9,chengde_man1-beijing_core1-beijing_man2-beijing_edge2,"[chengde_man1-beijing_core1],[beijing_core1-beijing_man2],[beijing_man2-beijing_edge2]",chengde_man1~beijing_edge2
chengde_man1,19,beijing_edge3,9,70.9,chengde_man1-beijing_core1-beijing_man2-beijing_edge3,"[chengde_man1-beijing_core1],[beijing_core1-beijing_man2],[beijing_man2-beijing_edge3]",chengde_man1~beijing_edge3
chengde_man1,19,beijing_edge4,10,70.9,chengde_man1-beijing_core1-beijing_man1-beijing_edge4,"[chengde_man1-beijing_core1],[beijing_core1-beijing_man1],[beijing_man1-beijing_edge4]",chengde_man1~beijing_edge4
chengde_man1,19,tianjin_cloud1,15,68.2,chengde_man1-tangshan_core-tianjin_core1-tianjin_cloud1,"[chengde_man1-tangshan_core],[tangshan_core-tianjin_core1],[tianjin_core1-tianjin_cloud1]",chengde_man1~tianjin_cloud1
chengde_man1,19,tianjin_cloud2,16,72.9,chengde_man1-tangshan_core-tianjin_core2-tianjin_cloud2,"[chengde_man1-tangshan_core],[tangshan_core-tianjin_core2],[tianjin_core2-tianjin_cloud2]",chengde_man1~tianjin_cloud2
chengde_man1,19,tianjin_edge1,17,78.2,chengde_man1-tangshan_core-tianjin_core1-tianjin_man1-tianjin_edge1,"[chengde_man1-tangshan_core],[tangshan_core-tianjin_core1],[tianjin_core1-tianjin_man1],[tianjin_man1-tianjin_edge1]",chengde_man1~tianjin_edge1
chengde_man1,19,tianjin_edge2,18,78.2,chengde_man1-tangshan_core-tianjin_core1-tianjin_man2-tianjin_edge2,"[chengde_man1-tangshan_core],[tangshan_core-tianjin_core1],[tianjin_core1-tianjin_man2],[tianjin_man2-tianjin_edge2]",chengde_man1~tianjin_edge2
chengde_man1,19,tianjin_edge3,19,83.2,chengde_man1-tangshan_core-tianjin_core1-tianjin_man1-tianjin_edge3,"[chengde_man1-tangshan_core],[tangshan_core-tianjin_core1],[tianjin_core1-tianjin_man1],[tianjin_man1-tianjin_edge3]",chengde_man1~tianjin_edge3
chengde_man1,19,tianjin_edge4,20,83.2,chengde_man1-tangshan_core-tianjin_core1-tianjin_man1-tianjin_edge4,"[chengde_man1-tangshan_core],[tangshan_core-tianjin_core1],[tianjin_core1-tianjin_man1],[tianjin_man1-tianjin_edge4]",chengde_man1~tianjin_edge4
chengde_man1,19,shijiangzhuang_cloud,24,115.8,chengde_man1-beijing_core2-shijiangzhuang_core-shijiangzhuang_cloud,"[chengde_man1-beijing_core2],[beijing_core2-shijiangzhuang_core],[shijiangzhuang_core-shijiangzhuang_cloud]",chengde_man1~shijiangzhuang_cloud
chengde_man1,19,baoding_cloud,36,118.1,chengde_man1-tangshan_core-baoding_man2-baoding_cloud,"[chengde_man1-tangshan_core],[tangshan_core-baoding_man2],[baoding_man2-baoding_cloud]",chengde_man1~baoding_cloud
chengde_man1,19,zhangjiako_cloud,39,113.2,chengde_man1-beijing_core1-zhangjiako_man1-zhangjiako_cloud,"[chengde_man1-beijing_core1],[beijing_core1-zhangjiako_man1],[zhangjiako_man1-zhangjiako_cloud]",chengde_man1~zhangjiako_cloud
chengde_man1,19,shijiangzhuang_edge1,48,125.8,chengde_man1-beijing_core2-shijiangzhuang_core-shijiangzhuang_man1-shijiangzhuang_edge1,"[chengde_man1-beijing_core2],[beijing_core2-shijiangzhuang_core],[shijiangzhuang_core-shijiangzhuang_man1],[shijiangzhuang_man1-shijiangzhuang_edge1]",chengde_man1~shijiangzhuang_edge1
chengde_man1,19,shijiangzhuang_edge2,49,125.8,chengde_man1-beijing_core2-shijiangzhuang_core-shijiangzhuang_man2-shijiangzhuang_edge2,"[chengde_man1-beijing_core2],[beijing_core2-shijiangzhuang_core],[shijiangzhuang_core-shijiangzhuang_man2],[shijiangzhuang_man2-shijiangzhuang_edge2]",chengde_man1~shijiangzhuang_edge2
chengde_man1,19,tangshan_edge1,50,58.2,chengde_man1-tangshan_core-tangshan_man1-tangshan_edge1,"[chengde_man1-tangshan_core],[tangshan_core-tangshan_man1],[tangshan_man1-tangshan_edge1]",chengde_man1~tangshan_edge1
chengde_man1,19,tangshan_edge2,51,58.2,chengde_man1-tangshan_core-tangshan_man2-tangshan_edge2,"[chengde_man1-tangshan_core],[tangshan_core-tangshan_man2],[tangshan_man2-tangshan_edge2]",chengde_man1~tangshan_edge2
chengde_man1,19,qhd_edge1,52,83.2,chengde_man1-tangshan_core-qhd_man1-qhd_edge1,"[chengde_man1-tangshan_core],[tangshan_core-qhd_man1],[qhd_man1-qhd_edge1]",chengde_man1~qhd_edge1
chengde_man1,19,qhd_edge2,53,88.9,chengde_man1-tangshan_core-qhd_man2-qhd_edge2,"[chengde_man1-tangshan_core],[tangshan_core-qhd_man2],[qhd_man2-qhd_edge2]",chengde_man1~qhd_edge2
chengde_man1,19,handan_edge1,54,156.8,chengde_man1-beijing_core2-shijiangzhuang_core-handan_man1-handan_edge1,"[chengde_man1-beijing_core2],[beijing_core2-shijiangzhuang_core],[shijiangzhuang_core-handan_man1],[handan_man1-handan_edge1]",chengde_man1~handan_edge1
chengde_man1,19,handan_edge2,55,156.8,chengde_man1-beijing_core2-shijiangzhuang_core-handan_man2-handan_edge2,"[chengde_man1-beijing_core2],[beijing_core2-shijiangzhuang_core],[shijiangzhuang_core-handan_man2],[handan_man2-handan_edge2]",chengde_man1~handan_edge2
chengde_man1,19,xingtai_edge1,56,145.8,chengde_man1-beijing_core2-shijiangzhuang_core-xingtai_man1-xingtai_edge1,"[chengde_man1-beijing_core2],[beijing_core2-shijiangzhuang_core],[shijiangzhuang_core-xingtai_man1],[xingtai_man1-xingtai_edge1]",chengde_man1~xingtai_edge1
chengde_man1,19,xingtai_edge2,57,145.8,chengde_man1-beijing_core2-shijiangzhuang_core-xingtai_man2-xingtai_edge2,"[chengde_man1-beijing_core2],[beijing_core2-shijiangzhuang_core],[shijiangzhuang_core-xingtai_man2],[xingtai_man2-xingtai_edge2]",chengde_man1~xingtai_edge2
chengde_man1,19,baoding_edge1,58,118.1,chengde_man1-tangshan_core-baoding_man2-baoding_edge1,"[chengde_man1-tangshan_core],[tangshan_core-baoding_man2],[baoding_man2-baoding_edge1]",chengde_man1~baoding_edge1
chengde_man1,19,baoding_edge2,59,108.1,chengde_man1-tangshan_core-baoding_man2-baoding_edge2,"[chengde_man1-tangshan_core],[tangshan_core-baoding_man2],[baoding_man2-baoding_edge2]",chengde_man1~baoding_edge2
chengde_man1,19,zhangjiako_edge1,60,103.2,chengde_man1-beijing_core1-zhangjiako_man1-zhangjiako_edge1,"[chengde_man1-beijing_core1],[beijing_core1-zhangjiako_man1],[zhangjiako_man1-zhangjiako_edge1]",chengde_man1~zhangjiako_edge1
chengde_man1,19,zhangjiako_edge2,61,103.2,chengde_man1-beijing_core2-zhangjiako_man2-zhangjiako_edge2,"[chengde_man1-beijing_core2],[beijing_core2-zhangjiako_man2],[zhangjiako_man2-zhangjiako_edge2]",chengde_man1~zhangjiako_edge2
chengde_man1,19,chengde_edge1,62,1,chengde_man1-chengde_edge1,[chengde_man1-chengde_edge1],chengde_man1~chengde_edge1
chengde_man1,19,chengde_edge2,63,11,chengde_man1-chengde_edge2,[chengde_man1-chengde_edge2],chengde_man1~chengde_edge2
chengde_man1,19,cangzhou_edge1,64,96,chengde_man1-tangshan_core-tianjin_core1-cangzhou_man1-cangzhou_edge1,"[chengde_man1-tangshan_core],[tangshan_core-tianjin_core1],[tianjin_core1-cangzhou_man1],[cangzhou_man1-cangzhou_edge1]",chengde_man1~cangzhou_edge1
chengde_man1,19,cangzhou_edge2,65,96,chengde_man1-tangshan_core-tianjin_core1-cangzhou_man2-cangzhou_edge2,"[chengde_man1-tangshan_core],[tangshan_core-tianjin_core1],[tianjin_core1-cangzhou_man2],[cangzhou_man2-cangzhou_edge2]",chengde_man1~cangzhou_edge2
chengde_man1,19,langfang_edge1,66,69.6,chengde_man1-beijing_core2-langfang_man1-langfang_edge1,"[chengde_man1-beijing_core2],[beijing_core2-langfang_man1],[langfang_man1-langfang_edge1]",chengde_man1~langfang_edge1
chengde_man1,19,langfang_edge2,67,69.6,chengde_man1-beijing_core2-langfang_man2-langfang_edge2,"[chengde_man1-beijing_core2],[beijing_core2-langfang_man2],[langfang_man2-langfang_edge2]",chengde_man1~langfang_edge2
chengde_man1,19,hengshui_edge1,68,143.4,chengde_man1-tangshan_core-hengshui_man2-hengshui_edge1,"[chengde_man1-tangshan_core],[tangshan_core-hengshui_man2],[hengshui_man2-hengshui_edge1]",chengde_man1~hengshui_edge1
chengde_man1,19,hengshui_edge2,69,133.4,chengde_man1-tangshan_core-hengshui_man2-hengshui_edge2,"[chengde_man1-tangshan_core],[tangshan_core-hengshui_man2],[hengshui_man2-hengshui_edge2]",chengde_man1~hengshui_edge2
chengde_man2,20,beijing_cloud1,5,55.9,chengde_man2-beijing_core1-beijing_cloud1,"[chengde_man2-beijing_core1],[beijing_core1-beijing_cloud1]",chengde_man2~beijing_cloud1
chengde_man2,20,beijing_cloud2,6,55.9,chengde_man2-beijing_core2-beijing_cloud2,"[chengde_man2-beijing_core2],[beijing_core2-beijing_cloud2]",chengde_man2~beijing_cloud2
chengde_man2,20,beijing_edge1,7,65.9,chengde_man2-beijing_core2-beijing_man1-beijing_edge1,"[chengde_man2-beijing_core2],[beijing_core2-beijing_man1],[beijing_man1-beijing_edge1]",chengde_man2~beijing_edge1
chengde_man2,20,beijing_edge2,8,65.9,chengde_man2-beijing_core1-beijing_man2-beijing_edge2,"[chengde_man2-beijing_core1],[beijing_core1-beijing_man2],[beijing_man2-beijing_edge2]",chengde_man2~beijing_edge2
chengde_man2,20,beijing_edge3,9,70.9,chengde_man2-beijing_core1-beijing_man2-beijing_edge3,"[chengde_man2-beijing_core1],[beijing_core1-beijing_man2],[beijing_man2-beijing_edge3]",chengde_man2~beijing_edge3
chengde_man2,20,beijing_edge4,10,70.9,chengde_man2-beijing_core1-beijing_man2-beijing_edge4,"[chengde_man2-beijing_core1],[beijing_core1-beijing_man2],[beijing_man2-beijing_edge4]",chengde_man2~beijing_edge4
chengde_man2,20,tianjin_cloud1,15,72.1,chengde_man2-tangshan_core-tianjin_core1-tianjin_cloud1,"[chengde_man2-tangshan_core],[tangshan_core-tianjin_core1],[tianjin_core1-tianjin_cloud1]",chengde_man2~tianjin_cloud1
chengde_man2,20,tianjin_cloud2,16,76.8,chengde_man2-tangshan_core-tianjin_core2-tianjin_cloud2,"[chengde_man2-tangshan_core],[tangshan_core-tianjin_core2],[tianjin_core2-tianjin_cloud2]",chengde_man2~tianjin_cloud2
chengde_man2,20,tianjin_edge1,17,82.1,chengde_man2-tangshan_core-tianjin_core1-tianjin_man1-tianjin_edge1,"[chengde_man2-tangshan_core],[tangshan_core-tianjin_core1],[tianjin_core1-tianjin_man1],[tianjin_man1-tianjin_edge1]",chengde_man2~tianjin_edge1
chengde_man2,20,tianjin_edge2,18,82.1,chengde_man2-tangshan_core-tianjin_core1-tianjin_man2-tianjin_edge2,"[chengde_man2-tangshan_core],[tangshan_core-tianjin_core1],[tianjin_core1-tianjin_man2],[tianjin_man2-tianjin_edge2]",chengde_man2~tianjin_edge2
chengde_man2,20,tianjin_edge3,19,87.1,chengde_man2-tangshan_core-tianjin_core1-tianjin_man1-tianjin_edge3,"[chengde_man2-tangshan_core],[tangshan_core-tianjin_core1],[tianjin_core1-tianjin_man1],[tianjin_man1-tianjin_edge3]",chengde_man2~tianjin_edge3
chengde_man2,20,tianjin_edge4,20,87.1,chengde_man2-tangshan_core-tianjin_core1-tianjin_man1-tianjin_edge4,"[chengde_man2-tangshan_core],[tangshan_core-tianjin_core1],[tianjin_core1-tianjin_man1],[tianjin_man1-tianjin_edge4]",chengde_man2~tianjin_edge4
chengde_man2,20,shijiangzhuang_cloud,24,115.8,chengde_man2-beijing_core2-shijiangzhuang_core-shijiangzhuang_cloud,"[chengde_man2-beijing_core2],[beijing_core2-shijiangzhuang_core],[shijiangzhuang_core-shijiangzhuang_cloud]",chengde_man2~shijiangzhuang_cloud
chengde_man2,20,baoding_cloud,36,122,chengde_man2-tangshan_core-baoding_man2-baoding_cloud,"[chengde_man2-tangshan_core],[tangshan_core-baoding_man2],[baoding_man2-baoding_cloud]",chengde_man2~baoding_cloud
chengde_man2,20,zhangjiako_cloud,39,113.2,chengde_man2-beijing_core1-zhangjiako_man1-zhangjiako_cloud,"[chengde_man2-beijing_core1],[beijing_core1-zhangjiako_man1],[zhangjiako_man1-zhangjiako_cloud]",chengde_man2~zhangjiako_cloud
chengde_man2,20,shijiangzhuang_edge1,48,125.8,chengde_man2-beijing_core2-shijiangzhuang_core-shijiangzhuang_man1-shijiangzhuang_edge1,"[chengde_man2-beijing_core2],[beijing_core2-shijiangzhuang_core],[shijiangzhuang_core-shijiangzhuang_man1],[shijiangzhuang_man1-shijiangzhuang_edge1]",chengde_man2~shijiangzhuang_edge1
chengde_man2,20,shijiangzhuang_edge2,49,125.8,chengde_man2-beijing_core2-shijiangzhuang_core-shijiangzhuang_man2-shijiangzhuang_edge2,"[chengde_man2-beijing_core2],[beijing_core2-shijiangzhuang_core],[shijiangzhuang_core-shijiangzhuang_man2],[shijiangzhuang_man2-shijiangzhuang_edge2]",chengde_man2~shijiangzhuang_edge2
chengde_man2,20,tangshan_edge1,50,62.1,chengde_man2-tangshan_core-tangshan_man1-tangshan_edge1,"[chengde_man2-tangshan_core],[tangshan_core-tangshan_man1],[tangshan_man1-tangshan_edge1]",chengde_man2~tangshan_edge1
chengde_man2,20,tangshan_edge2,51,62.1,chengde_man2-tangshan_core-tangshan_man2-tangshan_edge2,"[chengde_man2-tangshan_core],[tangshan_core-tangshan_man2],[tangshan_man2-tangshan_edge2]",chengde_man2~tangshan_edge2
chengde_man2,20,qhd_edge1,52,87.1,chengde_man2-tangshan_core-qhd_man1-qhd_edge1,"[chengde_man2-tangshan_core],[tangshan_core-qhd_man1],[qhd_man1-qhd_edge1]",chengde_man2~qhd_edge1
chengde_man2,20,qhd_edge2,53,92.8,chengde_man2-tangshan_core-qhd_man2-qhd_edge2,"[chengde_man2-tangshan_core],[tangshan_core-qhd_man2],[qhd_man2-qhd_edge2]",chengde_man2~qhd_edge2
chengde_man2,20,handan_edge1,54,156.8,chengde_man2-beijing_core2-shijiangzhuang_core-handan_man1-handan_edge1,"[chengde_man2-beijing_core2],[beijing_core2-shijiangzhuang_core],[shijiangzhuang_core-handan_man1],[handan_man1-handan_edge1]",chengde_man2~handan_edge1
chengde_man2,20,handan_edge2,55,156.8,chengde_man2-beijing_core2-shijiangzhuang_core-handan_man2-handan_edge2,"[chengde_man2-beijing_core2],[beijing_core2-shijiangzhuang_core],[shijiangzhuang_core-handan_man2],[handan_man2-handan_edge2]",chengde_man2~handan_edge2
chengde_man2,20,xingtai_edge1,56,145.8,chengde_man2-beijing_core2-shijiangzhuang_core-xingtai_man1-xingtai_edge1,"[chengde_man2-beijing_core2],[beijing_core2-shijiangzhuang_core],[shijiangzhuang_core-xingtai_man1],[xingtai_man1-xingtai_edge1]",chengde_man2~xingtai_edge1
chengde_man2,20,xingtai_edge2,57,145.8,chengde_man2-beijing_core2-shijiangzhuang_core-xingtai_man2-xingtai_edge2,"[chengde_man2-beijing_core2],[beijing_core2-shijiangzhuang_core],[shijiangzhuang_core-xingtai_man2],[xingtai_man2-xingtai_edge2]",chengde_man2~xingtai_edge2
chengde_man2,20,baoding_edge1,58,122,chengde_man2-tangshan_core-baoding_man2-baoding_edge1,"[chengde_man2-tangshan_core],[tangshan_core-baoding_man2],[baoding_man2-baoding_edge1]",chengde_man2~baoding_edge1
chengde_man2,20,baoding_edge2,59,112,chengde_man2-tangshan_core-baoding_man2-baoding_edge2,"[chengde_man2-tangshan_core],[tangshan_core-baoding_man2],[baoding_man2-baoding_edge2]",chengde_man2~baoding_edge2
chengde_man2,20,zhangjiako_edge1,60,103.2,chengde_man2-beijing_core1-zhangjiako_man1-zhangjiako_edge1,"[chengde_man2-beijing_core1],[beijing_core1-zhangjiako_man1],[zhangjiako_man1-zhangjiako_edge1]",chengde_man2~zhangjiako_edge1
chengde_man2,20,zhangjiako_edge2,61,103.2,chengde_man2-beijing_core1-zhangjiako_man2-zhangjiako_edge2,"[chengde_man2-beijing_core1],[beijing_core1-zhangjiako_man2],[zhangjiako_man2-zhangjiako_edge2]",chengde_man2~zhangjiako_edge2
chengde_man2,20,chengde_edge1,62,11,chengde_man2-chengde_edge1,[chengde_man2-chengde_edge1],chengde_man2~chengde_edge1
chengde_man2,20,chengde_edge2,63,1,chengde_man2-chengde_edge2,[chengde_man2-chengde_edge2],chengde_man2~chengde_edge2
chengde_man2,20,cangzhou_edge1,64,99.9,chengde_man2-tangshan_core-tianjin_core1-cangzhou_man1-cangzhou_edge1,"[chengde_man2-tangshan_core],[tangshan_core-tianjin_core1],[tianjin_core1-cangzhou_man1],[cangzhou_man1-cangzhou_edge1]",chengde_man2~cangzhou_edge1
chengde_man2,20,cangzhou_edge2,65,99.9,chengde_man2-tangshan_core-tianjin_core1-cangzhou_man2-cangzhou_edge2,"[chengde_man2-tangshan_core],[tangshan_core-tianjin_core1],[tianjin_core1-cangzhou_man2],[cangzhou_man2-cangzhou_edge2]",chengde_man2~cangzhou_edge2
chengde_man2,20,langfang_edge1,66,69.6,chengde_man2-beijing_core1-langfang_man1-langfang_edge1,"[chengde_man2-beijing_core1],[beijing_core1-langfang_man1],[langfang_man1-langfang_edge1]",chengde_man2~langfang_edge1
chengde_man2,20,langfang_edge2,67,69.6,chengde_man2-beijing_core2-langfang_man2-langfang_edge2,"[chengde_man2-beijing_core2],[beijing_core2-langfang_man2],[langfang_man2-langfang_edge2]",chengde_man2~langfang_edge2
chengde_man2,20,hengshui_edge1,68,145.6,chengde_man2-beijing_core2-shijiangzhuang_core-hengshui_man1-hengshui_edge1,"[chengde_man2-beijing_core2],[beijing_core2-shijiangzhuang_core],[shijiangzhuang_core-hengshui_man1],[hengshui_man1-hengshui_edge1]",chengde_man2~hengshui_edge1
chengde_man2,20,hengshui_edge2,69,137.3,chengde_man2-tangshan_core-hengshui_man2-hengshui_edge2,"[chengde_man2-tangshan_core],[tangshan_core-hengshui_man2],[hengshui_man2-hengshui_edge2]",chengde_man2~hengshui_edge2
cangzhou_man1,21,beijing_cloud1,5,53.4,cangzhou_man1-tianjin_core1-beijing_core1-beijing_cloud1,"[cangzhou_man1-tianjin_core1],[tianjin_core1-beijing_core1],[beijing_core1-beijing_cloud1]",cangzhou_man1~beijing_cloud1
cangzhou_man1,21,beijing_cloud2,6,57.5,cangzhou_man1-tianjin_core1-beijing_core2-beijing_cloud2,"[cangzhou_man1-tianjin_core1],[tianjin_core1-beijing_core2],[beijing_core2-beijing_cloud2]",cangzhou_man1~beijing_cloud2
cangzhou_man1,21,beijing_edge1,7,63.4,cangzhou_man1-tianjin_core1-beijing_core1-beijing_man1-beijing_edge1,"[cangzhou_man1-tianjin_core1],[tianjin_core1-beijing_core1],[beijing_core1-beijing_man1],[beijing_man1-beijing_edge1]",cangzhou_man1~beijing_edge1
cangzhou_man1,21,beijing_edge2,8,63.4,cangzhou_man1-tianjin_core1-beijing_core1-beijing_man2-beijing_edge2,"[cangzhou_man1-tianjin_core1],[tianjin_core1-beijing_core1],[beijing_core1-beijing_man2],[beijing_man2-beijing_edge2]",cangzhou_man1~beijing_edge2
cangzhou_man1,21,beijing_edge3,9,68.4,cangzhou_man1-tianjin_core1-beijing_core1-beijing_man2-beijing_edge3,"[cangzhou_man1-tianjin_core1],[tianjin_core1-beijing_core1],[beijing_core1-beijing_man2],[beijing_man2-beijing_edge3]",cangzhou_man1~beijing_edge3
cangzhou_man1,21,beijing_edge4,10,68.4,cangzhou_man1-tianjin_core1-beijing_core1-beijing_man2-beijing_edge4,"[cangzhou_man1-tianjin_core1],[tianjin_core1-beijing_core1],[beijing_core1-beijing_man2],[beijing_man2-beijing_edge4]",cangzhou_man1~beijing_edge4
cangzhou_man1,21,tianjin_cloud1,15,28.8,cangzhou_man1-tianjin_core1-tianjin_cloud1,"[cangzhou_man1-tianjin_core1],[tianjin_core1-tianjin_cloud1]",cangzhou_man1~tianjin_cloud1
cangzhou_man1,21,tianjin_cloud2,16,28.8,cangzhou_man1-tianjin_core2-tianjin_cloud2,"[cangzhou_man1-tianjin_core2],[tianjin_core2-tianjin_cloud2]",cangzhou_man1~tianjin_cloud2
cangzhou_man1,21,tianjin_edge1,17,38.8,cangzhou_man1-tianjin_core1-tianjin_man1-tianjin_edge1,"[cangzhou_man1-tianjin_core1],[tianjin_core1-tianjin_man1],[tianjin_man1-tianjin_edge1]",cangzhou_man1~tianjin_edge1
cangzhou_man1,21,tianjin_edge2,18,38.8,cangzhou_man1-tianjin_core1-tianjin_man2-tianjin_edge2,"[cangzhou_man1-tianjin_core1],[tianjin_core1-tianjin_man2],[tianjin_man2-tianjin_edge2]",cangzhou_man1~tianjin_edge2
cangzhou_man1,21,tianjin_edge3,19,43.8,cangzhou_man1-tianjin_core1-tianjin_man1-tianjin_edge3,"[cangzhou_man1-tianjin_core1],[tianjin_core1-tianjin_man1],[tianjin_man1-tianjin_edge3]",cangzhou_man1~tianjin_edge3
cangzhou_man1,21,tianjin_edge4,20,43.8,cangzhou_man1-tianjin_core1-tianjin_man1-tianjin_edge4,"[cangzhou_man1-tianjin_core1],[tianjin_core1-tianjin_man1],[tianjin_man1-tianjin_edge4]",cangzhou_man1~tianjin_edge4
cangzhou_man1,21,shijiangzhuang_cloud,24,56.7,cangzhou_man1-shijiangzhuang_core-shijiangzhuang_cloud,"[cangzhou_man1-shijiangzhuang_core],[shijiangzhuang_core-shijiangzhuang_cloud]",cangzhou_man1~shijiangzhuang_cloud
cangzhou_man1,21,baoding_cloud,36,101.8,cangzhou_man1-shijiangzhuang_core-baoding_man1-baoding_cloud,"[cangzhou_man1-shijiangzhuang_core],[shijiangzhuang_core-baoding_man1],[baoding_man1-baoding_cloud]",cangzhou_man1~baoding_cloud
cangzhou_man1,21,zhangjiako_cloud,39,110.8,cangzhou_man1-tianjin_core1-beijing_core1-zhangjiako_man1-zhangjiako_cloud,"[cangzhou_man1-tianjin_core1],[tianjin_core1-beijing_core1],[beijing_core1-zhangjiako_man1],[zhangjiako_man1-zhangjiako_cloud]",cangzhou_man1~zhangjiako_cloud
cangzhou_man1,21,shijiangzhuang_edge1,48,66.7,cangzhou_man1-shijiangzhuang_core-shijiangzhuang_man1-shijiangzhuang_edge1,"[cangzhou_man1-shijiangzhuang_core],[shijiangzhuang_core-shijiangzhuang_man1],[shijiangzhuang_man1-shijiangzhuang_edge1]",cangzhou_man1~shijiangzhuang_edge1
cangzhou_man1,21,shijiangzhuang_edge2,49,66.7,cangzhou_man1-shijiangzhuang_core-shijiangzhuang_man2-shijiangzhuang_edge2,"[cangzhou_man1-shijiangzhuang_core],[shijiangzhuang_core-shijiangzhuang_man2],[shijiangzhuang_man2-shijiangzhuang_edge2]",cangzhou_man1~shijiangzhuang_edge2
cangzhou_man1,21,tangshan_edge1,50,58.8,cangzhou_man1-tianjin_core1-tangshan_core-tangshan_man1-tangshan_edge1,"[cangzhou_man1-tianjin_core1],[tianjin_core1-tangshan_core],[tangshan_core-tangshan_man1],[tangshan_man1-tangshan_edge1]",cangzhou_man1~tangshan_edge1
cangzhou_man1,21,tangshan_edge2,51,58.8,cangzhou_man1-tianjin_core1-tangshan_core-tangshan_man2-tangshan_edge2,"[cangzhou_man1-tianjin_core1],[tianjin_core1-tangshan_core],[tangshan_core-tangshan_man2],[tangshan_man2-tangshan_edge2]",cangzhou_man1~tangshan_edge2
cangzhou_man1,21,qhd_edge1,52,83.8,cangzhou_man1-tianjin_core1-tangshan_core-qhd_man1-qhd_edge1,"[cangzhou_man1-tianjin_core1],[tianjin_core1-tangshan_core],[tangshan_core-qhd_man1],[qhd_man1-qhd_edge1]",cangzhou_man1~qhd_edge1
cangzhou_man1,21,qhd_edge2,53,89.5,cangzhou_man1-tianjin_core1-tangshan_core-qhd_man2-qhd_edge2,"[cangzhou_man1-tianjin_core1],[tianjin_core1-tangshan_core],[tangshan_core-qhd_man2],[qhd_man2-qhd_edge2]",cangzhou_man1~qhd_edge2
cangzhou_man1,21,handan_edge1,54,97.7,cangzhou_man1-shijiangzhuang_core-handan_man1-handan_edge1,"[cangzhou_man1-shijiangzhuang_core],[shijiangzhuang_core-handan_man1],[handan_man1-handan_edge1]",cangzhou_man1~handan_edge1
cangzhou_man1,21,handan_edge2,55,97.7,cangzhou_man1-shijiangzhuang_core-handan_man2-handan_edge2,"[cangzhou_man1-shijiangzhuang_core],[shijiangzhuang_core-handan_man2],[handan_man2-handan_edge2]",cangzhou_man1~handan_edge2
cangzhou_man1,21,xingtai_edge1,56,86.7,cangzhou_man1-shijiangzhuang_core-xingtai_man1-xingtai_edge1,"[cangzhou_man1-shijiangzhuang_core],[shijiangzhuang_core-xingtai_man1],[xingtai_man1-xingtai_edge1]",cangzhou_man1~xingtai_edge1
cangzhou_man1,21,xingtai_edge2,57,86.7,cangzhou_man1-shijiangzhuang_core-xingtai_man2-xingtai_edge2,"[cangzhou_man1-shijiangzhuang_core],[shijiangzhuang_core-xingtai_man2],[xingtai_man2-xingtai_edge2]",cangzhou_man1~xingtai_edge2
cangzhou_man1,21,baoding_edge1,58,91.8,cangzhou_man1-shijiangzhuang_core-baoding_man1-baoding_edge1,"[cangzhou_man1-shijiangzhuang_core],[shijiangzhuang_core-baoding_man1],[baoding_man1-baoding_edge1]",cangzhou_man1~baoding_edge1
cangzhou_man1,21,baoding_edge2,59,91.8,cangzhou_man1-shijiangzhuang_core-baoding_man2-baoding_edge2,"[cangzhou_man1-shijiangzhuang_core],[shijiangzhuang_core-baoding_man2],[baoding_man2-baoding_edge2]",cangzhou_man1~baoding_edge2
cangzhou_man1,21,zhangjiako_edge1,60,100.8,cangzhou_man1-tianjin_core1-beijing_core1-zhangjiako_man1-zhangjiako_edge1,"[cangzhou_man1-tianjin_core1],[tianjin_core1-beijing_core1],[beijing_core1-zhangjiako_man1],[zhangjiako_man1-zhangjiako_edge1]",cangzhou_man1~zhangjiako_edge1
cangzhou_man1,21,zhangjiako_edge2,61,100.8,cangzhou_man1-tianjin_core1-beijing_core1-zhangjiako_man2-zhangjiako_edge2,"[cangzhou_man1-tianjin_core1],[tianjin_core1-beijing_core1],[beijing_core1-zhangjiako_man2],[zhangjiako_man2-zhangjiako_edge2]",cangzhou_man1~zhangjiako_edge2
cangzhou_man1,21,chengde_edge1,62,96,cangzhou_man1-tianjin_core1-tangshan_core-chengde_man1-chengde_edge1,"[cangzhou_man1-tianjin_core1],[tianjin_core1-tangshan_core],[tangshan_core-chengde_man1],[chengde_man1-chengde_edge1]",cangzhou_man1~chengde_edge1
cangzhou_man1,21,chengde_edge2,63,99.9,cangzhou_man1-tianjin_core1-tangshan_core-chengde_man2-chengde_edge2,"[cangzhou_man1-tianjin_core1],[tianjin_core1-tangshan_core],[tangshan_core-chengde_man2],[chengde_man2-chengde_edge2]",cangzhou_man1~chengde_edge2
cangzhou_man1,21,cangzhou_edge1,64,1,cangzhou_man1-cangzhou_edge1,[cangzhou_man1-cangzhou_edge1],cangzhou_man1~cangzhou_edge1
cangzhou_man1,21,cangzhou_edge2,65,11,cangzhou_man1-cangzhou_edge2,[cangzhou_man1-cangzhou_edge2],cangzhou_man1~cangzhou_edge2
cangzhou_man1,21,langfang_edge1,66,67.1,cangzhou_man1-tianjin_core1-beijing_core1-langfang_man1-langfang_edge1,"[cangzhou_man1-tianjin_core1],[tianjin_core1-beijing_core1],[beijing_core1-langfang_man1],[langfang_man1-langfang_edge1]",cangzhou_man1~langfang_edge1
cangzhou_man1,21,langfang_edge2,67,67.1,cangzhou_man1-tianjin_core1-beijing_core1-langfang_man2-langfang_edge2,"[cangzhou_man1-tianjin_core1],[tianjin_core1-beijing_core1],[beijing_core1-langfang_man2],[langfang_man2-langfang_edge2]",cangzhou_man1~langfang_edge2
cangzhou_man1,21,hengshui_edge1,68,86.4,cangzhou_man1-shijiangzhuang_core-hengshui_man1-hengshui_edge1,"[cangzhou_man1-shijiangzhuang_core],[shijiangzhuang_core-hengshui_man1],[hengshui_man1-hengshui_edge1]",cangzhou_man1~hengshui_edge1
cangzhou_man1,21,hengshui_edge2,69,86.4,cangzhou_man1-shijiangzhuang_core-hengshui_man2-hengshui_edge2,"[cangzhou_man1-shijiangzhuang_core],[shijiangzhuang_core-hengshui_man2],[hengshui_man2-hengshui_edge2]",cangzhou_man1~hengshui_edge2
cangzhou_man2,22,beijing_cloud1,5,53.4,cangzhou_man2-tianjin_core1-beijing_core1-beijing_cloud1,"[cangzhou_man2-tianjin_core1],[tianjin_core1-beijing_core1],[beijing_core1-beijing_cloud1]",cangzhou_man2~beijing_cloud1
cangzhou_man2,22,beijing_cloud2,6,57.5,cangzhou_man2-tianjin_core1-beijing_core2-beijing_cloud2,"[cangzhou_man2-tianjin_core1],[tianjin_core1-beijing_core2],[beijing_core2-beijing_cloud2]",cangzhou_man2~beijing_cloud2
cangzhou_man2,22,beijing_edge1,7,63.4,cangzhou_man2-tianjin_core1-beijing_core1-beijing_man1-beijing_edge1,"[cangzhou_man2-tianjin_core1],[tianjin_core1-beijing_core1],[beijing_core1-beijing_man1],[beijing_man1-beijing_edge1]",cangzhou_man2~beijing_edge1
cangzhou_man2,22,beijing_edge2,8,63.4,cangzhou_man2-tianjin_core1-beijing_core1-beijing_man2-beijing_edge2,"[cangzhou_man2-tianjin_core1],[tianjin_core1-beijing_core1],[beijing_core1-beijing_man2],[beijing_man2-beijing_edge2]",cangzhou_man2~beijing_edge2
cangzhou_man2,22,beijing_edge3,9,68.4,cangzhou_man2-tianjin_core1-beijing_core1-beijing_man2-beijing_edge3,"[cangzhou_man2-tianjin_core1],[tianjin_core1-beijing_core1],[beijing_core1-beijing_man2],[beijing_man2-beijing_edge3]",cangzhou_man2~beijing_edge3
cangzhou_man2,22,beijing_edge4,10,68.4,cangzhou_man2-tianjin_core1-beijing_core1-beijing_man2-beijing_edge4,"[cangzhou_man2-tianjin_core1],[tianjin_core1-beijing_core1],[beijing_core1-beijing_man2],[beijing_man2-beijing_edge4]",cangzhou_man2~beijing_edge4
cangzhou_man2,22,tianjin_cloud1,15,28.8,cangzhou_man2-tianjin_core1-tianjin_cloud1,"[cangzhou_man2-tianjin_core1],[tianjin_core1-tianjin_cloud1]",cangzhou_man2~tianjin_cloud1
cangzhou_man2,22,tianjin_cloud2,16,28.8,cangzhou_man2-tianjin_core2-tianjin_cloud2,"[cangzhou_man2-tianjin_core2],[tianjin_core2-tianjin_cloud2]",cangzhou_man2~tianjin_cloud2
cangzhou_man2,22,tianjin_edge1,17,38.8,cangzhou_man2-tianjin_core1-tianjin_man1-tianjin_edge1,"[cangzhou_man2-tianjin_core1],[tianjin_core1-tianjin_man1],[tianjin_man1-tianjin_edge1]",cangzhou_man2~tianjin_edge1
cangzhou_man2,22,tianjin_edge2,18,38.8,cangzhou_man2-tianjin_core1-tianjin_man2-tianjin_edge2,"[cangzhou_man2-tianjin_core1],[tianjin_core1-tianjin_man2],[tianjin_man2-tianjin_edge2]",cangzhou_man2~tianjin_edge2
cangzhou_man2,22,tianjin_edge3,19,43.8,cangzhou_man2-tianjin_core1-tianjin_man1-tianjin_edge3,"[cangzhou_man2-tianjin_core1],[tianjin_core1-tianjin_man1],[tianjin_man1-tianjin_edge3]",cangzhou_man2~tianjin_edge3
cangzhou_man2,22,tianjin_edge4,20,43.8,cangzhou_man2-tianjin_core1-tianjin_man1-tianjin_edge4,"[cangzhou_man2-tianjin_core1],[tianjin_core1-tianjin_man1],[tianjin_man1-tianjin_edge4]",cangzhou_man2~tianjin_edge4
cangzhou_man2,22,shijiangzhuang_cloud,24,56.7,cangzhou_man2-shijiangzhuang_core-shijiangzhuang_cloud,"[cangzhou_man2-shijiangzhuang_core],[shijiangzhuang_core-shijiangzhuang_cloud]",cangzhou_man2~shijiangzhuang_cloud
cangzhou_man2,22,baoding_cloud,36,101.8,cangzhou_man2-shijiangzhuang_core-baoding_man1-baoding_cloud,"[cangzhou_man2-shijiangzhuang_core],[shijiangzhuang_core-baoding_man1],[baoding_man1-baoding_cloud]",cangzhou_man2~baoding_cloud
cangzhou_man2,22,zhangjiako_cloud,39,110.8,cangzhou_man2-tianjin_core1-beijing_core1-zhangjiako_man2-zhangjiako_cloud,"[cangzhou_man2-tianjin_core1],[tianjin_core1-beijing_core1],[beijing_core1-zhangjiako_man2],[zhangjiako_man2-zhangjiako_cloud]",cangzhou_man2~zhangjiako_cloud
cangzhou_man2,22,shijiangzhuang_edge1,48,66.7,cangzhou_man2-shijiangzhuang_core-shijiangzhuang_man1-shijiangzhuang_edge1,"[cangzhou_man2-shijiangzhuang_core],[shijiangzhuang_core-shijiangzhuang_man1],[shijiangzhuang_man1-shijiangzhuang_edge1]",cangzhou_man2~shijiangzhuang_edge1
cangzhou_man2,22,shijiangzhuang_edge2,49,66.7,cangzhou_man2-shijiangzhuang_core-shijiangzhuang_man2-shijiangzhuang_edge2,"[cangzhou_man2-shijiangzhuang_core],[shijiangzhuang_core-shijiangzhuang_man2],[shijiangzhuang_man2-shijiangzhuang_edge2]",cangzhou_man2~shijiangzhuang_edge2
cangzhou_man2,22,tangshan_edge1,50,58.8,cangzhou_man2-tianjin_core1-tangshan_core-tangshan_man1-tangshan_edge1,"[cangzhou_man2-tianjin_core1],[tianjin_core1-tangshan_core],[tangshan_core-tangshan_man1],[tangshan_man1-tangshan_edge1]",cangzhou_man2~tangshan_edge1
cangzhou_man2,22,tangshan_edge2,51,58.8,cangzhou_man2-tianjin_core1-tangshan_core-tangshan_man2-tangshan_edge2,"[cangzhou_man2-tianjin_core1],[tianjin_core1-tangshan_core],[tangshan_core-tangshan_man2],[tangshan_man2-tangshan_edge2]",cangzhou_man2~tangshan_edge2
cangzhou_man2,22,qhd_edge1,52,83.8,cangzhou_man2-tianjin_core1-tangshan_core-qhd_man1-qhd_edge1,"[cangzhou_man2-tianjin_core1],[tianjin_core1-tangshan_core],[tangshan_core-qhd_man1],[qhd_man1-qhd_edge1]",cangzhou_man2~qhd_edge1
cangzhou_man2,22,qhd_edge2,53,89.5,cangzhou_man2-tianjin_core1-tangshan_core-qhd_man2-qhd_edge2,"[cangzhou_man2-tianjin_core1],[tianjin_core1-tangshan_core],[tangshan_core-qhd_man2],[qhd_man2-qhd_edge2]",cangzhou_man2~qhd_edge2
cangzhou_man2,22,handan_edge1,54,97.7,cangzhou_man2-shijiangzhuang_core-handan_man1-handan_edge1,"[cangzhou_man2-shijiangzhuang_core],[shijiangzhuang_core-handan_man1],[handan_man1-handan_edge1]",cangzhou_man2~handan_edge1
cangzhou_man2,22,handan_edge2,55,97.7,cangzhou_man2-shijiangzhuang_core-handan_man2-handan_edge2,"[cangzhou_man2-shijiangzhuang_core],[shijiangzhuang_core-handan_man2],[handan_man2-handan_edge2]",cangzhou_man2~handan_edge2
cangzhou_man2,22,xingtai_edge1,56,86.7,cangzhou_man2-shijiangzhuang_core-xingtai_man1-xingtai_edge1,"[cangzhou_man2-shijiangzhuang_core],[shijiangzhuang_core-xingtai_man1],[xingtai_man1-xingtai_edge1]",cangzhou_man2~xingtai_edge1
cangzhou_man2,22,xingtai_edge2,57,86.7,cangzhou_man2-shijiangzhuang_core-xingtai_man2-xingtai_edge2,"[cangzhou_man2-shijiangzhuang_core],[shijiangzhuang_core-xingtai_man2],[xingtai_man2-xingtai_edge2]",cangzhou_man2~xingtai_edge2
cangzhou_man2,22,baoding_edge1,58,91.8,cangzhou_man2-shijiangzhuang_core-baoding_man1-baoding_edge1,"[cangzhou_man2-shijiangzhuang_core],[shijiangzhuang_core-baoding_man1],[baoding_man1-baoding_edge1]",cangzhou_man2~baoding_edge1
cangzhou_man2,22,baoding_edge2,59,91.8,cangzhou_man2-shijiangzhuang_core-baoding_man2-baoding_edge2,"[cangzhou_man2-shijiangzhuang_core],[shijiangzhuang_core-baoding_man2],[baoding_man2-baoding_edge2]",cangzhou_man2~baoding_edge2
cangzhou_man2,22,zhangjiako_edge1,60,100.8,cangzhou_man2-tianjin_core1-beijing_core1-zhangjiako_man1-zhangjiako_edge1,"[cangzhou_man2-tianjin_core1],[tianjin_core1-beijing_core1],[beijing_core1-zhangjiako_man1],[zhangjiako_man1-zhangjiako_edge1]",cangzhou_man2~zhangjiako_edge1
cangzhou_man2,22,zhangjiako_edge2,61,100.8,cangzhou_man2-tianjin_core1-beijing_core1-zhangjiako_man2-zhangjiako_edge2,"[cangzhou_man2-tianjin_core1],[tianjin_core1-beijing_core1],[beijing_core1-zhangjiako_man2],[zhangjiako_man2-zhangjiako_edge2]",cangzhou_man2~zhangjiako_edge2
cangzhou_man2,22,chengde_edge1,62,96,cangzhou_man2-tianjin_core1-tangshan_core-chengde_man1-chengde_edge1,"[cangzhou_man2-tianjin_core1],[tianjin_core1-tangshan_core],[tangshan_core-chengde_man1],[chengde_man1-chengde_edge1]",cangzhou_man2~chengde_edge1
cangzhou_man2,22,chengde_edge2,63,99.9,cangzhou_man2-tianjin_core1-tangshan_core-chengde_man2-chengde_edge2,"[cangzhou_man2-tianjin_core1],[tianjin_core1-tangshan_core],[tangshan_core-chengde_man2],[chengde_man2-chengde_edge2]",cangzhou_man2~chengde_edge2
cangzhou_man2,22,cangzhou_edge1,64,11,cangzhou_man2-cangzhou_edge1,[cangzhou_man2-cangzhou_edge1],cangzhou_man2~cangzhou_edge1
cangzhou_man2,22,cangzhou_edge2,65,1,cangzhou_man2-cangzhou_edge2,[cangzhou_man2-cangzhou_edge2],cangzhou_man2~cangzhou_edge2
cangzhou_man2,22,langfang_edge1,66,67.1,cangzhou_man2-tianjin_core1-beijing_core1-langfang_man1-langfang_edge1,"[cangzhou_man2-tianjin_core1],[tianjin_core1-beijing_core1],[beijing_core1-langfang_man1],[langfang_man1-langfang_edge1]",cangzhou_man2~langfang_edge1
cangzhou_man2,22,langfang_edge2,67,67.1,cangzhou_man2-tianjin_core1-beijing_core1-langfang_man2-langfang_edge2,"[cangzhou_man2-tianjin_core1],[tianjin_core1-beijing_core1],[beijing_core1-langfang_man2],[langfang_man2-langfang_edge2]",cangzhou_man2~langfang_edge2
cangzhou_man2,22,hengshui_edge1,68,86.4,cangzhou_man2-shijiangzhuang_core-hengshui_man1-hengshui_edge1,"[cangzhou_man2-shijiangzhuang_core],[shijiangzhuang_core-hengshui_man1],[hengshui_man1-hengshui_edge1]",cangzhou_man2~hengshui_edge1
cangzhou_man2,22,hengshui_edge2,69,86.4,cangzhou_man2-shijiangzhuang_core-hengshui_man2-hengshui_edge2,"[cangzhou_man2-shijiangzhuang_core],[shijiangzhuang_core-hengshui_man2],[hengshui_man2-hengshui_edge2]",cangzhou_man2~hengshui_edge2
langfang_man1,23,beijing_cloud1,5,14.7,langfang_man1-beijing_core1-beijing_cloud1,"[langfang_man1-beijing_core1],[beijing_core1-beijing_cloud1]",langfang_man1~beijing_cloud1
langfang_man1,23,beijing_cloud2,6,14.7,langfang_man1-beijing_core2-beijing_cloud2,"[langfang_man1-beijing_core2],[beijing_core2-beijing_cloud2]",langfang_man1~beijing_cloud2
langfang_man1,23,beijing_edge1,7,24.7,langfang_man1-beijing_core2-beijing_man1-beijing_edge1,"[langfang_man1-beijing_core2],[beijing_core2-beijing_man1],[beijing_man1-beijing_edge1]",langfang_man1~beijing_edge1
langfang_man1,23,beijing_edge2,8,24.7,langfang_man1-beijing_core2-beijing_man2-beijing_edge2,"[langfang_man1-beijing_core2],[beijing_core2-beijing_man2],[beijing_man2-beijing_edge2]",langfang_man1~beijing_edge2
langfang_man1,23,beijing_edge3,9,29.7,langfang_man1-beijing_core2-beijing_man1-beijing_edge3,"[langfang_man1-beijing_core2],[beijing_core2-beijing_man1],[beijing_man1-beijing_edge3]",langfang_man1~beijing_edge3
langfang_man1,23,beijing_edge4,10,29.7,langfang_man1-beijing_core2-beijing_man1-beijing_edge4,"[langfang_man1-beijing_core2],[beijing_core2-beijing_man1],[beijing_man1-beijing_edge4]",langfang_man1~beijing_edge4
langfang_man1,23,tianjin_cloud1,15,39.3,langfang_man1-beijing_core1-tianjin_core1-tianjin_cloud1,"[langfang_man1-beijing_core1],[beijing_core1-tianjin_core1],[tianjin_core1-tianjin_cloud1]",langfang_man1~tianjin_cloud1
langfang_man1,23,tianjin_cloud2,16,49.3,langfang_man1-beijing_core1-tianjin_core1-tianjin_cloud2,"[langfang_man1-beijing_core1],[beijing_core1-tianjin_core1],[tianjin_core1-tianjin_cloud2]",langfang_man1~tianjin_cloud2
langfang_man1,23,tianjin_edge1,17,49.3,langfang_man1-beijing_core1-tianjin_core1-tianjin_man1-tianjin_edge1,"[langfang_man1-beijing_core1],[beijing_core1-tianjin_core1],[tianjin_core1-tianjin_man1],[tianjin_man1-tianjin_edge1]",langfang_man1~tianjin_edge1
langfang_man1,23,tianjin_edge2,18,49.3,langfang_man1-beijing_core1-tianjin_core1-tianjin_man2-tianjin_edge2,"[langfang_man1-beijing_core1],[beijing_core1-tianjin_core1],[tianjin_core1-tianjin_man2],[tianjin_man2-tianjin_edge2]",langfang_man1~tianjin_edge2
langfang_man1,23,tianjin_edge3,19,54.3,langfang_man1-beijing_core1-tianjin_core1-tianjin_man2-tianjin_edge3,"[langfang_man1-beijing_core1],[beijing_core1-tianjin_core1],[tianjin_core1-tianjin_man2],[tianjin_man2-tianjin_edge3]",langfang_man1~tianjin_edge3
langfang_man1,23,tianjin_edge4,20,54.3,langfang_man1-beijing_core1-tianjin_core1-tianjin_man2-tianjin_edge4,"[langfang_man1-beijing_core1],[beijing_core1-tianjin_core1],[tianjin_core1-tianjin_man2],[tianjin_man2-tianjin_edge4]",langfang_man1~tianjin_edge4
langfang_man1,23,shijiangzhuang_cloud,24,72.3,langfang_man1-shijiangzhuang_core-shijiangzhuang_cloud,"[langfang_man1-shijiangzhuang_core],[shijiangzhuang_core-shijiangzhuang_cloud]",langfang_man1~shijiangzhuang_cloud
langfang_man1,23,baoding_cloud,36,111.3,langfang_man1-tangshan_core-baoding_man2-baoding_cloud,"[langfang_man1-tangshan_core],[tangshan_core-baoding_man2],[baoding_man2-baoding_cloud]",langfang_man1~baoding_cloud
langfang_man1,23,zhangjiako_cloud,39,72,langfang_man1-beijing_core2-zhangjiako_man1-zhangjiako_cloud,"[langfang_man1-beijing_core2],[beijing_core2-zhangjiako_man1],[zhangjiako_man1-zhangjiako_cloud]",langfang_man1~zhangjiako_cloud
langfang_man1,23,shijiangzhuang_edge1,48,82.3,langfang_man1-shijiangzhuang_core-shijiangzhuang_man1-shijiangzhuang_edge1,"[langfang_man1-shijiangzhuang_core],[shijiangzhuang_core-shijiangzhuang_man1],[shijiangzhuang_man1-shijiangzhuang_edge1]",langfang_man1~shijiangzhuang_edge1
langfang_man1,23,shijiangzhuang_edge2,49,82.3,langfang_man1-shijiangzhuang_core-shijiangzhuang_man2-shijiangzhuang_edge2,"[langfang_man1-shijiangzhuang_core],[shijiangzhuang_core-shijiangzhuang_man2],[shijiangzhuang_man2-shijiangzhuang_edge2]",langfang_man1~shijiangzhuang_edge2
langfang_man1,23,tangshan_edge1,50,51.5,langfang_man1-tangshan_core-tangshan_man1-tangshan_edge1,"[langfang_man1-tangshan_core],[tangshan_core-tangshan_man1],[tangshan_man1-tangshan_edge1]",langfang_man1~tangshan_edge1
langfang_man1,23,tangshan_edge2,51,51.5,langfang_man1-tangshan_core-tangshan_man2-tangshan_edge2,"[langfang_man1-tangshan_core],[tangshan_core-tangshan_man2],[tangshan_man2-tangshan_edge2]",langfang_man1~tangshan_edge2
langfang_man1,23,qhd_edge1,52,76.5,langfang_man1-tangshan_core-qhd_man1-qhd_edge1,"[langfang_man1-tangshan_core],[tangshan_core-qhd_man1],[qhd_man1-qhd_edge1]",langfang_man1~qhd_edge1
langfang_man1,23,qhd_edge2,53,82.1,langfang_man1-tangshan_core-qhd_man2-qhd_edge2,"[langfang_man1-tangshan_core],[tangshan_core-qhd_man2],[qhd_man2-qhd_edge2]",langfang_man1~qhd_edge2
langfang_man1,23,handan_edge1,54,113.3,langfang_man1-shijiangzhuang_core-handan_man1-handan_edge1,"[langfang_man1-shijiangzhuang_core],[shijiangzhuang_core-handan_man1],[handan_man1-handan_edge1]",langfang_man1~handan_edge1
langfang_man1,23,handan_edge2,55,113.3,langfang_man1-shijiangzhuang_core-handan_man2-handan_edge2,"[langfang_man1-shijiangzhuang_core],[shijiangzhuang_core-handan_man2],[handan_man2-handan_edge2]",langfang_man1~handan_edge2
langfang_man1,23,xingtai_edge1,56,102.3,langfang_man1-shijiangzhuang_core-xingtai_man1-xingtai_edge1,"[langfang_man1-shijiangzhuang_core],[shijiangzhuang_core-xingtai_man1],[xingtai_man1-xingtai_edge1]",langfang_man1~xingtai_edge1
langfang_man1,23,xingtai_edge2,57,102.3,langfang_man1-shijiangzhuang_core-xingtai_man2-xingtai_edge2,"[langfang_man1-shijiangzhuang_core],[shijiangzhuang_core-xingtai_man2],[xingtai_man2-xingtai_edge2]",langfang_man1~xingtai_edge2
langfang_man1,23,baoding_edge1,58,107.4,langfang_man1-shijiangzhuang_core-baoding_man1-baoding_edge1,"[langfang_man1-shijiangzhuang_core],[shijiangzhuang_core-baoding_man1],[baoding_man1-baoding_edge1]",langfang_man1~baoding_edge1
langfang_man1,23,baoding_edge2,59,101.3,langfang_man1-tangshan_core-baoding_man2-baoding_edge2,"[langfang_man1-tangshan_core],[tangshan_core-baoding_man2],[baoding_man2-baoding_edge2]",langfang_man1~baoding_edge2
langfang_man1,23,zhangjiako_edge1,60,62,langfang_man1-beijing_core2-zhangjiako_man1-zhangjiako_edge1,"[langfang_man1-beijing_core2],[beijing_core2-zhangjiako_man1],[zhangjiako_man1-zhangjiako_edge1]",langfang_man1~zhangjiako_edge1
langfang_man1,23,zhangjiako_edge2,61,62,langfang_man1-beijing_core1-zhangjiako_man2-zhangjiako_edge2,"[langfang_man1-beijing_core1],[beijing_core1-zhangjiako_man2],[zhangjiako_man2-zhangjiako_edge2]",langfang_man1~zhangjiako_edge2
langfang_man1,23,chengde_edge1,62,69.6,langfang_man1-beijing_core1-chengde_man1-chengde_edge1,"[langfang_man1-beijing_core1],[beijing_core1-chengde_man1],[chengde_man1-chengde_edge1]",langfang_man1~chengde_edge1
langfang_man1,23,chengde_edge2,63,69.6,langfang_man1-beijing_core2-chengde_man2-chengde_edge2,"[langfang_man1-beijing_core2],[beijing_core2-chengde_man2],[chengde_man2-chengde_edge2]",langfang_man1~chengde_edge2
langfang_man1,23,cangzhou_edge1,64,67.1,langfang_man1-beijing_core1-tianjin_core1-cangzhou_man1-cangzhou_edge1,"[langfang_man1-beijing_core1],[beijing_core1-tianjin_core1],[tianjin_core1-cangzhou_man1],[cangzhou_man1-cangzhou_edge1]",langfang_man1~cangzhou_edge1
langfang_man1,23,cangzhou_edge2,65,67.1,langfang_man1-beijing_core1-tianjin_core1-cangzhou_man2-cangzhou_edge2,"[langfang_man1-beijing_core1],[beijing_core1-tianjin_core1],[tianjin_core1-cangzhou_man2],[cangzhou_man2-cangzhou_edge2]",langfang_man1~cangzhou_edge2
langfang_man1,23,langfang_edge1,66,1,langfang_man1-langfang_edge1,[langfang_man1-langfang_edge1],langfang_man1~langfang_edge1
langfang_man1,23,langfang_edge2,67,11,langfang_man1-langfang_edge2,[langfang_man1-langfang_edge2],langfang_man1~langfang_edge2
langfang_man1,23,hengshui_edge1,68,102.1,langfang_man1-shijiangzhuang_core-hengshui_man1-hengshui_edge1,"[langfang_man1-shijiangzhuang_core],[shijiangzhuang_core-hengshui_man1],[hengshui_man1-hengshui_edge1]",langfang_man1~hengshui_edge1
langfang_man1,23,hengshui_edge2,69,102.1,langfang_man1-shijiangzhuang_core-hengshui_man2-hengshui_edge2,"[langfang_man1-shijiangzhuang_core],[shijiangzhuang_core-hengshui_man2],[hengshui_man2-hengshui_edge2]",langfang_man1~hengshui_edge2
langfang_man2,24,beijing_cloud1,5,14.7,langfang_man2-beijing_core1-beijing_cloud1,"[langfang_man2-beijing_core1],[beijing_core1-beijing_cloud1]",langfang_man2~beijing_cloud1
langfang_man2,24,beijing_cloud2,6,14.7,langfang_man2-beijing_core2-beijing_cloud2,"[langfang_man2-beijing_core2],[beijing_core2-beijing_cloud2]",langfang_man2~beijing_cloud2
langfang_man2,24,beijing_edge1,7,24.7,langfang_man2-beijing_core2-beijing_man1-beijing_edge1,"[langfang_man2-beijing_core2],[beijing_core2-beijing_man1],[beijing_man1-beijing_edge1]",langfang_man2~beijing_edge1
langfang_man2,24,beijing_edge2,8,24.7,langfang_man2-beijing_core2-beijing_man2-beijing_edge2,"[langfang_man2-beijing_core2],[beijing_core2-beijing_man2],[beijing_man2-beijing_edge2]",langfang_man2~beijing_edge2
langfang_man2,24,beijing_edge3,9,29.7,langfang_man2-beijing_core2-beijing_man1-beijing_edge3,"[langfang_man2-beijing_core2],[beijing_core2-beijing_man1],[beijing_man1-beijing_edge3]",langfang_man2~beijing_edge3
langfang_man2,24,beijing_edge4,10,29.7,langfang_man2-beijing_core2-beijing_man1-beijing_edge4,"[langfang_man2-beijing_core2],[beijing_core2-beijing_man1],[beijing_man1-beijing_edge4]",langfang_man2~beijing_edge4
langfang_man2,24,tianjin_cloud1,15,39.3,langfang_man2-beijing_core1-tianjin_core1-tianjin_cloud1,"[langfang_man2-beijing_core1],[beijing_core1-tianjin_core1],[tianjin_core1-tianjin_cloud1]",langfang_man2~tianjin_cloud1
langfang_man2,24,tianjin_cloud2,16,49.3,langfang_man2-beijing_core1-tianjin_core1-tianjin_cloud2,"[langfang_man2-beijing_core1],[beijing_core1-tianjin_core1],[tianjin_core1-tianjin_cloud2]",langfang_man2~tianjin_cloud2
langfang_man2,24,tianjin_edge1,17,49.3,langfang_man2-beijing_core1-tianjin_core1-tianjin_man1-tianjin_edge1,"[langfang_man2-beijing_core1],[beijing_core1-tianjin_core1],[tianjin_core1-tianjin_man1],[tianjin_man1-tianjin_edge1]",langfang_man2~tianjin_edge1
langfang_man2,24,tianjin_edge2,18,49.3,langfang_man2-beijing_core1-tianjin_core1-tianjin_man2-tianjin_edge2,"[langfang_man2-beijing_core1],[beijing_core1-tianjin_core1],[tianjin_core1-tianjin_man2],[tianjin_man2-tianjin_edge2]",langfang_man2~tianjin_edge2
langfang_man2,24,tianjin_edge3,19,54.3,langfang_man2-beijing_core1-tianjin_core1-tianjin_man2-tianjin_edge3,"[langfang_man2-beijing_core1],[beijing_core1-tianjin_core1],[tianjin_core1-tianjin_man2],[tianjin_man2-tianjin_edge3]",langfang_man2~tianjin_edge3
langfang_man2,24,tianjin_edge4,20,54.3,langfang_man2-beijing_core1-tianjin_core1-tianjin_man1-tianjin_edge4,"[langfang_man2-beijing_core1],[beijing_core1-tianjin_core1],[tianjin_core1-tianjin_man1],[tianjin_man1-tianjin_edge4]",langfang_man2~tianjin_edge4
langfang_man2,24,shijiangzhuang_cloud,24,72.3,langfang_man2-shijiangzhuang_core-shijiangzhuang_cloud,"[langfang_man2-shijiangzhuang_core],[shijiangzhuang_core-shijiangzhuang_cloud]",langfang_man2~shijiangzhuang_cloud
langfang_man2,24,baoding_cloud,36,103,langfang_man2-tangshan_core-baoding_man2-baoding_cloud,"[langfang_man2-tangshan_core],[tangshan_core-baoding_man2],[baoding_man2-baoding_cloud]",langfang_man2~baoding_cloud
langfang_man2,24,zhangjiako_cloud,39,72,langfang_man2-beijing_core1-zhangjiako_man1-zhangjiako_cloud,"[langfang_man2-beijing_core1],[beijing_core1-zhangjiako_man1],[zhangjiako_man1-zhangjiako_cloud]",langfang_man2~zhangjiako_cloud
langfang_man2,24,shijiangzhuang_edge1,48,82.3,langfang_man2-shijiangzhuang_core-shijiangzhuang_man1-shijiangzhuang_edge1,"[langfang_man2-shijiangzhuang_core],[shijiangzhuang_core-shijiangzhuang_man1],[shijiangzhuang_man1-shijiangzhuang_edge1]",langfang_man2~shijiangzhuang_edge1
langfang_man2,24,shijiangzhuang_edge2,49,82.3,langfang_man2-shijiangzhuang_core-shijiangzhuang_man2-shijiangzhuang_edge2,"[langfang_man2-shijiangzhuang_core],[shijiangzhuang_core-shijiangzhuang_man2],[shijiangzhuang_man2-shijiangzhuang_edge2]",langfang_man2~shijiangzhuang_edge2
langfang_man2,24,tangshan_edge1,50,43.1,langfang_man2-tangshan_core-tangshan_man1-tangshan_edge1,"[langfang_man2-tangshan_core],[tangshan_core-tangshan_man1],[tangshan_man1-tangshan_edge1]",langfang_man2~tangshan_edge1
langfang_man2,24,tangshan_edge2,51,43.1,langfang_man2-tangshan_core-tangshan_man2-tangshan_edge2,"[langfang_man2-tangshan_core],[tangshan_core-tangshan_man2],[tangshan_man2-tangshan_edge2]",langfang_man2~tangshan_edge2
langfang_man2,24,qhd_edge1,52,68.1,langfang_man2-tangshan_core-qhd_man1-qhd_edge1,"[langfang_man2-tangshan_core],[tangshan_core-qhd_man1],[qhd_man1-qhd_edge1]",langfang_man2~qhd_edge1
langfang_man2,24,qhd_edge2,53,73.7,langfang_man2-tangshan_core-qhd_man2-qhd_edge2,"[langfang_man2-tangshan_core],[tangshan_core-qhd_man2],[qhd_man2-qhd_edge2]",langfang_man2~qhd_edge2
langfang_man2,24,handan_edge1,54,113.3,langfang_man2-shijiangzhuang_core-handan_man1-handan_edge1,"[langfang_man2-shijiangzhuang_core],[shijiangzhuang_core-handan_man1],[handan_man1-handan_edge1]",langfang_man2~handan_edge1
langfang_man2,24,handan_edge2,55,113.3,langfang_man2-shijiangzhuang_core-handan_man2-handan_edge2,"[langfang_man2-shijiangzhuang_core],[shijiangzhuang_core-handan_man2],[handan_man2-handan_edge2]",langfang_man2~handan_edge2
langfang_man2,24,xingtai_edge1,56,102.3,langfang_man2-shijiangzhuang_core-xingtai_man1-xingtai_edge1,"[langfang_man2-shijiangzhuang_core],[shijiangzhuang_core-xingtai_man1],[xingtai_man1-xingtai_edge1]",langfang_man2~xingtai_edge1
langfang_man2,24,xingtai_edge2,57,102.3,langfang_man2-shijiangzhuang_core-xingtai_man2-xingtai_edge2,"[langfang_man2-shijiangzhuang_core],[shijiangzhuang_core-xingtai_man2],[xingtai_man2-xingtai_edge2]",langfang_man2~xingtai_edge2
langfang_man2,24,baoding_edge1,58,103,langfang_man2-tangshan_core-baoding_man2-baoding_edge1,"[langfang_man2-tangshan_core],[tangshan_core-baoding_man2],[baoding_man2-baoding_edge1]",langfang_man2~baoding_edge1
langfang_man2,24,baoding_edge2,59,93,langfang_man2-tangshan_core-baoding_man2-baoding_edge2,"[langfang_man2-tangshan_core],[tangshan_core-baoding_man2],[baoding_man2-baoding_edge2]",langfang_man2~baoding_edge2
langfang_man2,24,zhangjiako_edge1,60,62,langfang_man2-beijing_core1-zhangjiako_man1-zhangjiako_edge1,"[langfang_man2-beijing_core1],[beijing_core1-zhangjiako_man1],[zhangjiako_man1-zhangjiako_edge1]",langfang_man2~zhangjiako_edge1
langfang_man2,24,zhangjiako_edge2,61,62,langfang_man2-beijing_core1-zhangjiako_man2-zhangjiako_edge2,"[langfang_man2-beijing_core1],[beijing_core1-zhangjiako_man2],[zhangjiako_man2-zhangjiako_edge2]",langfang_man2~zhangjiako_edge2
langfang_man2,24,chengde_edge1,62,69.6,langfang_man2-beijing_core1-chengde_man1-chengde_edge1,"[langfang_man2-beijing_core1],[beijing_core1-chengde_man1],[chengde_man1-chengde_edge1]",langfang_man2~chengde_edge1
langfang_man2,24,chengde_edge2,63,69.6,langfang_man2-beijing_core1-chengde_man2-chengde_edge2,"[langfang_man2-beijing_core1],[beijing_core1-chengde_man2],[chengde_man2-chengde_edge2]",langfang_man2~chengde_edge2
langfang_man2,24,cangzhou_edge1,64,67.1,langfang_man2-beijing_core1-tianjin_core1-cangzhou_man1-cangzhou_edge1,"[langfang_man2-beijing_core1],[beijing_core1-tianjin_core1],[tianjin_core1-cangzhou_man1],[cangzhou_man1-cangzhou_edge1]",langfang_man2~cangzhou_edge1
langfang_man2,24,cangzhou_edge2,65,67.1,langfang_man2-beijing_core1-tianjin_core1-cangzhou_man2-cangzhou_edge2,"[langfang_man2-beijing_core1],[beijing_core1-tianjin_core1],[tianjin_core1-cangzhou_man2],[cangzhou_man2-cangzhou_edge2]",langfang_man2~cangzhou_edge2
langfang_man2,24,langfang_edge1,66,11,langfang_man2-langfang_edge1,[langfang_man2-langfang_edge1],langfang_man2~langfang_edge1
langfang_man2,24,langfang_edge2,67,1,langfang_man2-langfang_edge2,[langfang_man2-langfang_edge2],langfang_man2~langfang_edge2
langfang_man2,24,hengshui_edge1,68,102.1,langfang_man2-shijiangzhuang_core-hengshui_man1-hengshui_edge1,"[langfang_man2-shijiangzhuang_core],[shijiangzhuang_core-hengshui_man1],[hengshui_man1-hengshui_edge1]",langfang_man2~hengshui_edge1
langfang_man2,24,hengshui_edge2,69,102.1,langfang_man2-shijiangzhuang_core-hengshui_man2-hengshui_edge2,"[langfang_man2-shijiangzhuang_core],[shijiangzhuang_core-hengshui_man2],[hengshui_man2-hengshui_edge2]",langfang_man2~hengshui_edge2
hengshui_man1,25,beijing_cloud1,5,100.7,hengshui_man1-shijiangzhuang_core-beijing_core2-beijing_cloud1,"[hengshui_man1-shijiangzhuang_core],[shijiangzhuang_core-beijing_core2],[beijing_core2-beijing_cloud1]",hengshui_man1~beijing_cloud1
hengshui_man1,25,beijing_cloud2,6,90.7,hengshui_man1-shijiangzhuang_core-beijing_core2-beijing_cloud2,"[hengshui_man1-shijiangzhuang_core],[shijiangzhuang_core-beijing_core2],[beijing_core2-beijing_cloud2]",hengshui_man1~beijing_cloud2
hengshui_man1,25,beijing_edge1,7,100.7,hengshui_man1-shijiangzhuang_core-beijing_core2-beijing_man1-beijing_edge1,"[hengshui_man1-shijiangzhuang_core],[shijiangzhuang_core-beijing_core2],[beijing_core2-beijing_man1],[beijing_man1-beijing_edge1]",hengshui_man1~beijing_edge1
hengshui_man1,25,beijing_edge2,8,100.7,hengshui_man1-shijiangzhuang_core-beijing_core2-beijing_man2-beijing_edge2,"[hengshui_man1-shijiangzhuang_core],[shijiangzhuang_core-beijing_core2],[beijing_core2-beijing_man2],[beijing_man2-beijing_edge2]",hengshui_man1~beijing_edge2
hengshui_man1,25,beijing_edge3,9,105.7,hengshui_man1-shijiangzhuang_core-beijing_core2-beijing_man2-beijing_edge3,"[hengshui_man1-shijiangzhuang_core],[shijiangzhuang_core-beijing_core2],[beijing_core2-beijing_man2],[beijing_man2-beijing_edge3]",hengshui_man1~beijing_edge3
hengshui_man1,25,beijing_edge4,10,105.7,hengshui_man1-shijiangzhuang_core-beijing_core2-beijing_man2-beijing_edge4,"[hengshui_man1-shijiangzhuang_core],[shijiangzhuang_core-beijing_core2],[beijing_core2-beijing_man2],[beijing_man2-beijing_edge4]",hengshui_man1~beijing_edge4
hengshui_man1,25,tianjin_cloud1,15,104.7,hengshui_man1-shijiangzhuang_core-tianjin_core1-tianjin_cloud1,"[hengshui_man1-shijiangzhuang_core],[shijiangzhuang_core-tianjin_core1],[tianjin_core1-tianjin_cloud1]",hengshui_man1~tianjin_cloud1
hengshui_man1,25,tianjin_cloud2,16,114.2,hengshui_man1-shijiangzhuang_core-cangzhou_man1-tianjin_core2-tianjin_cloud2,"[hengshui_man1-shijiangzhuang_core],[shijiangzhuang_core-cangzhou_man1],[cangzhou_man1-tianjin_core2],[tianjin_core2-tianjin_cloud2]",hengshui_man1~tianjin_cloud2
hengshui_man1,25,tianjin_edge1,17,114.7,hengshui_man1-shijiangzhuang_core-tianjin_core1-tianjin_man1-tianjin_edge1,"[hengshui_man1-shijiangzhuang_core],[shijiangzhuang_core-tianjin_core1],[tianjin_core1-tianjin_man1],[tianjin_man1-tianjin_edge1]",hengshui_man1~tianjin_edge1
hengshui_man1,25,tianjin_edge2,18,114.7,hengshui_man1-shijiangzhuang_core-tianjin_core1-tianjin_man2-tianjin_edge2,"[hengshui_man1-shijiangzhuang_core],[shijiangzhuang_core-tianjin_core1],[tianjin_core1-tianjin_man2],[tianjin_man2-tianjin_edge2]",hengshui_man1~tianjin_edge2
hengshui_man1,25,tianjin_edge3,19,119.7,hengshui_man1-shijiangzhuang_core-tianjin_core1-tianjin_man2-tianjin_edge3,"[hengshui_man1-shijiangzhuang_core],[shijiangzhuang_core-tianjin_core1],[tianjin_core1-tianjin_man2],[tianjin_man2-tianjin_edge3]",hengshui_man1~tianjin_edge3
hengshui_man1,25,tianjin_edge4,20,119.7,hengshui_man1-shijiangzhuang_core-tianjin_core1-tianjin_man2-tianjin_edge4,"[hengshui_man1-shijiangzhuang_core],[shijiangzhuang_core-tianjin_core1],[tianjin_core1-tianjin_man2],[tianjin_man2-tianjin_edge4]",hengshui_man1~tianjin_edge4
hengshui_man1,25,shijiangzhuang_cloud,24,30.8,hengshui_man1-shijiangzhuang_core-shijiangzhuang_cloud,"[hengshui_man1-shijiangzhuang_core],[shijiangzhuang_core-shijiangzhuang_cloud]",hengshui_man1~shijiangzhuang_cloud
hengshui_man1,25,baoding_cloud,36,75.9,hengshui_man1-shijiangzhuang_core-baoding_man1-baoding_cloud,"[hengshui_man1-shijiangzhuang_core],[shijiangzhuang_core-baoding_man1],[baoding_man1-baoding_cloud]",hengshui_man1~baoding_cloud
hengshui_man1,25,zhangjiako_cloud,39,132.8,hengshui_man1-shijiangzhuang_core-zhangjiako_man1-zhangjiako_cloud,"[hengshui_man1-shijiangzhuang_core],[shijiangzhuang_core-zhangjiako_man1],[zhangjiako_man1-zhangjiako_cloud]",hengshui_man1~zhangjiako_cloud
hengshui_man1,25,shijiangzhuang_edge1,48,40.8,hengshui_man1-shijiangzhuang_core-shijiangzhuang_man1-shijiangzhuang_edge1,"[hengshui_man1-shijiangzhuang_core],[shijiangzhuang_core-shijiangzhuang_man1],[shijiangzhuang_man1-shijiangzhuang_edge1]",hengshui_man1~shijiangzhuang_edge1
hengshui_man1,25,shijiangzhuang_edge2,49,40.8,hengshui_man1-shijiangzhuang_core-shijiangzhuang_man2-shijiangzhuang_edge2,"[hengshui_man1-shijiangzhuang_core],[shijiangzhuang_core-shijiangzhuang_man2],[shijiangzhuang_man2-shijiangzhuang_edge2]",hengshui_man1~shijiangzhuang_edge2
hengshui_man1,25,tangshan_edge1,50,106.2,hengshui_man1-hengshui_man2-tangshan_core-tangshan_man1-tangshan_edge1,"[hengshui_man1-hengshui_man2],[hengshui_man2-tangshan_core],[tangshan_core-tangshan_man1],[tangshan_man1-tangshan_edge1]",hengshui_man1~tangshan_edge1
hengshui_man1,25,tangshan_edge2,51,106.2,hengshui_man1-hengshui_man2-tangshan_core-tangshan_man2-tangshan_edge2,"[hengshui_man1-hengshui_man2],[hengshui_man2-tangshan_core],[tangshan_core-tangshan_man2],[tangshan_man2-tangshan_edge2]",hengshui_man1~tangshan_edge2
hengshui_man1,25,qhd_edge1,52,131.2,hengshui_man1-hengshui_man2-tangshan_core-qhd_man1-qhd_edge1,"[hengshui_man1-hengshui_man2],[hengshui_man2-tangshan_core],[tangshan_core-qhd_man1],[qhd_man1-qhd_edge1]",hengshui_man1~qhd_edge1
hengshui_man1,25,qhd_edge2,53,136.8,hengshui_man1-hengshui_man2-tangshan_core-qhd_man2-qhd_edge2,"[hengshui_man1-hengshui_man2],[hengshui_man2-tangshan_core],[tangshan_core-qhd_man2],[qhd_man2-qhd_edge2]",hengshui_man1~qhd_edge2
hengshui_man1,25,handan_edge1,54,71.8,hengshui_man1-shijiangzhuang_core-handan_man1-handan_edge1,"[hengshui_man1-shijiangzhuang_core],[shijiangzhuang_core-handan_man1],[handan_man1-handan_edge1]",hengshui_man1~handan_edge1
hengshui_man1,25,handan_edge2,55,71.8,hengshui_man1-shijiangzhuang_core-handan_man2-handan_edge2,"[hengshui_man1-shijiangzhuang_core],[shijiangzhuang_core-handan_man2],[handan_man2-handan_edge2]",hengshui_man1~handan_edge2
hengshui_man1,25,xingtai_edge1,56,60.8,hengshui_man1-shijiangzhuang_core-xingtai_man1-xingtai_edge1,"[hengshui_man1-shijiangzhuang_core],[shijiangzhuang_core-xingtai_man1],[xingtai_man1-xingtai_edge1]",hengshui_man1~xingtai_edge1
hengshui_man1,25,xingtai_edge2,57,60.8,hengshui_man1-shijiangzhuang_core-xingtai_man2-xingtai_edge2,"[hengshui_man1-shijiangzhuang_core],[shijiangzhuang_core-xingtai_man2],[xingtai_man2-xingtai_edge2]",hengshui_man1~xingtai_edge2
hengshui_man1,25,baoding_edge1,58,65.9,hengshui_man1-shijiangzhuang_core-baoding_man1-baoding_edge1,"[hengshui_man1-shijiangzhuang_core],[shijiangzhuang_core-baoding_man1],[baoding_man1-baoding_edge1]",hengshui_man1~baoding_edge1
hengshui_man1,25,baoding_edge2,59,65.9,hengshui_man1-shijiangzhuang_core-baoding_man2-baoding_edge2,"[hengshui_man1-shijiangzhuang_core],[shijiangzhuang_core-baoding_man2],[baoding_man2-baoding_edge2]",hengshui_man1~baoding_edge2
hengshui_man1,25,zhangjiako_edge1,60,122.8,hengshui_man1-shijiangzhuang_core-zhangjiako_man1-zhangjiako_edge1,"[hengshui_man1-shijiangzhuang_core],[shijiangzhuang_core-zhangjiako_man1],[zhangjiako_man1-zhangjiako_edge1]",hengshui_man1~zhangjiako_edge1
hengshui_man1,25,zhangjiako_edge2,61,122.8,hengshui_man1-shijiangzhuang_core-zhangjiako_man2-zhangjiako_edge2,"[hengshui_man1-shijiangzhuang_core],[shijiangzhuang_core-zhangjiako_man2],[zhangjiako_man2-zhangjiako_edge2]",hengshui_man1~zhangjiako_edge2
hengshui_man1,25,chengde_edge1,62,143.4,hengshui_man1-hengshui_man2-tangshan_core-chengde_man1-chengde_edge1,"[hengshui_man1-hengshui_man2],[hengshui_man2-tangshan_core],[tangshan_core-chengde_man1],[chengde_man1-chengde_edge1]",hengshui_man1~chengde_edge1
hengshui_man1,25,chengde_edge2,63,145.6,hengshui_man1-shijiangzhuang_core-beijing_core2-chengde_man2-chengde_edge2,"[hengshui_man1-shijiangzhuang_core],[shijiangzhuang_core-beijing_core2],[beijing_core2-chengde_man2],[chengde_man2-chengde_edge2]",hengshui_man1~chengde_edge2
hengshui_man1,25,cangzhou_edge1,64,86.4,hengshui_man1-shijiangzhuang_core-cangzhou_man1-cangzhou_edge1,"[hengshui_man1-shijiangzhuang_core],[shijiangzhuang_core-cangzhou_man1],[cangzhou_man1-cangzhou_edge1]",hengshui_man1~cangzhou_edge1
hengshui_man1,25,cangzhou_edge2,65,86.4,hengshui_man1-shijiangzhuang_core-cangzhou_man2-cangzhou_edge2,"[hengshui_man1-shijiangzhuang_core],[shijiangzhuang_core-cangzhou_man2],[cangzhou_man2-cangzhou_edge2]",hengshui_man1~cangzhou_edge2
hengshui_man1,25,langfang_edge1,66,102.1,hengshui_man1-shijiangzhuang_core-langfang_man1-langfang_edge1,"[hengshui_man1-shijiangzhuang_core],[shijiangzhuang_core-langfang_man1],[langfang_man1-langfang_edge1]",hengshui_man1~langfang_edge1
hengshui_man1,25,langfang_edge2,67,102.1,hengshui_man1-shijiangzhuang_core-langfang_man2-langfang_edge2,"[hengshui_man1-shijiangzhuang_core],[shijiangzhuang_core-langfang_man2],[langfang_man2-langfang_edge2]",hengshui_man1~langfang_edge2
hengshui_man1,25,hengshui_edge1,68,1,hengshui_man1-hengshui_edge1,[hengshui_man1-hengshui_edge1],hengshui_man1~hengshui_edge1
hengshui_man1,25,hengshui_edge2,69,11,hengshui_man1-hengshui_edge2,[hengshui_man1-hengshui_edge2],hengshui_man1~hengshui_edge2
hengshui_man2,26,beijing_cloud1,5,100.7,hengshui_man2-shijiangzhuang_core-beijing_core2-beijing_cloud1,"[hengshui_man2-shijiangzhuang_core],[shijiangzhuang_core-beijing_core2],[beijing_core2-beijing_cloud1]",hengshui_man2~beijing_cloud1
hengshui_man2,26,beijing_cloud2,6,90.7,hengshui_man2-shijiangzhuang_core-beijing_core2-beijing_cloud2,"[hengshui_man2-shijiangzhuang_core],[shijiangzhuang_core-beijing_core2],[beijing_core2-beijing_cloud2]",hengshui_man2~beijing_cloud2
hengshui_man2,26,beijing_edge1,7,100.7,hengshui_man2-shijiangzhuang_core-beijing_core2-beijing_man1-beijing_edge1,"[hengshui_man2-shijiangzhuang_core],[shijiangzhuang_core-beijing_core2],[beijing_core2-beijing_man1],[beijing_man1-beijing_edge1]",hengshui_man2~beijing_edge1
hengshui_man2,26,beijing_edge2,8,100.7,hengshui_man2-shijiangzhuang_core-beijing_core2-beijing_man2-beijing_edge2,"[hengshui_man2-shijiangzhuang_core],[shijiangzhuang_core-beijing_core2],[beijing_core2-beijing_man2],[beijing_man2-beijing_edge2]",hengshui_man2~beijing_edge2
hengshui_man2,26,beijing_edge3,9,105.7,hengshui_man2-shijiangzhuang_core-beijing_core2-beijing_man1-beijing_edge3,"[hengshui_man2-shijiangzhuang_core],[shijiangzhuang_core-beijing_core2],[beijing_core2-beijing_man1],[beijing_man1-beijing_edge3]",hengshui_man2~beijing_edge3
hengshui_man2,26,beijing_edge4,10,105.7,hengshui_man2-shijiangzhuang_core-beijing_core2-beijing_man2-beijing_edge4,"[hengshui_man2-shijiangzhuang_core],[shijiangzhuang_core-beijing_core2],[beijing_core2-beijing_man2],[beijing_man2-beijing_edge4]",hengshui_man2~beijing_edge4
hengshui_man2,26,tianjin_cloud1,15,104.7,hengshui_man2-shijiangzhuang_core-tianjin_core1-tianjin_cloud1,"[hengshui_man2-shijiangzhuang_core],[shijiangzhuang_core-tianjin_core1],[tianjin_core1-tianjin_cloud1]",hengshui_man2~tianjin_cloud1
hengshui_man2,26,tianjin_cloud2,16,110.9,hengshui_man2-tangshan_core-tianjin_core2-tianjin_cloud2,"[hengshui_man2-tangshan_core],[tangshan_core-tianjin_core2],[tianjin_core2-tianjin_cloud2]",hengshui_man2~tianjin_cloud2
hengshui_man2,26,tianjin_edge1,17,114.7,hengshui_man2-shijiangzhuang_core-tianjin_core1-tianjin_man1-tianjin_edge1,"[hengshui_man2-shijiangzhuang_core],[shijiangzhuang_core-tianjin_core1],[tianjin_core1-tianjin_man1],[tianjin_man1-tianjin_edge1]",hengshui_man2~tianjin_edge1
hengshui_man2,26,tianjin_edge2,18,114.7,hengshui_man2-shijiangzhuang_core-tianjin_core1-tianjin_man2-tianjin_edge2,"[hengshui_man2-shijiangzhuang_core],[shijiangzhuang_core-tianjin_core1],[tianjin_core1-tianjin_man2],[tianjin_man2-tianjin_edge2]",hengshui_man2~tianjin_edge2
hengshui_man2,26,tianjin_edge3,19,119.7,hengshui_man2-shijiangzhuang_core-tianjin_core1-tianjin_man1-tianjin_edge3,"[hengshui_man2-shijiangzhuang_core],[shijiangzhuang_core-tianjin_core1],[tianjin_core1-tianjin_man1],[tianjin_man1-tianjin_edge3]",hengshui_man2~tianjin_edge3
hengshui_man2,26,tianjin_edge4,20,119.7,hengshui_man2-shijiangzhuang_core-tianjin_core1-tianjin_man1-tianjin_edge4,"[hengshui_man2-shijiangzhuang_core],[shijiangzhuang_core-tianjin_core1],[tianjin_core1-tianjin_man1],[tianjin_man1-tianjin_edge4]",hengshui_man2~tianjin_edge4
hengshui_man2,26,shijiangzhuang_cloud,24,30.8,hengshui_man2-shijiangzhuang_core-shijiangzhuang_cloud,"[hengshui_man2-shijiangzhuang_core],[shijiangzhuang_core-shijiangzhuang_cloud]",hengshui_man2~shijiangzhuang_cloud
hengshui_man2,26,baoding_cloud,36,75.9,hengshui_man2-shijiangzhuang_core-baoding_man2-baoding_cloud,"[hengshui_man2-shijiangzhuang_core],[shijiangzhuang_core-baoding_man2],[baoding_man2-baoding_cloud]",hengshui_man2~baoding_cloud
hengshui_man2,26,zhangjiako_cloud,39,132.8,hengshui_man2-shijiangzhuang_core-zhangjiako_man2-zhangjiako_cloud,"[hengshui_man2-shijiangzhuang_core],[shijiangzhuang_core-zhangjiako_man2],[zhangjiako_man2-zhangjiako_cloud]",hengshui_man2~zhangjiako_cloud
hengshui_man2,26,shijiangzhuang_edge1,48,40.8,hengshui_man2-shijiangzhuang_core-shijiangzhuang_man1-shijiangzhuang_edge1,"[hengshui_man2-shijiangzhuang_core],[shijiangzhuang_core-shijiangzhuang_man1],[shijiangzhuang_man1-shijiangzhuang_edge1]",hengshui_man2~shijiangzhuang_edge1
hengshui_man2,26,shijiangzhuang_edge2,49,40.8,hengshui_man2-shijiangzhuang_core-shijiangzhuang_man2-shijiangzhuang_edge2,"[hengshui_man2-shijiangzhuang_core],[shijiangzhuang_core-shijiangzhuang_man2],[shijiangzhuang_man2-shijiangzhuang_edge2]",hengshui_man2~shijiangzhuang_edge2
hengshui_man2,26,tangshan_edge1,50,96.2,hengshui_man2-tangshan_core-tangshan_man1-tangshan_edge1,"[hengshui_man2-tangshan_core],[tangshan_core-tangshan_man1],[tangshan_man1-tangshan_edge1]",hengshui_man2~tangshan_edge1
hengshui_man2,26,tangshan_edge2,51,96.2,hengshui_man2-tangshan_core-tangshan_man2-tangshan_edge2,"[hengshui_man2-tangshan_core],[tangshan_core-tangshan_man2],[tangshan_man2-tangshan_edge2]",hengshui_man2~tangshan_edge2
hengshui_man2,26,qhd_edge1,52,121.2,hengshui_man2-tangshan_core-qhd_man1-qhd_edge1,"[hengshui_man2-tangshan_core],[tangshan_core-qhd_man1],[qhd_man1-qhd_edge1]",hengshui_man2~qhd_edge1
hengshui_man2,26,qhd_edge2,53,126.8,hengshui_man2-tangshan_core-qhd_man2-qhd_edge2,"[hengshui_man2-tangshan_core],[tangshan_core-qhd_man2],[qhd_man2-qhd_edge2]",hengshui_man2~qhd_edge2
hengshui_man2,26,handan_edge1,54,71.8,hengshui_man2-shijiangzhuang_core-handan_man1-handan_edge1,"[hengshui_man2-shijiangzhuang_core],[shijiangzhuang_core-handan_man1],[handan_man1-handan_edge1]",hengshui_man2~handan_edge1
hengshui_man2,26,handan_edge2,55,71.8,hengshui_man2-shijiangzhuang_core-handan_man2-handan_edge2,"[hengshui_man2-shijiangzhuang_core],[shijiangzhuang_core-handan_man2],[handan_man2-handan_edge2]",hengshui_man2~handan_edge2
hengshui_man2,26,xingtai_edge1,56,60.8,hengshui_man2-shijiangzhuang_core-xingtai_man1-xingtai_edge1,"[hengshui_man2-shijiangzhuang_core],[shijiangzhuang_core-xingtai_man1],[xingtai_man1-xingtai_edge1]",hengshui_man2~xingtai_edge1
hengshui_man2,26,xingtai_edge2,57,60.8,hengshui_man2-shijiangzhuang_core-xingtai_man2-xingtai_edge2,"[hengshui_man2-shijiangzhuang_core],[shijiangzhuang_core-xingtai_man2],[xingtai_man2-xingtai_edge2]",hengshui_man2~xingtai_edge2
hengshui_man2,26,baoding_edge1,58,65.9,hengshui_man2-shijiangzhuang_core-baoding_man1-baoding_edge1,"[hengshui_man2-shijiangzhuang_core],[shijiangzhuang_core-baoding_man1],[baoding_man1-baoding_edge1]",hengshui_man2~baoding_edge1
hengshui_man2,26,baoding_edge2,59,65.9,hengshui_man2-shijiangzhuang_core-baoding_man2-baoding_edge2,"[hengshui_man2-shijiangzhuang_core],[shijiangzhuang_core-baoding_man2],[baoding_man2-baoding_edge2]",hengshui_man2~baoding_edge2
hengshui_man2,26,zhangjiako_edge1,60,122.8,hengshui_man2-shijiangzhuang_core-zhangjiako_man1-zhangjiako_edge1,"[hengshui_man2-shijiangzhuang_core],[shijiangzhuang_core-zhangjiako_man1],[zhangjiako_man1-zhangjiako_edge1]",hengshui_man2~zhangjiako_edge1
hengshui_man2,26,zhangjiako_edge2,61,122.8,hengshui_man2-shijiangzhuang_core-zhangjiako_man2-zhangjiako_edge2,"[hengshui_man2-shijiangzhuang_core],[shijiangzhuang_core-zhangjiako_man2],[zhangjiako_man2-zhangjiako_edge2]",hengshui_man2~zhangjiako_edge2
hengshui_man2,26,chengde_edge1,62,133.4,hengshui_man2-tangshan_core-chengde_man1-chengde_edge1,"[hengshui_man2-tangshan_core],[tangshan_core-chengde_man1],[chengde_man1-chengde_edge1]",hengshui_man2~chengde_edge1
hengshui_man2,26,chengde_edge2,63,137.3,hengshui_man2-tangshan_core-chengde_man2-chengde_edge2,"[hengshui_man2-tangshan_core],[tangshan_core-chengde_man2],[chengde_man2-chengde_edge2]",hengshui_man2~chengde_edge2
hengshui_man2,26,cangzhou_edge1,64,86.4,hengshui_man2-shijiangzhuang_core-cangzhou_man1-cangzhou_edge1,"[hengshui_man2-shijiangzhuang_core],[shijiangzhuang_core-cangzhou_man1],[cangzhou_man1-cangzhou_edge1]",hengshui_man2~cangzhou_edge1
hengshui_man2,26,cangzhou_edge2,65,86.4,hengshui_man2-shijiangzhuang_core-cangzhou_man2-cangzhou_edge2,"[hengshui_man2-shijiangzhuang_core],[shijiangzhuang_core-cangzhou_man2],[cangzhou_man2-cangzhou_edge2]",hengshui_man2~cangzhou_edge2
hengshui_man2,26,langfang_edge1,66,102.1,hengshui_man2-shijiangzhuang_core-langfang_man1-langfang_edge1,"[hengshui_man2-shijiangzhuang_core],[shijiangzhuang_core-langfang_man1],[langfang_man1-langfang_edge1]",hengshui_man2~langfang_edge1
hengshui_man2,26,langfang_edge2,67,102.1,hengshui_man2-shijiangzhuang_core-langfang_man2-langfang_edge2,"[hengshui_man2-shijiangzhuang_core],[shijiangzhuang_core-langfang_man2],[langfang_man2-langfang_edge2]",hengshui_man2~langfang_edge2
hengshui_man2,26,hengshui_edge1,68,11,hengshui_man2-hengshui_edge1,[hengshui_man2-hengshui_edge1],hengshui_man2~hengshui_edge1
hengshui_man2,26,hengshui_edge2,69,1,hengshui_man2-hengshui_edge2,[hengshui_man2-hengshui_edge2],hengshui_man2~hengshui_edge2
