设备ID,经度,纬度,所在城市,设备类型,接入方式,接入节点,接入时延
北京-0001,116.321869,39.740635,北京市,手机,Ethernet,beijing_man1,1.5077890519795818
北京-0002,116.422075,39.931089,北京市,传感器,Cellular,beijing_man2,3.831957738850058
北京-0003,116.344719,39.886094,北京市,laptop,Wifi,beijing_man2,1.318768512566169
北京-0004,116.269111,40.165199,北京市,手机,Cellular,beijing_man1,5.9488362940293955
北京-0005,116.436263,39.899523,北京市,手机,Cellular,beijing_man2,6.464708489366182
北京-0006,116.38757,40.150717,北京市,laptop,Cellular,beijing_man1,3.066596843431918
北京-0007,116.15558,39.869616,北京市,手机,Wifi,beijing_man2,2.9470013207852848
北京-0008,116.399994,39.900004,北京市,传感器,Cellular,beijing_man2,1.1722945304552979
北京-0009,116.4507,40.145954,北京市,手机,Wifi,beijing_man1,2.6160717504400304
北京-0010,116.583091,39.826417,北京市,laptop,Cellular,beijing_man1,3.3836397917417096
北京-0011,116.347634,39.661765,北京市,传感器,Cellular,beijing_man1,6.540016013067171
北京-0012,116.674033,40.347683,北京市,手机,Ethernet,beijing_man1,1.2652519682779053
北京-0013,116.467497,39.499146,北京市,手机,Cellular,langfang_man1,7.371328023417207
北京-0014,116.360691,39.867519,北京市,手机,Ethernet,beijing_man2,1.0330753626570595
北京-0015,116.398776,39.902439,北京市,PC,Wifi,beijing_man2,4.160978386289063
北京-0016,116.2055,40.214081,北京市,传感器,Wifi,beijing_man1,1.4199828671539092
北京-0017,116.676454,39.714265,北京市,laptop,Wifi,beijing_man1,4.747617105744965
北京-0018,116.263887,39.749175,北京市,PC,Wifi,beijing_man1,4.9378355422188625
北京-0019,116.401551,39.932913,北京市,手机,Cellular,beijing_man2,4.871970052414921
北京-0020,116.390178,39.877615,北京市,laptop,Ethernet,beijing_man2,1.7761062677947579
北京-0021,116.380213,39.886924,北京市,PC,Ethernet,beijing_man2,1.9482211572289807
北京-0022,116.0485,39.830792,北京市,PC,Ethernet,beijing_man2,1.9033517126412312
北京-0023,116.36098,39.888561,北京市,传感器,Cellular,beijing_man2,6.428552234059426
北京-0024,116.324305,39.969311,北京市,PC,Ethernet,beijing_man2,1.547492238371769
北京-0025,116.690454,39.722091,北京市,PC,Ethernet,beijing_man1,1.9709143811738612
北京-0026,116.03508,39.84357,北京市,手机,Cellular,beijing_man2,2.069874279106098
北京-0027,116.644784,39.79483,北京市,PC,Ethernet,beijing_man1,1.558419413360757
北京-0028,116.267007,39.941717,北京市,PC,Cellular,beijing_man2,1.882228659878686
北京-0029,116.46326,39.470282,北京市,PC,Ethernet,langfang_man1,1.5589767255476068
北京-0030,116.415984,39.913781,北京市,传感器,Ethernet,beijing_man2,1.1952651640366647
北京-0031,116.605597,39.925433,北京市,PC,Cellular,beijing_man1,1.4689053968297583
北京-0032,116.359996,39.901442,北京市,PC,Cellular,beijing_man2,3.5542820534293744
北京-0033,116.399085,39.906718,北京市,PC,Cellular,beijing_man2,7.0308494107882
北京-0034,116.412414,39.900943,北京市,laptop,Wifi,beijing_man2,4.761145867891704
北京-0035,116.397177,39.900773,北京市,PC,Wifi,beijing_man2,4.4578477162290175
北京-0036,116.046588,39.771993,北京市,PC,Wifi,beijing_man2,4.95485224120454
北京-0037,116.212019,39.947989,北京市,手机,Cellular,beijing_man2,1.6028606580242444
北京-0038,116.582101,39.953136,北京市,PC,Wifi,beijing_man1,3.4460651193212053
北京-0039,116.437437,39.697553,北京市,laptop,Ethernet,beijing_man1,1.6795387272022286
北京-0040,116.662766,40.226356,北京市,laptop,Cellular,beijing_man1,6.919787584733616
北京-0041,116.408074,39.896846,北京市,laptop,Wifi,beijing_man2,2.662986094019724
北京-0042,116.399764,39.900321,北京市,手机,Ethernet,beijing_man2,1.6465318137263947
北京-0043,116.476549,39.923997,北京市,手机,Wifi,beijing_man1,3.0893496357484045
北京-0044,116.399344,39.899915,北京市,手机,Ethernet,beijing_man2,1.3775786868425617
北京-0045,116.371853,39.878964,北京市,laptop,Wifi,beijing_man2,1.9778015142788274
北京-0046,116.3758,39.927696,北京市,传感器,Wifi,beijing_man2,4.008026967507801
北京-0047,116.012771,39.93075,北京市,PC,Cellular,beijing_man2,1.0799414212646412
北京-0048,116.381229,39.851226,北京市,PC,Ethernet,beijing_man1,1.3701831161692088
北京-0049,116.40001,39.900001,北京市,PC,Wifi,beijing_man2,1.1589637081049897
北京-0050,116.365108,39.876422,北京市,传感器,Cellular,beijing_man2,5.865601857790958
北京-0051,116.501535,39.915904,北京市,传感器,Ethernet,beijing_man1,1.826433097496884
北京-0052,115.889621,39.951358,北京市,laptop,Wifi,beijing_man2,2.3393871383477416
北京-0053,116.939796,40.22909,北京市,laptop,Ethernet,langfang_man2,1.9987724078850775
北京-0054,116.378183,39.673945,北京市,传感器,Wifi,beijing_man1,4.2709731209285735
北京-0055,116.834881,39.915686,北京市,PC,Ethernet,langfang_man2,1.7926396397974504
北京-0056,116.468183,39.791839,北京市,PC,Cellular,beijing_man1,1.2847911292400447
北京-0057,116.344164,39.883702,北京市,手机,Ethernet,beijing_man2,1.7170257034453953
北京-0058,116.402075,39.904821,北京市,laptop,Wifi,beijing_man2,3.031801942502856
北京-0059,116.396965,39.899533,北京市,PC,Ethernet,beijing_man2,1.9358748699477104
北京-0060,116.407585,39.934372,北京市,laptop,Cellular,beijing_man2,7.361159120451486
北京-0061,116.233758,40.262484,北京市,传感器,Cellular,beijing_man1,7.891688764548553
北京-0062,116.408869,39.8957,北京市,手机,Ethernet,beijing_man2,1.4088302814448797
北京-0063,116.751678,40.237224,北京市,手机,Wifi,beijing_man1,2.6896198940688865
北京-0064,116.402678,39.900097,北京市,传感器,Cellular,beijing_man2,7.123725483073613
北京-0065,116.167186,39.638487,北京市,手机,Cellular,beijing_man1,4.127335363332674
北京-0066,116.400483,39.900025,北京市,手机,Wifi,beijing_man2,2.0223886104956925
北京-0067,116.400186,39.899922,北京市,传感器,Wifi,beijing_man2,4.625359118402072
北京-0068,116.576176,39.751069,北京市,传感器,Cellular,beijing_man1,5.316495246088692
北京-0069,116.387575,40.114815,北京市,PC,Wifi,beijing_man1,3.3083758320700176
北京-0070,116.853732,39.970112,北京市,手机,Cellular,langfang_man2,7.091694136554764
北京-0071,116.351842,39.605397,北京市,手机,Ethernet,beijing_man1,1.1550239243348042
北京-0072,116.458699,39.930891,北京市,laptop,Wifi,beijing_man1,1.1036331432968116
北京-0073,116.406827,39.912426,北京市,laptop,Wifi,beijing_man2,2.655372251071973
北京-0074,116.210626,39.537363,北京市,laptop,Cellular,beijing_man1,1.2630157286396528
北京-0075,116.366868,39.90903,北京市,传感器,Wifi,beijing_man2,4.689953123748392
北京-0076,116.325005,39.693257,北京市,laptop,Ethernet,beijing_man1,1.8945119299478255
北京-0077,116.396184,39.901515,北京市,传感器,Ethernet,beijing_man2,1.5224564623471344
北京-0078,116.394636,39.966552,北京市,手机,Wifi,beijing_man2,4.731608241702661
北京-0079,116.31341,39.917241,北京市,PC,Wifi,beijing_man2,3.3703914538039825
北京-0080,116.403599,39.892613,北京市,手机,Cellular,beijing_man2,2.7549574890278423
北京-0081,116.911575,39.945452,北京市,laptop,Ethernet,langfang_man2,1.9740453819039443
北京-0082,115.985645,40.204212,北京市,laptop,Wifi,beijing_man2,4.0639303963923705
北京-0083,116.4,39.900002,北京市,传感器,Ethernet,beijing_man2,1.2031969010803594
北京-0084,115.872714,40.164263,北京市,传感器,Wifi,beijing_man2,4.6168467739525925
北京-0085,116.843247,40.082367,北京市,laptop,Ethernet,beijing_man1,1.1667311845535715
北京-0086,116.399971,39.899899,北京市,手机,Ethernet,beijing_man2,1.4008755632049013
北京-0087,116.399943,39.900087,北京市,PC,Cellular,beijing_man2,3.5155692793293367
北京-0088,116.399831,39.899993,北京市,传感器,Wifi,beijing_man2,3.521902928828679
北京-0089,116.400298,39.898065,北京市,laptop,Wifi,beijing_man2,3.9987258374290384
北京-0090,115.990897,39.621066,北京市,传感器,Ethernet,beijing_man1,1.6064527602470877
北京-0091,116.392106,40.013268,北京市,laptop,Ethernet,beijing_man1,1.1099332986824573
北京-0092,116.320193,39.612683,北京市,laptop,Wifi,beijing_man1,2.501000812313811
北京-0093,116.400507,39.900015,北京市,PC,Cellular,beijing_man2,7.938226299143295
北京-0094,116.402754,39.899925,北京市,传感器,Ethernet,beijing_man2,1.9927692374452528
北京-0095,116.341351,39.792213,北京市,PC,Ethernet,beijing_man1,1.5993813721469912
北京-0096,116.398873,39.900033,北京市,laptop,Cellular,beijing_man2,3.077302400132171
北京-0097,116.398839,39.900669,北京市,laptop,Ethernet,beijing_man2,1.8584983187644637
北京-0098,116.250012,39.91176,北京市,手机,Ethernet,beijing_man2,1.935678411433632
北京-0099,116.364049,39.872953,北京市,传感器,Ethernet,beijing_man2,1.1244486825536502
北京-0100,116.39735,39.90516,北京市,laptop,Wifi,beijing_man2,1.2130277392402333
北京-0101,116.471028,39.842818,北京市,laptop,Ethernet,beijing_man1,1.2368421159535412
北京-0102,116.042801,39.705185,北京市,传感器,Ethernet,beijing_man1,1.7843576191308632
北京-0103,116.400626,39.900856,北京市,PC,Cellular,beijing_man2,1.4480134536865612
北京-0104,116.387807,39.726985,北京市,传感器,Cellular,beijing_man1,7.037610449675295
北京-0105,116.418062,39.882042,北京市,PC,Wifi,beijing_man2,3.090670562048987
北京-0106,116.994208,39.759903,北京市,laptop,Ethernet,langfang_man2,1.9199323670086548
北京-0107,116.270103,39.943283,北京市,PC,Cellular,beijing_man2,5.085617012361311
北京-0108,116.144161,40.298177,北京市,PC,Ethernet,beijing_man1,1.780545057024257
北京-0109,116.418315,39.901233,北京市,手机,Cellular,beijing_man2,5.810158224486816
北京-0110,116.802686,39.908092,北京市,laptop,Cellular,beijing_man1,7.997680750825722
北京-0111,116.309227,40.114314,北京市,laptop,Wifi,beijing_man1,2.65526789167771
北京-0112,116.405747,39.858947,北京市,PC,Ethernet,beijing_man1,1.7010591270722335
北京-0113,116.344863,39.838772,北京市,手机,Ethernet,beijing_man1,1.6107419404815868
北京-0114,116.866141,40.215034,北京市,传感器,Ethernet,beijing_man1,1.532193032452845
北京-0115,116.488709,39.888071,北京市,laptop,Wifi,beijing_man1,4.33129201635165
北京-0116,116.40004,39.900168,北京市,PC,Wifi,beijing_man2,4.58371588543079
北京-0117,116.333642,39.867306,北京市,PC,Ethernet,beijing_man2,1.669917929304737
北京-0118,116.399699,39.900014,北京市,PC,Ethernet,beijing_man2,1.1022499572948443
北京-0119,116.408977,39.888407,北京市,手机,Cellular,beijing_man2,7.395000297859393
北京-0120,116.413815,39.899379,北京市,PC,Wifi,beijing_man2,4.737532768108315
北京-0121,116.756502,40.152304,北京市,传感器,Cellular,beijing_man1,6.5337862330604235
北京-0122,116.473414,40.124392,北京市,传感器,Ethernet,beijing_man1,1.1528645892432663
北京-0123,116.862223,40.137175,北京市,PC,Cellular,langfang_man2,3.289292577076521
北京-0124,116.793761,40.055203,北京市,PC,Cellular,beijing_man1,6.508722443309456
北京-0125,116.455276,39.831183,北京市,传感器,Ethernet,beijing_man1,1.7945396839315453
北京-0126,116.298508,40.142509,北京市,手机,Ethernet,beijing_man1,1.0818936322672654
北京-0127,116.365237,39.942421,北京市,laptop,Cellular,beijing_man2,3.916736664737885
北京-0128,116.400004,39.900002,北京市,传感器,Ethernet,beijing_man2,1.1348155626808447
北京-0129,116.526089,39.753365,北京市,PC,Ethernet,beijing_man1,1.6474438244330754
北京-0130,116.400592,39.899543,北京市,手机,Wifi,beijing_man2,1.0638891439316054
北京-0131,116.418372,39.914293,北京市,laptop,Wifi,beijing_man2,2.841877643790547
北京-0132,116.400071,39.916064,北京市,手机,Ethernet,beijing_man2,1.5996981409343318
北京-0133,116.403219,39.894849,北京市,传感器,Wifi,beijing_man2,4.840563446870407
北京-0134,116.484231,39.829975,北京市,手机,Wifi,beijing_man1,2.6254122775126194
北京-0135,116.400001,39.899998,北京市,手机,Wifi,beijing_man2,3.6764110552208566
北京-0136,116.38653,39.855831,北京市,手机,Ethernet,beijing_man1,1.6927283551631742
北京-0137,116.402703,39.897209,北京市,PC,Ethernet,beijing_man2,1.2166478826057276
北京-0138,116.406228,39.863513,北京市,传感器,Ethernet,beijing_man1,1.791556332969532
北京-0139,116.43968,39.890344,北京市,PC,Ethernet,beijing_man2,1.3671893482318052
北京-0140,115.828169,39.891623,北京市,手机,Cellular,beijing_man2,5.75039431390118
北京-0141,116.357241,39.786126,北京市,laptop,Cellular,beijing_man1,4.170387764225767
北京-0142,116.510746,39.515305,北京市,PC,Cellular,langfang_man1,4.943336158360799
北京-0143,116.393783,39.89013,北京市,传感器,Wifi,beijing_man2,3.593481549544632
北京-0144,116.431888,40.210631,北京市,laptop,Wifi,beijing_man1,4.558694575544445
北京-0145,116.39992,39.90003,北京市,PC,Ethernet,beijing_man2,1.046288918641077
北京-0146,116.400408,39.897324,北京市,传感器,Cellular,beijing_man2,5.145856233105222
北京-0147,116.333505,39.810129,北京市,PC,Cellular,beijing_man1,6.070166854592945
北京-0148,116.014007,40.055717,北京市,传感器,Ethernet,beijing_man2,1.4470834208190408
北京-0149,116.59896,39.469445,北京市,手机,Ethernet,langfang_man1,1.6578248785185639
北京-0150,116.627597,40.084844,北京市,传感器,Cellular,beijing_man1,7.187475575986104
北京-0151,116.384544,39.927211,北京市,laptop,Cellular,beijing_man2,3.494359758174731
北京-0152,116.398464,39.902725,北京市,手机,Wifi,beijing_man2,3.842929230699853
北京-0153,116.295184,39.897789,北京市,laptop,Ethernet,beijing_man2,1.87073150466943
北京-0154,116.361109,39.50518,北京市,laptop,Wifi,beijing_man1,2.5231407131224253
北京-0155,116.764549,39.611484,北京市,PC,Cellular,langfang_man1,6.754564758289234
北京-0156,116.405911,39.91237,北京市,PC,Cellular,beijing_man2,3.286423948610528
北京-0157,116.454024,39.855388,北京市,手机,Wifi,beijing_man1,2.5542339643089638
北京-0158,116.296355,39.803408,北京市,传感器,Wifi,beijing_man1,4.538535600565837
北京-0159,116.430033,39.904905,北京市,laptop,Ethernet,beijing_man2,1.999838284220743
北京-0160,116.396656,39.908073,北京市,手机,Cellular,beijing_man2,1.6286900048165966
北京-0161,116.397101,39.900754,北京市,手机,Wifi,beijing_man2,4.806379602377013
北京-0162,116.546852,39.505525,北京市,手机,Cellular,langfang_man1,5.584638515957403
北京-0163,115.886819,39.918635,北京市,laptop,Ethernet,beijing_man2,1.0211627735197042
北京-0164,116.456084,39.78685,北京市,PC,Cellular,beijing_man1,6.711152423531258
北京-0165,116.24432,40.021835,北京市,手机,Ethernet,beijing_man2,1.6429049344184423
北京-0166,116.68714,40.295708,北京市,PC,Wifi,beijing_man1,3.5350172684374073
北京-0167,116.475153,39.750521,北京市,PC,Wifi,beijing_man1,2.9910169911271978
北京-0168,116.396734,39.897497,北京市,laptop,Cellular,beijing_man2,3.206454999859658
北京-0169,116.483398,39.87059,北京市,PC,Cellular,beijing_man1,3.2995003892943346
北京-0170,116.434265,40.170435,北京市,传感器,Ethernet,beijing_man1,1.6441605022558972
北京-0171,116.361218,39.91493,北京市,laptop,Cellular,beijing_man2,3.406136117168604
北京-0172,116.39994,39.900511,北京市,手机,Wifi,beijing_man2,2.8119455100792696
北京-0173,116.452271,39.957968,北京市,手机,Ethernet,beijing_man1,1.3461486917173644
北京-0174,116.399829,39.900051,北京市,laptop,Ethernet,beijing_man2,1.178158436558098
北京-0175,116.405249,39.8887,北京市,手机,Ethernet,beijing_man2,1.3847317701672033
北京-0176,116.43185,39.958081,北京市,laptop,Wifi,beijing_man2,2.846729123585817
北京-0177,116.397308,39.89901,北京市,laptop,Wifi,beijing_man2,1.0766815836874928
北京-0178,116.874798,39.87271,北京市,手机,Wifi,langfang_man2,1.760051172279859
北京-0179,116.207684,39.900761,北京市,PC,Ethernet,beijing_man2,1.3539723129666357
北京-0180,116.741328,39.540284,北京市,PC,Ethernet,langfang_man1,1.5772320608303776
北京-0181,116.419072,39.897545,北京市,传感器,Ethernet,beijing_man2,1.6131794694357136
北京-0182,116.404269,39.905068,北京市,PC,Ethernet,beijing_man2,1.1937414826111838
北京-0183,116.390101,39.895339,北京市,PC,Wifi,beijing_man2,2.288507939563968
北京-0184,116.522206,39.801399,北京市,传感器,Cellular,beijing_man1,5.770930789090621
北京-0185,116.382716,39.496502,北京市,laptop,Wifi,beijing_man1,4.956564543590128
北京-0186,116.374121,39.874565,北京市,PC,Ethernet,beijing_man2,1.3605955377723342
北京-0187,116.741501,39.970708,北京市,laptop,Cellular,beijing_man1,1.43062864714946
北京-0188,117.002533,39.891674,北京市,PC,Wifi,langfang_man2,2.408629291676833
北京-0189,116.394397,39.847817,北京市,手机,Wifi,beijing_man1,4.213388554387313
北京-0190,116.403709,39.90285,北京市,PC,Wifi,beijing_man2,2.949540397424173
北京-0191,116.571189,39.908142,北京市,laptop,Ethernet,beijing_man1,1.879040243110965
北京-0192,116.411565,39.8884,北京市,传感器,Ethernet,beijing_man2,1.5008486654134026
北京-0193,116.398765,39.900281,北京市,PC,Cellular,beijing_man2,7.958266786810249
北京-0194,116.396036,39.900296,北京市,PC,Cellular,beijing_man2,4.0412549420599175
北京-0195,116.400096,39.900031,北京市,laptop,Ethernet,beijing_man2,1.9303244423574017
北京-0196,116.4,39.900001,北京市,laptop,Ethernet,beijing_man2,1.219845712652602
北京-0197,116.408676,39.895499,北京市,PC,Cellular,beijing_man2,7.34426962247303
北京-0198,116.514603,39.821952,北京市,laptop,Wifi,beijing_man1,1.4169702641590733
北京-0199,116.480974,39.934238,北京市,手机,Wifi,beijing_man1,4.701308822269995
北京-0200,116.47938,40.063685,北京市,PC,Cellular,beijing_man1,6.204341189980039
北京-0201,116.399833,39.899974,北京市,laptop,Ethernet,beijing_man2,1.8521573944109384
北京-0202,116.479312,39.714504,北京市,手机,Cellular,beijing_man1,4.691537310063026
北京-0203,116.402816,39.900557,北京市,PC,Cellular,beijing_man2,5.29111038017559
北京-0204,116.49619,39.923681,北京市,手机,Ethernet,beijing_man1,1.3533488175207768
北京-0205,116.429169,39.907028,北京市,laptop,Wifi,beijing_man2,2.160734975604251
北京-0206,116.375351,40.135129,北京市,PC,Wifi,beijing_man1,4.0623988800247846
北京-0207,116.473641,39.93421,北京市,PC,Cellular,beijing_man1,1.8512481558816607
北京-0208,116.346251,39.813786,北京市,laptop,Ethernet,beijing_man1,1.200265493350034
北京-0209,116.478371,39.717631,北京市,laptop,Ethernet,beijing_man1,1.6018373741695362
北京-0210,116.399834,39.900276,北京市,手机,Wifi,beijing_man2,2.978982464011803
北京-0211,116.215962,39.84863,北京市,laptop,Wifi,beijing_man2,2.541733439339395
北京-0212,116.487567,39.756451,北京市,laptop,Wifi,beijing_man1,2.998097925582167
北京-0213,116.484863,40.279913,北京市,PC,Wifi,beijing_man1,1.2968297197806762
北京-0214,116.302024,39.8974,北京市,手机,Wifi,beijing_man2,3.2078887022426925
北京-0215,116.185887,39.526504,北京市,手机,Cellular,beijing_man1,5.660402412071415
北京-0216,116.057371,40.227929,北京市,手机,Ethernet,beijing_man1,1.7276651352887704
北京-0217,116.988708,40.029655,北京市,laptop,Cellular,langfang_man2,3.3889565693983648
北京-0218,116.35177,39.941481,北京市,PC,Cellular,beijing_man2,5.430370521926417
北京-0219,116.553081,39.923509,北京市,PC,Wifi,beijing_man1,2.972996196889594
北京-0220,116.191343,39.95893,北京市,传感器,Cellular,beijing_man2,5.566967557635221
北京-0221,116.580447,40.304248,北京市,PC,Cellular,beijing_man1,3.780082298763605
北京-0222,116.334304,39.9081,北京市,手机,Ethernet,beijing_man2,1.6989232894534507
北京-0223,116.3055,39.981627,北京市,传感器,Ethernet,beijing_man2,1.2218226181193432
北京-0224,116.329807,39.94533,北京市,PC,Wifi,beijing_man2,2.9736883407153227
北京-0225,116.401621,39.890269,北京市,手机,Cellular,beijing_man2,2.2995861393667765
北京-0226,116.40363,39.919134,北京市,传感器,Cellular,beijing_man2,4.73372925061544
北京-0227,116.393341,39.901803,北京市,传感器,Wifi,beijing_man2,2.932754319376406
北京-0228,116.406527,39.811173,北京市,手机,Ethernet,beijing_man1,1.4478218811936117
北京-0229,116.464957,39.95125,北京市,手机,Ethernet,beijing_man1,1.0716679734614334
北京-0230,116.298615,39.901963,北京市,手机,Cellular,beijing_man2,6.713503275473416
北京-0231,116.249636,39.80199,北京市,laptop,Ethernet,beijing_man1,1.8144239714383863
北京-0232,116.424506,39.835049,北京市,传感器,Cellular,beijing_man1,2.689234966901211
北京-0233,116.276184,39.746458,北京市,PC,Ethernet,beijing_man1,1.636366908828563
北京-0234,116.19381,39.94354,北京市,laptop,Cellular,beijing_man2,4.615045762214671
北京-0235,116.379772,39.918796,北京市,laptop,Wifi,beijing_man2,3.872954041893391
北京-0236,116.941468,39.570781,北京市,PC,Wifi,langfang_man1,1.9367373345454357
北京-0237,116.399083,39.90094,北京市,手机,Ethernet,beijing_man2,1.5441765874990603
北京-0238,116.363312,39.877367,北京市,手机,Cellular,beijing_man2,3.1459034758809423
北京-0239,116.396621,39.900732,北京市,PC,Cellular,beijing_man2,1.9956039740643061
北京-0240,116.632986,40.401371,北京市,传感器,Wifi,beijing_man1,1.47421383788001
北京-0241,116.349325,39.618612,北京市,laptop,Wifi,beijing_man1,3.6200466729555596
北京-0242,116.833333,40.018687,北京市,传感器,Ethernet,beijing_man1,1.4566749099683414
北京-0243,116.40287,39.836215,北京市,传感器,Ethernet,beijing_man1,1.950957698754912
北京-0244,116.399997,39.900011,北京市,传感器,Wifi,beijing_man2,3.2174268883737343
北京-0245,116.871353,39.937911,北京市,传感器,Cellular,langfang_man2,2.2656579530079526
北京-0246,116.231412,39.561284,北京市,手机,Wifi,beijing_man1,4.642472687767582
北京-0247,116.803774,40.009676,北京市,laptop,Wifi,beijing_man1,2.6159631872282425
北京-0248,116.392906,39.902978,北京市,传感器,Ethernet,beijing_man2,1.0813641731830557
北京-0249,116.777368,39.996003,北京市,laptop,Wifi,beijing_man1,1.5376147572365677
北京-0250,116.403467,39.901446,北京市,手机,Wifi,beijing_man2,1.8405364210348027
北京-0251,116.404159,39.892748,北京市,手机,Cellular,beijing_man2,4.782219163092409
北京-0252,116.441289,39.912222,北京市,传感器,Cellular,beijing_man1,5.987362456820926
北京-0253,116.387515,39.888315,北京市,手机,Wifi,beijing_man2,4.915084008189654
北京-0254,116.394908,39.899691,北京市,PC,Cellular,beijing_man2,5.573891752409446
北京-0255,116.04797,40.149548,北京市,laptop,Cellular,beijing_man2,7.973483305871122
北京-0256,116.468029,39.964916,北京市,laptop,Wifi,beijing_man1,1.0629716415386095
北京-0257,116.366227,39.825988,北京市,PC,Wifi,beijing_man1,2.4151308532732965
北京-0258,116.400961,40.104581,北京市,laptop,Wifi,beijing_man1,2.054042559398723
北京-0259,116.523004,39.594355,北京市,PC,Wifi,langfang_man1,1.55755096780383
北京-0260,116.863476,39.883016,北京市,传感器,Ethernet,langfang_man2,1.0341220622119378
北京-0261,115.940552,40.06922,北京市,传感器,Cellular,beijing_man2,4.457813947603874
北京-0262,116.496568,39.873555,北京市,laptop,Ethernet,beijing_man1,1.4759413202415277
北京-0263,116.103462,39.995836,北京市,传感器,Cellular,beijing_man2,1.9890125143085198
北京-0264,116.381862,39.882344,北京市,手机,Wifi,beijing_man2,1.817312465783453
北京-0265,116.401059,39.900734,北京市,传感器,Cellular,beijing_man2,6.564457576761759
北京-0266,116.399908,39.899915,北京市,手机,Wifi,beijing_man2,4.80013390333159
北京-0267,116.835396,39.817613,北京市,laptop,Ethernet,langfang_man2,1.8815164994928475
北京-0268,116.502532,40.060295,北京市,PC,Cellular,beijing_man1,4.891260985838814
北京-0269,116.40658,39.914952,北京市,手机,Ethernet,beijing_man2,1.3206048658031486
北京-0270,116.203583,39.941593,北京市,PC,Ethernet,beijing_man2,1.2718329638335466
北京-0271,116.626117,39.573861,北京市,laptop,Cellular,langfang_man1,3.9200686402775355
北京-0272,116.400236,39.900277,北京市,手机,Ethernet,beijing_man2,1.6822169465041252
北京-0273,116.203478,40.379203,北京市,PC,Cellular,beijing_man1,2.6124299888463347
北京-0274,116.394108,39.954442,北京市,手机,Ethernet,beijing_man2,1.8199989487764032
北京-0275,116.240999,39.836802,北京市,laptop,Ethernet,beijing_man2,1.373260591180906
北京-0276,116.407067,39.901708,北京市,PC,Ethernet,beijing_man2,1.8157623538086636
北京-0277,116.399987,39.900004,北京市,手机,Cellular,beijing_man2,7.592536237284626
北京-0278,116.27463,39.719473,北京市,PC,Ethernet,beijing_man1,1.0549341510125423
北京-0279,117.004813,39.904949,北京市,PC,Ethernet,langfang_man2,1.7209529670504282
北京-0280,116.328937,39.840995,北京市,手机,Cellular,beijing_man2,3.890549113821452
北京-0281,116.175461,40.072139,北京市,PC,Cellular,beijing_man2,6.836714476631188
北京-0282,116.117569,39.872805,北京市,手机,Wifi,beijing_man2,4.350005060743056
北京-0283,116.395602,39.905476,北京市,传感器,Cellular,beijing_man2,2.379330567399904
北京-0284,116.339564,39.971158,北京市,laptop,Wifi,beijing_man2,2.3763942737196238
北京-0285,117.009143,40.030058,北京市,PC,Ethernet,langfang_man2,1.4522130172941963
北京-0286,116.806911,40.24217,北京市,laptop,Ethernet,beijing_man1,1.6142284048402145
北京-0287,116.476068,40.191584,北京市,PC,Cellular,beijing_man1,6.507235010170446
北京-0288,116.386735,39.912383,北京市,手机,Ethernet,beijing_man2,1.2722272334665754
北京-0289,116.410729,39.914387,北京市,手机,Ethernet,beijing_man2,1.2235657863874803
北京-0290,116.400439,39.900895,北京市,手机,Ethernet,beijing_man2,1.9754142139547322
北京-0291,116.857569,40.029356,北京市,手机,Ethernet,langfang_man2,1.0232839993966558
北京-0292,117.075831,40.016324,北京市,laptop,Cellular,langfang_man2,2.6547073230539997
北京-0293,116.516202,40.379345,北京市,PC,Wifi,beijing_man1,1.3438273264674345
北京-0294,116.19468,39.387912,北京市,laptop,Cellular,baoding_man2,6.67085706416304
北京-0295,116.276138,39.950851,北京市,laptop,Cellular,beijing_man2,2.580874481266882
北京-0296,116.603802,39.717957,北京市,laptop,Ethernet,beijing_man1,1.8222551185986013
北京-0297,116.674342,40.087166,北京市,手机,Ethernet,beijing_man1,1.4228305177573701
北京-0298,116.328052,40.012786,北京市,传感器,Wifi,beijing_man2,3.0231028074827497
北京-0299,116.399998,39.900004,北京市,传感器,Cellular,beijing_man2,4.529265229081936
北京-0300,116.584161,39.443567,北京市,传感器,Cellular,langfang_man1,7.247139664624684
北京-0301,116.104997,39.992419,北京市,传感器,Wifi,beijing_man2,1.572984091541005
北京-0302,116.399996,39.900016,北京市,PC,Ethernet,beijing_man2,1.3029119860779534
北京-0303,116.179238,39.912365,北京市,手机,Ethernet,beijing_man2,1.7443489035574438
北京-0304,116.216337,39.955324,北京市,PC,Ethernet,beijing_man2,1.8146061657375627
北京-0305,115.942582,39.761989,北京市,手机,Wifi,beijing_man2,4.764004279197813
北京-0306,116.391737,39.910112,北京市,手机,Wifi,beijing_man2,2.457076247663041
北京-0307,116.397777,39.902158,北京市,laptop,Ethernet,beijing_man2,1.881704736575958
北京-0308,116.399998,39.900001,北京市,PC,Wifi,beijing_man2,4.721528256624445
北京-0309,116.473581,40.04093,北京市,手机,Ethernet,beijing_man1,1.3693462084133903
北京-0310,116.697336,39.464053,北京市,PC,Wifi,langfang_man1,2.4124810171932056
北京-0311,116.338126,39.851025,北京市,laptop,Ethernet,beijing_man2,1.5216539862074039
北京-0312,116.568286,40.058057,北京市,laptop,Ethernet,beijing_man1,1.3268565855167889
北京-0313,116.396873,39.897641,北京市,PC,Cellular,beijing_man2,6.70204508178079
北京-0314,116.398857,39.896199,北京市,laptop,Ethernet,beijing_man2,1.078818104569653
北京-0315,116.586948,40.042449,北京市,传感器,Cellular,beijing_man1,7.697723796175007
北京-0316,116.466533,39.957001,北京市,laptop,Cellular,beijing_man1,5.9298990523152355
北京-0317,116.330858,39.863358,北京市,PC,Cellular,beijing_man2,7.412519143059717
北京-0318,116.862198,39.829454,北京市,laptop,Wifi,langfang_man2,4.611776149704687
北京-0319,116.359529,39.963951,北京市,手机,Cellular,beijing_man2,5.792622344563318
北京-0320,115.919642,40.262912,北京市,传感器,Cellular,beijing_man2,7.962150580192984
北京-0321,116.178926,39.661212,北京市,laptop,Cellular,beijing_man1,3.6770211712248457
北京-0322,116.338495,39.940378,北京市,PC,Wifi,beijing_man2,2.3853439422642952
北京-0323,116.520498,39.452412,北京市,PC,Ethernet,langfang_man1,1.0214260864588605
北京-0324,116.278277,40.023048,北京市,laptop,Wifi,beijing_man2,2.6932237286772245
北京-0325,116.673046,40.308025,北京市,PC,Cellular,beijing_man1,1.2077925204081992
北京-0326,116.27638,39.951068,北京市,传感器,Ethernet,beijing_man2,1.9215469849706501
北京-0327,116.382135,39.916927,北京市,laptop,Wifi,beijing_man2,3.237423200397256
北京-0328,116.473515,40.095746,北京市,手机,Cellular,beijing_man1,5.837926373012077
北京-0329,116.4,39.9,北京市,PC,Cellular,beijing_man2,7.551061577489235
北京-0330,116.632192,40.025196,北京市,PC,Cellular,beijing_man1,4.223599197106514
北京-0331,116.40015,39.900273,北京市,手机,Wifi,beijing_man2,1.6643790249121135
北京-0332,116.407411,39.892914,北京市,传感器,Ethernet,beijing_man2,1.0973484889641918
北京-0333,116.34134,39.935481,北京市,传感器,Cellular,beijing_man2,2.0408617321827904
北京-0334,116.37967,39.711927,北京市,PC,Cellular,beijing_man1,2.1066707626519285
北京-0335,116.589831,39.777686,北京市,传感器,Wifi,beijing_man1,1.1677124435420372
北京-0336,116.386613,39.879645,北京市,手机,Wifi,beijing_man2,3.63602241631882
北京-0337,116.217472,39.902116,北京市,laptop,Ethernet,beijing_man2,1.494983516357916
北京-0338,116.400136,39.899532,北京市,PC,Ethernet,beijing_man2,1.7714360478250128
北京-0339,116.538546,39.742062,北京市,传感器,Wifi,beijing_man1,1.3693426643578022
北京-0340,116.156297,39.684525,北京市,laptop,Wifi,beijing_man1,2.058276791940758
北京-0341,116.368127,39.993183,北京市,手机,Ethernet,beijing_man2,1.9438181233857312
北京-0342,116.468521,39.720741,北京市,PC,Cellular,beijing_man1,3.1884074943973317
北京-0343,116.400786,40.422853,北京市,手机,Wifi,beijing_man1,1.0335614836887959
北京-0344,116.371998,39.776605,北京市,laptop,Cellular,beijing_man1,4.604163611747078
北京-0345,116.101225,39.833091,北京市,手机,Wifi,beijing_man2,3.3387829269559735
北京-0346,116.395548,40.064804,北京市,PC,Ethernet,beijing_man1,1.4398148447037378
北京-0347,116.706215,39.872686,北京市,传感器,Ethernet,beijing_man1,1.7335464850929712
北京-0348,116.611066,40.083011,北京市,传感器,Wifi,beijing_man1,2.871063927560815
北京-0349,116.331776,39.872328,北京市,PC,Wifi,beijing_man2,2.822819906723831
北京-0350,116.408374,39.896973,北京市,手机,Ethernet,beijing_man2,1.386924482749162
北京-0351,116.400196,39.899821,北京市,PC,Ethernet,beijing_man2,1.0330186619872928
北京-0352,116.80949,39.841467,北京市,laptop,Ethernet,beijing_man1,1.9551580706085545
北京-0353,116.355722,39.787557,北京市,传感器,Cellular,beijing_man1,6.613329328034023
北京-0354,116.273561,40.21755,北京市,laptop,Cellular,beijing_man1,2.0298374589543147
北京-0355,116.333218,39.859196,北京市,PC,Ethernet,beijing_man2,1.5467871092335341
北京-0356,116.087981,39.914154,北京市,传感器,Cellular,beijing_man2,4.777506855873396
北京-0357,116.399999,39.9,北京市,传感器,Wifi,beijing_man2,2.513894030986173
北京-0358,116.401306,39.900522,北京市,手机,Wifi,beijing_man2,2.1269319480942985
北京-0359,116.398818,39.897605,北京市,PC,Wifi,beijing_man2,1.6931750937159853
北京-0360,116.879013,40.045526,北京市,传感器,Wifi,langfang_man2,2.3422028441614833
北京-0361,116.638481,40.145818,北京市,PC,Cellular,beijing_man1,2.4425851893241948
北京-0362,116.537652,39.802286,北京市,传感器,Wifi,beijing_man1,1.4356925430469496
北京-0363,116.389999,39.927984,北京市,PC,Cellular,beijing_man2,4.594595903661627
北京-0364,116.526629,39.948285,北京市,传感器,Ethernet,beijing_man1,1.2085446563004614
北京-0365,116.435922,39.781886,北京市,laptop,Wifi,beijing_man1,3.636485517580833
北京-0366,116.399457,39.90021,北京市,传感器,Cellular,beijing_man2,5.517150791793695
北京-0367,116.411265,39.882991,北京市,传感器,Ethernet,beijing_man2,1.7186443325969587
北京-0368,116.38111,39.595282,北京市,手机,Wifi,beijing_man1,2.6131893790566596
北京-0369,116.1454,39.581518,北京市,传感器,Wifi,beijing_man1,2.708622195058828
北京-0370,116.151866,39.774101,北京市,传感器,Wifi,beijing_man2,3.4958545010019937
北京-0371,116.399913,39.899899,北京市,laptop,Cellular,beijing_man2,3.794013316946108
北京-0372,116.399893,39.90003,北京市,PC,Wifi,beijing_man2,4.3647581533459725
北京-0373,116.399987,39.899977,北京市,手机,Ethernet,beijing_man2,1.6815426999618461
北京-0374,116.298684,39.693061,北京市,传感器,Cellular,beijing_man1,5.0390763348011145
北京-0375,116.390682,39.905826,北京市,手机,Wifi,beijing_man2,1.4728847924108268
北京-0376,116.323448,39.871712,北京市,PC,Ethernet,beijing_man2,1.0911857160334175
北京-0377,116.673227,40.042414,北京市,laptop,Cellular,beijing_man1,1.4218340385474193
北京-0378,116.382265,39.857392,北京市,PC,Ethernet,beijing_man2,1.302712769274186
北京-0379,116.400049,39.900015,北京市,PC,Wifi,beijing_man2,2.708819606118466
北京-0380,116.734617,40.081065,北京市,laptop,Ethernet,beijing_man1,1.3475580875886375
北京-0381,116.368234,39.880764,北京市,laptop,Ethernet,beijing_man2,1.8007160143319618
北京-0382,116.703364,39.642732,北京市,PC,Wifi,langfang_man1,1.8163683872221004
北京-0383,116.709415,39.643937,北京市,传感器,Ethernet,langfang_man1,1.4674383237765523
北京-0384,116.434591,39.756868,北京市,laptop,Ethernet,beijing_man1,1.5906434578001487
北京-0385,116.105924,39.818399,北京市,PC,Wifi,beijing_man2,4.348564902297652
北京-0386,116.278813,39.960891,北京市,手机,Wifi,beijing_man2,1.8289570869223328
北京-0387,116.240859,39.897156,北京市,PC,Wifi,beijing_man2,4.535903503542197
北京-0388,116.483212,39.964933,北京市,PC,Cellular,beijing_man1,5.489798531306403
北京-0389,116.176415,39.754056,北京市,PC,Wifi,beijing_man1,1.1476340093538155
北京-0390,116.398033,39.889729,北京市,PC,Wifi,beijing_man2,4.383333240098956
北京-0391,116.987298,39.794984,北京市,手机,Wifi,langfang_man2,2.9642622526928837
北京-0392,116.4,39.9,北京市,手机,Ethernet,beijing_man2,1.471768656070311
北京-0393,116.39973,39.899669,北京市,传感器,Cellular,beijing_man2,4.53740963012316
北京-0394,116.626966,39.961795,北京市,传感器,Ethernet,beijing_man1,1.1924678036465366
北京-0395,116.397518,39.905642,北京市,手机,Wifi,beijing_man2,1.5230598232110903
北京-0396,116.788354,40.177361,北京市,laptop,Cellular,beijing_man1,4.9497943792390595
北京-0397,116.360356,39.84952,北京市,手机,Cellular,beijing_man2,5.920290796300416
北京-0398,116.365705,39.919692,北京市,传感器,Wifi,beijing_man2,4.328665844870233
北京-0399,116.399657,39.899671,北京市,传感器,Cellular,beijing_man2,7.731162046741754
北京-0400,116.214468,40.035406,北京市,laptop,Ethernet,beijing_man2,1.659537763853017
北京-0401,116.399844,39.899859,北京市,laptop,Ethernet,beijing_man2,1.6941546441463955
北京-0402,116.227158,39.821384,北京市,手机,Ethernet,beijing_man2,1.8256058599850606
北京-0403,116.391402,39.826182,北京市,PC,Wifi,beijing_man1,1.982261303475811
北京-0404,116.410089,39.899872,北京市,PC,Cellular,beijing_man2,2.1225324235866814
北京-0405,116.389709,39.894344,北京市,手机,Ethernet,beijing_man2,1.8083316983862496
北京-0406,116.18065,39.759351,北京市,手机,Wifi,beijing_man1,3.9902003886668034
北京-0407,116.382674,39.890125,北京市,传感器,Ethernet,beijing_man2,1.233583494901956
北京-0408,116.288071,40.258771,北京市,传感器,Cellular,beijing_man1,2.276650866023023
北京-0409,116.357098,39.807068,北京市,手机,Ethernet,beijing_man1,1.4310458260616257
北京-0410,116.437408,39.800179,北京市,PC,Wifi,beijing_man1,1.5328508889701347
北京-0411,116.419539,39.898619,北京市,手机,Wifi,beijing_man2,1.4926176374413105
北京-0412,115.927759,39.937955,北京市,手机,Ethernet,beijing_man2,1.983983147181672
北京-0413,116.400668,39.899167,北京市,laptop,Wifi,beijing_man2,3.8985239107551815
北京-0414,116.263811,39.740905,北京市,手机,Ethernet,beijing_man1,1.0032016552082461
北京-0415,116.390734,39.897838,北京市,手机,Ethernet,beijing_man2,1.8491813801632289
北京-0416,116.552935,39.919624,北京市,laptop,Wifi,beijing_man1,2.0655122192032325
北京-0417,116.560801,39.781748,北京市,PC,Cellular,beijing_man1,4.2405778108581265
北京-0418,116.393937,39.906277,北京市,传感器,Cellular,beijing_man2,1.8210991307456803
北京-0419,116.336285,39.79034,北京市,传感器,Cellular,beijing_man1,3.107539895908879
北京-0420,116.714547,39.525192,北京市,PC,Cellular,langfang_man1,2.406892557924138
北京-0421,116.386008,39.918818,北京市,手机,Wifi,beijing_man2,2.1789183226608007
北京-0422,116.049113,40.192042,北京市,PC,Wifi,beijing_man2,2.7266502454857164
北京-0423,116.4,39.9,北京市,laptop,Wifi,beijing_man2,1.5619578150287463
北京-0424,116.312335,39.903116,北京市,PC,Cellular,beijing_man2,5.772874260969268
北京-0425,116.599427,40.099739,北京市,PC,Wifi,beijing_man1,1.378032620891878
北京-0426,115.991705,39.83243,北京市,传感器,Cellular,beijing_man2,7.122329298375734
北京-0427,116.693609,39.963833,北京市,传感器,Cellular,beijing_man1,1.4920751945888813
北京-0428,116.386115,39.944927,北京市,PC,Cellular,beijing_man2,2.5723742016003324
北京-0429,116.425381,39.915859,北京市,手机,Cellular,beijing_man2,2.7950154558757925
北京-0430,116.292912,39.725425,北京市,laptop,Ethernet,beijing_man1,1.0491662442352157
北京-0431,116.394456,39.896496,北京市,传感器,Cellular,beijing_man2,7.336403225275817
北京-0432,116.406937,39.903334,北京市,laptop,Cellular,beijing_man2,2.131055048917699
北京-0433,116.458906,39.683256,北京市,PC,Ethernet,beijing_man1,1.3795669814279288
北京-0434,116.39973,39.90051,北京市,PC,Wifi,beijing_man2,4.996738343261475
北京-0435,116.519968,39.895011,北京市,手机,Cellular,beijing_man1,1.3800702965472984
北京-0436,116.728673,39.751334,北京市,laptop,Wifi,beijing_man1,4.155076958869904
北京-0437,116.456276,39.753187,北京市,laptop,Wifi,beijing_man1,1.6208345044672856
北京-0438,116.262575,40.412295,北京市,laptop,Cellular,beijing_man1,4.716622271433179
北京-0439,116.705928,39.51977,北京市,laptop,Ethernet,langfang_man1,1.9788840877208278
北京-0440,116.18562,39.686346,北京市,手机,Cellular,beijing_man1,4.259814628823172
北京-0441,116.325387,39.82154,北京市,laptop,Wifi,beijing_man1,4.709265088847996
北京-0442,116.404353,39.896857,北京市,传感器,Wifi,beijing_man2,2.800082575538059
北京-0443,116.395478,39.897911,北京市,PC,Cellular,beijing_man2,6.318794798957613
北京-0444,116.401384,39.900671,北京市,laptop,Wifi,beijing_man2,4.585894572710219
北京-0445,116.33298,39.950581,北京市,传感器,Ethernet,beijing_man2,1.5590966427845596
北京-0446,116.530504,39.712093,北京市,laptop,Wifi,beijing_man1,4.117158530242006
北京-0447,116.543742,40.185442,北京市,手机,Cellular,beijing_man1,2.5392444978054614
北京-0448,116.554735,39.521665,北京市,laptop,Ethernet,langfang_man1,1.5249311067517954
北京-0449,116.427943,39.898128,北京市,传感器,Ethernet,beijing_man2,1.2506454307856083
北京-0450,116.376752,39.871127,北京市,手机,Wifi,beijing_man2,2.0548930169916413
北京-0451,116.494005,39.873142,北京市,手机,Ethernet,beijing_man1,1.8463204072332897
北京-0452,116.446799,39.997193,北京市,laptop,Cellular,beijing_man1,4.504230713786601
北京-0453,116.25829,39.389689,北京市,传感器,Cellular,baoding_man2,1.9686879995050173
北京-0454,116.400144,39.900025,北京市,传感器,Cellular,beijing_man2,6.6301783758883435
北京-0455,115.9767,39.820109,北京市,PC,Ethernet,beijing_man2,1.0244442333499504
北京-0456,116.209403,40.133006,北京市,手机,Cellular,beijing_man1,5.177835090064725
北京-0457,116.472433,39.912927,北京市,laptop,Cellular,beijing_man1,7.651833375698127
北京-0458,116.432851,39.944184,北京市,传感器,Ethernet,beijing_man2,1.1669880080733135
北京-0459,116.829667,40.23648,北京市,PC,Cellular,beijing_man1,6.042601015850987
北京-0460,116.846708,39.700475,北京市,手机,Cellular,langfang_man2,6.243581776309346
北京-0461,116.400002,39.900015,北京市,手机,Ethernet,beijing_man2,1.1217675439432722
北京-0462,116.35827,39.820446,北京市,手机,Wifi,beijing_man1,1.790207399505396
北京-0463,116.400035,39.900012,北京市,PC,Ethernet,beijing_man2,1.298352603787265
北京-0464,116.308793,39.952541,北京市,laptop,Cellular,beijing_man2,5.206214894839272
北京-0465,116.394738,39.9042,北京市,传感器,Wifi,beijing_man2,1.9965904568943689
北京-0466,116.445409,39.942829,北京市,手机,Ethernet,beijing_man1,1.5200862649286462
北京-0467,116.440125,39.702024,北京市,传感器,Wifi,beijing_man1,3.972860208543283
北京-0468,117.004273,39.996359,北京市,传感器,Ethernet,langfang_man2,1.8245599194683324
北京-0469,116.40008,39.900173,北京市,手机,Ethernet,beijing_man2,1.3414493064839972
北京-0470,116.398806,39.898162,北京市,手机,Cellular,beijing_man2,1.1919732573300426
北京-0471,116.414466,39.935206,北京市,laptop,Ethernet,beijing_man2,1.3238925471767389
北京-0472,116.332682,39.767399,北京市,PC,Ethernet,beijing_man1,1.8765074934302137
北京-0473,116.215454,39.920609,北京市,PC,Wifi,beijing_man2,2.5447618746145
北京-0474,116.404197,39.898276,北京市,laptop,Wifi,beijing_man2,3.6522729881403597
北京-0475,116.400001,39.900001,北京市,手机,Cellular,beijing_man2,5.182598027951534
北京-0476,116.389531,39.777961,北京市,手机,Wifi,beijing_man1,1.473535693835624
北京-0477,116.674195,39.66144,北京市,PC,Ethernet,langfang_man1,1.4774295755991482
北京-0478,116.474724,39.982349,北京市,手机,Ethernet,beijing_man1,1.3197919371956726
北京-0479,116.072045,39.558159,北京市,PC,Wifi,beijing_man1,4.573900144749911
北京-0480,116.561,39.844165,北京市,laptop,Ethernet,beijing_man1,1.5776265502386386
北京-0481,116.424846,39.949924,北京市,传感器,Cellular,beijing_man2,2.937265178246276
北京-0482,116.126261,39.953313,北京市,laptop,Cellular,beijing_man2,1.886637310414754
北京-0483,116.264643,40.061547,北京市,laptop,Cellular,beijing_man2,3.5692953770858447
北京-0484,116.398461,39.893936,北京市,手机,Ethernet,beijing_man2,1.8830178143591987
北京-0485,116.399757,39.900074,北京市,PC,Cellular,beijing_man2,1.3899625263392876
北京-0486,116.24982,39.520222,北京市,laptop,Cellular,beijing_man1,3.0921184285984245
北京-0487,116.398956,39.898843,北京市,手机,Ethernet,beijing_man2,1.3908163801890452
北京-0488,116.442233,39.962753,北京市,PC,Ethernet,beijing_man1,1.1017338261301046
北京-0489,116.155531,40.012786,北京市,传感器,Ethernet,beijing_man2,1.8646475303043042
北京-0490,116.731849,39.620126,北京市,手机,Wifi,langfang_man1,2.2635442297664983
北京-0491,116.231196,40.11224,北京市,PC,Ethernet,beijing_man1,1.9213666228109916
北京-0492,116.217376,39.884934,北京市,PC,Wifi,beijing_man2,2.7401501689349725
北京-0493,116.399595,39.901731,北京市,laptop,Ethernet,beijing_man2,1.1785610235769866
北京-0494,116.433338,39.875961,北京市,手机,Ethernet,beijing_man2,1.8507139535090573
北京-0495,116.399523,39.900054,北京市,PC,Ethernet,beijing_man2,1.4557781536822163
北京-0496,116.367216,39.651968,北京市,手机,Ethernet,beijing_man1,1.3478452149255928
北京-0497,116.400005,39.900001,北京市,PC,Ethernet,beijing_man2,1.0554041066033437
北京-0498,116.412853,39.917304,北京市,手机,Ethernet,beijing_man2,1.5694775787791335
北京-0499,116.365929,39.902346,北京市,PC,Wifi,beijing_man2,1.6393335903547919
北京-0500,116.566424,39.538729,北京市,laptop,Ethernet,langfang_man1,1.5781992590203031
北京-0501,116.444238,39.931064,北京市,PC,Wifi,beijing_man1,2.9802921534908977
北京-0502,116.259664,39.876294,北京市,PC,Wifi,beijing_man2,2.382184160585276
北京-0503,116.307102,39.94667,北京市,手机,Ethernet,beijing_man2,1.4322716470174268
北京-0504,116.3999,39.89895,北京市,手机,Cellular,beijing_man2,6.371611908568652
北京-0505,116.25558,40.022865,北京市,laptop,Ethernet,beijing_man2,1.4692748965956857
北京-0506,116.520282,39.884312,北京市,手机,Wifi,beijing_man1,2.358740106198392
北京-0507,116.133644,39.887426,北京市,PC,Wifi,beijing_man2,3.5055003081546454
北京-0508,116.373221,39.886931,北京市,手机,Wifi,beijing_man2,1.7573865921348601
北京-0509,116.117774,39.604855,北京市,laptop,Cellular,beijing_man1,1.5010236885067956
北京-0510,116.537716,40.128979,北京市,手机,Cellular,beijing_man1,2.9638819655399464
北京-0511,116.488923,39.859487,北京市,手机,Wifi,beijing_man1,2.752441072740829
北京-0512,116.222851,39.890647,北京市,laptop,Wifi,beijing_man2,4.296420732263609
北京-0513,116.603961,40.269639,北京市,传感器,Cellular,beijing_man1,2.1501407248942583
北京-0514,116.4,39.9,北京市,PC,Cellular,beijing_man2,5.76719827695224
北京-0515,116.484469,40.116612,北京市,手机,Ethernet,beijing_man1,1.4853643632115077
北京-0516,116.399989,39.900066,北京市,手机,Cellular,beijing_man2,4.725116711061432
北京-0517,116.399409,39.899924,北京市,手机,Wifi,beijing_man2,4.094201157914452
北京-0518,116.398664,39.905501,北京市,手机,Cellular,beijing_man2,2.8151346589324513
北京-0519,116.397404,39.900669,北京市,传感器,Ethernet,beijing_man2,1.4388904532064077
北京-0520,116.840861,39.930145,北京市,laptop,Wifi,langfang_man2,2.947242099681424
北京-0521,116.40382,39.900642,北京市,PC,Cellular,beijing_man2,4.10939188400851
北京-0522,116.799067,40.022562,北京市,PC,Cellular,beijing_man1,2.9830161075396022
北京-0523,116.412542,39.828665,北京市,手机,Wifi,beijing_man1,1.676719483219221
北京-0524,116.632293,39.495908,北京市,laptop,Cellular,langfang_man1,5.043330792257624
北京-0525,116.400026,39.900063,北京市,传感器,Ethernet,beijing_man2,1.5361531248716052
北京-0526,116.400271,39.898578,北京市,传感器,Ethernet,beijing_man2,1.5330927131428225
北京-0527,116.333696,39.895644,北京市,PC,Cellular,beijing_man2,3.8876062670639224
北京-0528,116.379163,39.94726,北京市,PC,Wifi,beijing_man2,1.5363161896978292
北京-0529,116.427809,39.977511,北京市,手机,Wifi,beijing_man1,4.572414248084989
北京-0530,116.399877,39.90014,北京市,laptop,Ethernet,beijing_man2,1.0808110604416696
北京-0531,116.350336,39.78591,北京市,laptop,Cellular,beijing_man1,6.892951614246168
北京-0532,116.40234,39.898335,北京市,PC,Wifi,beijing_man2,2.2187520532829996
北京-0533,116.399844,39.899483,北京市,laptop,Ethernet,beijing_man2,1.695364048418331
北京-0534,116.668522,40.354353,北京市,传感器,Cellular,beijing_man1,5.65631146925506
北京-0535,116.355749,39.864266,北京市,laptop,Cellular,beijing_man2,6.215631530534758
北京-0536,116.415741,40.10016,北京市,传感器,Ethernet,beijing_man1,1.718991558517045
北京-0537,116.297139,39.824585,北京市,手机,Cellular,beijing_man2,6.546135445178055
北京-0538,116.689287,40.15908,北京市,PC,Cellular,beijing_man1,7.203134940529585
北京-0539,116.451025,40.141865,北京市,laptop,Ethernet,beijing_man1,1.4618769501781845
北京-0540,116.084692,40.076395,北京市,传感器,Cellular,beijing_man2,4.6299180467086885
北京-0541,116.39872,39.898342,北京市,laptop,Cellular,beijing_man2,5.932389622422488
北京-0542,116.304119,39.935917,北京市,PC,Ethernet,beijing_man2,1.3782414861901136
北京-0543,116.752668,39.696349,北京市,传感器,Cellular,langfang_man1,2.231977677657031
北京-0544,116.516496,39.721898,北京市,传感器,Cellular,beijing_man1,1.321565791782193
北京-0545,116.389292,39.886564,北京市,PC,Cellular,beijing_man2,4.763447423500041
北京-0546,116.400766,39.896963,北京市,PC,Cellular,beijing_man2,4.743296866644391
北京-0547,116.42063,39.909515,北京市,PC,Ethernet,beijing_man2,1.8074214175639862
北京-0548,116.395478,39.904451,北京市,laptop,Ethernet,beijing_man2,1.3095642143069777
北京-0549,116.684363,40.29823,北京市,手机,Wifi,beijing_man1,3.3449115818892734
北京-0550,116.528735,39.689217,北京市,手机,Cellular,beijing_man1,5.520619288573121
北京-0551,116.694346,40.336414,北京市,laptop,Wifi,beijing_man1,2.722303835905082
北京-0552,116.776276,39.822809,北京市,PC,Cellular,beijing_man1,2.6062116249262184
北京-0553,116.403063,39.89502,北京市,手机,Cellular,beijing_man2,7.976729536044295
北京-0554,116.406533,39.894015,北京市,laptop,Wifi,beijing_man2,3.4485569642186653
北京-0555,116.4,39.900008,北京市,手机,Cellular,beijing_man2,1.9010785113566846
北京-0556,116.491529,40.062463,北京市,laptop,Ethernet,beijing_man1,1.232372036981323
北京-0557,116.398861,39.900694,北京市,PC,Ethernet,beijing_man2,1.7009167856985208
北京-0558,116.223402,39.860497,北京市,laptop,Ethernet,beijing_man2,1.4147872129809058
北京-0559,116.353971,39.532418,北京市,PC,Ethernet,beijing_man1,1.5883391711913695
北京-0560,116.766795,39.723878,北京市,PC,Cellular,beijing_man1,4.673331336463522
北京-0561,116.400486,39.84243,北京市,手机,Cellular,beijing_man1,5.905189565955657
北京-0562,116.360334,39.913906,北京市,传感器,Cellular,beijing_man2,6.322644517716871
北京-0563,116.400001,39.900002,北京市,laptop,Cellular,beijing_man2,6.105695981122205
北京-0564,115.926132,39.812476,北京市,传感器,Cellular,beijing_man2,3.1461481327642553
北京-0565,116.400032,39.900034,北京市,laptop,Ethernet,beijing_man2,1.4026584388776817
北京-0566,116.401442,39.899569,北京市,手机,Cellular,beijing_man2,6.455424199386656
北京-0567,116.251309,39.82454,北京市,PC,Wifi,beijing_man2,4.775374811505927
北京-0568,116.401059,39.894035,北京市,传感器,Ethernet,beijing_man2,1.132570696104271
北京-0569,116.220526,39.602446,北京市,laptop,Cellular,beijing_man1,3.5147965300729034
北京-0570,115.760997,39.912577,北京市,laptop,Ethernet,beijing_man2,1.7684373458995668
北京-0571,116.401335,39.90036,北京市,PC,Cellular,beijing_man2,2.035394438146408
北京-0572,116.376163,39.907167,北京市,PC,Ethernet,beijing_man2,1.4146144928906326
北京-0573,116.403721,39.901527,北京市,传感器,Ethernet,beijing_man2,1.7956234460195122
北京-0574,116.51463,39.638535,北京市,手机,Cellular,beijing_man1,2.4040644048121815
北京-0575,116.39995,39.899998,北京市,PC,Wifi,beijing_man2,1.8799542433393586
北京-0576,116.397838,39.898361,北京市,手机,Ethernet,beijing_man2,1.8678130233657895
北京-0577,116.313192,39.480308,北京市,传感器,Wifi,beijing_man1,4.513798950362959
北京-0578,116.418293,39.906334,北京市,PC,Cellular,beijing_man2,6.0553453273671645
北京-0579,116.399991,39.900001,北京市,传感器,Cellular,beijing_man2,4.096478174086894
北京-0580,116.435334,39.835811,北京市,手机,Cellular,beijing_man1,7.417233737425342
北京-0581,116.402766,39.901422,北京市,laptop,Ethernet,beijing_man2,1.949520353052496
北京-0582,116.374514,39.875723,北京市,PC,Wifi,beijing_man2,1.0154283520535823
北京-0583,116.4,39.9,北京市,传感器,Ethernet,beijing_man2,1.5806280086284714
北京-0584,116.554458,39.714566,北京市,传感器,Cellular,beijing_man1,3.6668304798066274
北京-0585,116.304518,39.838511,北京市,laptop,Cellular,beijing_man2,1.2545173841594035
北京-0586,115.896207,39.850488,北京市,PC,Ethernet,beijing_man2,1.7684607374050731
北京-0587,116.773624,40.123713,北京市,传感器,Cellular,beijing_man1,4.649120279051601
北京-0588,116.397739,39.900562,北京市,手机,Wifi,beijing_man2,3.8950586679727817
北京-0589,116.084814,40.083516,北京市,laptop,Cellular,beijing_man2,7.738868335581128
北京-0590,116.391545,39.88407,北京市,传感器,Ethernet,beijing_man2,1.7877559106279444
北京-0591,116.435042,39.83882,北京市,PC,Ethernet,beijing_man1,1.7106150884709783
北京-0592,116.405583,40.287262,北京市,手机,Ethernet,beijing_man1,1.6316173990339404
北京-0593,116.521791,40.092501,北京市,传感器,Cellular,beijing_man1,3.745378334222869
北京-0594,116.403781,39.891223,北京市,laptop,Cellular,beijing_man2,1.61935190319412
北京-0595,116.393982,39.896542,北京市,PC,Cellular,beijing_man2,5.639454842954491
北京-0596,116.592077,40.135972,北京市,PC,Cellular,beijing_man1,6.148796261620731
北京-0597,116.380354,39.900365,北京市,传感器,Cellular,beijing_man2,5.564117136308031
北京-0598,116.4,39.9,北京市,手机,Cellular,beijing_man2,2.5523140248526968
北京-0599,116.229192,39.91582,北京市,PC,Cellular,beijing_man2,4.709829656297806
北京-0600,116.400034,39.900046,北京市,手机,Ethernet,beijing_man2,1.3563787387964568
北京-0601,115.860298,39.663676,北京市,传感器,Wifi,baoding_man2,1.5285518159872709
北京-0602,116.292244,40.114805,北京市,PC,Cellular,beijing_man1,2.136068293646268
北京-0603,116.816558,39.715583,北京市,PC,Ethernet,langfang_man2,1.5312423002426492
北京-0604,116.39726,39.904165,北京市,PC,Wifi,beijing_man2,1.722329088826175
北京-0605,116.845483,39.811665,北京市,传感器,Wifi,langfang_man2,3.8763089698373983
北京-0606,116.384775,39.906277,北京市,手机,Cellular,beijing_man2,5.291120424719032
北京-0607,116.403239,39.88312,北京市,PC,Ethernet,beijing_man2,1.2497385751819756
北京-0608,116.66824,40.099996,北京市,传感器,Cellular,beijing_man1,4.716745525155621
北京-0609,116.76423,39.640407,北京市,手机,Ethernet,langfang_man1,1.2810457773888126
北京-0610,116.434424,39.929179,北京市,手机,Cellular,beijing_man2,5.1164176865539845
北京-0611,116.583819,39.729018,北京市,PC,Cellular,beijing_man1,1.0499514725424857
北京-0612,116.358933,40.045091,北京市,手机,Cellular,beijing_man1,3.6341339424547514
北京-0613,116.394819,39.904059,北京市,PC,Cellular,beijing_man2,7.916225034389188
北京-0614,116.393201,39.902241,北京市,手机,Cellular,beijing_man2,6.455197734474988
北京-0615,116.316723,39.953045,北京市,手机,Cellular,beijing_man2,3.626378676867635
北京-0616,116.400089,39.899929,北京市,传感器,Cellular,beijing_man2,2.301946320349396
北京-0617,116.321897,39.644931,北京市,传感器,Ethernet,beijing_man1,1.980781760352392
北京-0618,116.534003,39.42949,北京市,传感器,Ethernet,langfang_man1,1.975217599861804
北京-0619,116.741185,39.477312,北京市,laptop,Ethernet,langfang_man1,1.5867782084413768
北京-0620,116.400001,39.900019,北京市,PC,Cellular,beijing_man2,4.070357715120485
北京-0621,116.261744,39.866131,北京市,手机,Cellular,beijing_man2,4.110571521066253
北京-0622,116.399596,39.901445,北京市,laptop,Cellular,beijing_man2,7.151665605000204
北京-0623,116.658901,40.216936,北京市,传感器,Ethernet,beijing_man1,1.2055238927392418
北京-0624,116.447561,39.592468,北京市,手机,Wifi,beijing_man1,3.527245498360196
北京-0625,116.399993,39.900001,北京市,PC,Ethernet,beijing_man2,1.3774240470710926
北京-0626,116.097017,40.352603,北京市,手机,Wifi,beijing_man1,1.423605165044873
北京-0627,116.646986,39.754038,北京市,PC,Ethernet,beijing_man1,1.1297770161555354
北京-0628,116.379641,39.916405,北京市,传感器,Wifi,beijing_man2,2.431943930107494
北京-0629,116.400007,39.899261,北京市,laptop,Cellular,beijing_man2,5.544710395123422
北京-0630,116.250541,40.143379,北京市,手机,Wifi,beijing_man1,2.9375277577195997
北京-0631,116.608695,39.70229,北京市,laptop,Ethernet,beijing_man1,1.1561918827892024
北京-0632,116.459757,39.940652,北京市,手机,Cellular,beijing_man1,3.8606382967518105
北京-0633,116.265424,39.960451,北京市,传感器,Cellular,beijing_man2,5.278350681634774
北京-0634,116.4,39.9,北京市,laptop,Ethernet,beijing_man2,1.4481454601201125
北京-0635,116.839384,40.272941,北京市,手机,Wifi,beijing_man1,1.0549130060050067
北京-0636,116.383034,39.888618,北京市,laptop,Ethernet,beijing_man2,1.6061847808098415
北京-0637,115.912321,39.834465,北京市,手机,Wifi,beijing_man2,3.7890449164613553
北京-0638,116.401467,39.899137,北京市,PC,Wifi,beijing_man2,1.3610575415724862
北京-0639,116.39425,39.907046,北京市,手机,Cellular,beijing_man2,1.019714359256176
北京-0640,116.393227,39.898431,北京市,手机,Wifi,beijing_man2,2.0255062409592557
北京-0641,115.917481,40.146735,北京市,PC,Cellular,beijing_man2,6.115973613893298
北京-0642,116.407725,39.894043,北京市,laptop,Cellular,beijing_man2,5.7490152114201125
北京-0643,116.501703,40.086415,北京市,PC,Wifi,beijing_man1,3.6409331545924246
北京-0644,116.884633,39.653783,北京市,PC,Wifi,langfang_man1,1.835606763500249
北京-0645,116.398825,39.898918,北京市,手机,Wifi,beijing_man2,4.502470133290473
北京-0646,116.385351,39.892457,北京市,PC,Wifi,beijing_man2,4.436611557408182
北京-0647,116.447126,40.006607,北京市,传感器,Ethernet,beijing_man1,1.3623493769379955
北京-0648,116.365059,39.9117,北京市,laptop,Ethernet,beijing_man2,1.9152066440963682
北京-0649,116.427639,39.908275,北京市,手机,Wifi,beijing_man2,2.446850884218562
北京-0650,116.480989,40.036838,北京市,传感器,Ethernet,beijing_man1,1.348800251286565
北京-0651,116.582321,40.03481,北京市,手机,Ethernet,beijing_man1,1.5649972159711991
北京-0652,116.398233,39.890971,北京市,手机,Ethernet,beijing_man2,1.4153658610169213
北京-0653,116.399977,39.899967,北京市,手机,Ethernet,beijing_man2,1.3733582994101425
北京-0654,116.360402,39.982801,北京市,PC,Ethernet,beijing_man2,1.4714342423817595
北京-0655,116.366603,39.89106,北京市,传感器,Cellular,beijing_man2,6.510196501435278
北京-0656,116.399698,39.890037,北京市,laptop,Cellular,beijing_man2,1.3613169120401523
北京-0657,116.724711,39.431985,北京市,传感器,Wifi,langfang_man1,4.965052349041115
北京-0658,116.394701,39.949493,北京市,PC,Cellular,beijing_man2,2.7906989264013973
北京-0659,116.381316,39.904965,北京市,传感器,Cellular,beijing_man2,4.7643807682473245
北京-0660,116.199322,39.714665,北京市,laptop,Cellular,beijing_man1,2.205400640285271
北京-0661,116.399999,39.900001,北京市,PC,Ethernet,beijing_man2,1.4416534878668825
北京-0662,116.326203,39.839915,北京市,传感器,Cellular,beijing_man2,7.4719710525323295
北京-0663,116.62957,39.727953,北京市,传感器,Wifi,beijing_man1,4.922112901794775
北京-0664,116.394356,39.911833,北京市,传感器,Cellular,beijing_man2,2.222087919389909
北京-0665,116.404376,39.92457,北京市,PC,Ethernet,beijing_man2,1.1957271885968228
北京-0666,116.406235,39.906576,北京市,手机,Ethernet,beijing_man2,1.8174190307822378
北京-0667,116.403469,39.865229,北京市,laptop,Ethernet,beijing_man2,1.4789190618345616
北京-0668,116.393632,39.955082,北京市,laptop,Ethernet,beijing_man2,1.2289687279934143
北京-0669,116.401174,39.900973,北京市,传感器,Cellular,beijing_man2,6.299971414264148
北京-0670,116.479378,39.927978,北京市,传感器,Ethernet,beijing_man1,1.2799255767355373
北京-0671,116.400396,39.899826,北京市,手机,Ethernet,beijing_man2,1.8256691613433325
北京-0672,116.421607,39.894081,北京市,PC,Wifi,beijing_man2,3.4065179819069487
北京-0673,116.40004,39.900085,北京市,传感器,Wifi,beijing_man2,3.1992064939307765
北京-0674,116.611329,39.87262,北京市,传感器,Cellular,beijing_man1,2.8892932672412406
北京-0675,116.714092,40.223191,北京市,PC,Ethernet,beijing_man1,1.695848315965941
北京-0676,115.817714,40.032571,北京市,laptop,Cellular,beijing_man2,4.587428722592998
北京-0677,116.399973,39.900064,北京市,PC,Cellular,beijing_man2,3.1793265425107955
北京-0678,116.065658,39.973334,北京市,传感器,Ethernet,beijing_man2,1.0178642904368294
北京-0679,116.400009,39.899991,北京市,传感器,Ethernet,beijing_man2,1.3587988207229116
北京-0680,116.400262,39.899927,北京市,laptop,Wifi,beijing_man2,2.3775340510318874
北京-0681,116.154936,40.221007,北京市,laptop,Cellular,beijing_man1,4.788499199457715
北京-0682,116.174551,40.156388,北京市,传感器,Wifi,beijing_man1,1.984862802956807
北京-0683,116.443138,39.50174,北京市,传感器,Wifi,langfang_man1,3.308602543699195
北京-0684,116.398242,39.895085,北京市,PC,Wifi,beijing_man2,1.227301626805572
北京-0685,116.767916,40.068856,北京市,laptop,Cellular,beijing_man1,2.8449478547652696
北京-0686,116.403259,39.903316,北京市,手机,Wifi,beijing_man2,2.3672824655243487
北京-0687,116.300643,40.200993,北京市,PC,Ethernet,beijing_man1,1.392433295120076
北京-0688,116.423253,39.905496,北京市,PC,Cellular,beijing_man2,2.077856939561994
北京-0689,116.394074,39.914271,北京市,PC,Wifi,beijing_man2,2.2096031400744076
北京-0690,116.399978,39.899991,北京市,laptop,Ethernet,beijing_man2,1.5255024163027486
北京-0691,116.398777,39.898851,北京市,PC,Wifi,beijing_man2,1.0159713672042554
北京-0692,116.066038,39.844539,北京市,laptop,Wifi,beijing_man2,1.5990069084227372
北京-0693,116.347493,39.776462,北京市,手机,Ethernet,beijing_man1,1.156631355617543
北京-0694,117.000122,40.078585,北京市,PC,Wifi,langfang_man2,2.6455299404642814
北京-0695,115.821016,39.942482,北京市,laptop,Wifi,beijing_man2,1.6228957993651814
北京-0696,116.340503,39.902967,北京市,手机,Ethernet,beijing_man2,1.4885234187169702
北京-0697,116.393956,39.915757,北京市,传感器,Ethernet,beijing_man2,1.6672438056033592
北京-0698,116.66079,39.845897,北京市,传感器,Cellular,beijing_man1,3.2789646166845756
北京-0699,116.029923,39.988079,北京市,laptop,Ethernet,beijing_man2,1.358623791178613
北京-0700,116.334673,39.735089,北京市,手机,Wifi,beijing_man1,1.1183360725704308
北京-0701,116.491248,40.02477,北京市,传感器,Cellular,beijing_man1,2.1522954340603793
北京-0702,116.422048,40.188454,北京市,手机,Cellular,beijing_man1,3.8874674857389038
北京-0703,116.321577,39.886838,北京市,传感器,Wifi,beijing_man2,3.145423080313918
北京-0704,116.387458,39.892413,北京市,手机,Ethernet,beijing_man2,1.5504678524458018
北京-0705,116.57606,39.942961,北京市,传感器,Cellular,beijing_man1,4.934242372722499
北京-0706,116.400144,39.900002,北京市,传感器,Cellular,beijing_man2,7.383611949457569
北京-0707,116.39971,39.897231,北京市,PC,Cellular,beijing_man2,4.968610162928072
北京-0708,116.406555,39.902633,北京市,PC,Ethernet,beijing_man2,1.065010807582666
北京-0709,116.402886,39.895282,北京市,PC,Wifi,beijing_man2,1.9924378969801855
北京-0710,116.229276,40.352853,北京市,laptop,Ethernet,beijing_man1,1.9719821634932808
北京-0711,116.139942,39.567481,北京市,laptop,Cellular,beijing_man1,7.5152970970145425
北京-0712,116.399405,39.90135,北京市,手机,Wifi,beijing_man2,3.611532720531281
北京-0713,116.402044,39.900192,北京市,PC,Ethernet,beijing_man2,1.9051802300665999
北京-0714,116.277563,39.839884,北京市,laptop,Wifi,beijing_man2,3.264435980201604
北京-0715,116.185838,40.369935,北京市,PC,Wifi,beijing_man1,2.876122551110385
北京-0716,116.400231,39.900771,北京市,手机,Wifi,beijing_man2,4.320094580725152
北京-0717,116.528874,39.819463,北京市,PC,Cellular,beijing_man1,5.813627747780463
北京-0718,116.300758,39.849863,北京市,laptop,Wifi,beijing_man2,3.756402357217787
北京-0719,116.397432,39.959406,北京市,laptop,Ethernet,beijing_man2,1.9577061250361036
北京-0720,116.316138,39.897905,北京市,传感器,Wifi,beijing_man2,1.0977827625224381
北京-0721,116.415192,40.011574,北京市,传感器,Cellular,beijing_man1,2.488195247482208
北京-0722,117.088914,39.953524,北京市,PC,Cellular,langfang_man2,4.389273841503368
北京-0723,116.293517,39.638984,北京市,PC,Wifi,beijing_man1,3.6784105235308187
北京-0724,116.400301,39.899264,北京市,传感器,Cellular,beijing_man2,6.3806533596150885
北京-0725,116.42519,39.876223,北京市,laptop,Wifi,beijing_man2,4.009776264338342
北京-0726,116.469822,39.88757,北京市,PC,Ethernet,beijing_man1,1.6216883272632971
北京-0727,116.409638,39.902374,北京市,laptop,Cellular,beijing_man2,3.542178450622348
北京-0728,116.398726,39.903226,北京市,手机,Cellular,beijing_man2,5.2277682824889204
北京-0729,116.63455,39.766285,北京市,laptop,Ethernet,beijing_man1,1.2896048104213986
北京-0730,115.803641,40.015589,北京市,传感器,Wifi,beijing_man2,2.2636508814500793
北京-0731,116.425918,39.899367,北京市,传感器,Cellular,beijing_man2,4.160297631939806
北京-0732,116.193671,39.983315,北京市,laptop,Cellular,beijing_man2,3.565608404960436
北京-0733,116.297432,39.856768,北京市,laptop,Wifi,beijing_man2,1.8782817920907733
北京-0734,116.40001,39.899987,北京市,手机,Cellular,beijing_man2,3.4638613828190623
北京-0735,116.318779,39.925715,北京市,laptop,Cellular,beijing_man2,7.615378180326378
北京-0736,116.39263,39.896995,北京市,PC,Wifi,beijing_man2,3.6703938312537003
北京-0737,116.399577,39.898062,北京市,PC,Cellular,beijing_man2,6.957625251531624
北京-0738,116.402006,39.900189,北京市,PC,Ethernet,beijing_man2,1.662005474430854
北京-0739,116.541776,39.986806,北京市,laptop,Ethernet,beijing_man1,1.348987903752434
北京-0740,116.509783,39.913948,北京市,手机,Ethernet,beijing_man1,1.1692746021902356
北京-0741,116.40181,39.900167,北京市,laptop,Cellular,beijing_man2,2.642784655602115
北京-0742,116.415824,39.911793,北京市,传感器,Cellular,beijing_man2,2.259970888661439
北京-0743,116.279781,40.241628,北京市,手机,Cellular,beijing_man1,6.734195308955227
北京-0744,116.541562,39.948273,北京市,laptop,Cellular,beijing_man1,3.0739847411589722
北京-0745,116.400278,39.899932,北京市,手机,Wifi,beijing_man2,4.145138345952694
北京-0746,116.399627,39.897962,北京市,手机,Wifi,beijing_man2,1.2094907093711216
北京-0747,116.420015,39.899263,北京市,传感器,Wifi,beijing_man2,3.8906207361758693
北京-0748,116.426185,39.916763,北京市,手机,Wifi,beijing_man2,2.2189174616045553
北京-0749,116.547631,39.926294,北京市,laptop,Ethernet,beijing_man1,1.9919065612024562
北京-0750,116.411269,39.913797,北京市,PC,Wifi,beijing_man2,2.62816024995571
北京-0751,116.396899,39.898714,北京市,传感器,Ethernet,beijing_man2,1.242484255746216
北京-0752,116.430056,39.896388,北京市,手机,Cellular,beijing_man2,3.474133595162209
北京-0753,116.65654,40.299949,北京市,传感器,Wifi,beijing_man1,4.683255074058774
北京-0754,116.54695,39.964884,北京市,手机,Cellular,beijing_man1,1.4921439009481037
北京-0755,116.396191,39.899814,北京市,PC,Wifi,beijing_man2,3.276554844510327
北京-0756,116.206886,39.803071,北京市,传感器,Cellular,beijing_man2,4.004652033852266
北京-0757,116.40085,39.90285,北京市,手机,Wifi,beijing_man2,4.7601649677803906
北京-0758,116.465474,39.823375,北京市,传感器,Cellular,beijing_man1,1.868364120353367
北京-0759,116.711291,40.031163,北京市,传感器,Cellular,beijing_man1,7.393428154734736
北京-0760,116.453847,40.074943,北京市,传感器,Cellular,beijing_man1,5.8759069288045715
北京-0761,116.141864,40.147257,北京市,传感器,Ethernet,beijing_man2,1.6507405118656346
北京-0762,116.144316,39.831414,北京市,laptop,Wifi,beijing_man2,3.592223743222338
北京-0763,116.40033,39.896494,北京市,传感器,Cellular,beijing_man2,2.7992142913153746
北京-0764,116.326198,39.781361,北京市,laptop,Ethernet,beijing_man1,1.5557179186350778
北京-0765,116.556024,39.987422,北京市,laptop,Ethernet,beijing_man1,1.8205855434503437
北京-0766,116.283395,39.882153,北京市,laptop,Wifi,beijing_man2,2.0807744829976182
北京-0767,115.818556,40.143759,北京市,传感器,Ethernet,beijing_man2,1.5567724829002443
北京-0768,116.416414,39.953959,北京市,PC,Cellular,beijing_man2,4.549224620053277
北京-0769,116.366566,39.898185,北京市,laptop,Ethernet,beijing_man2,1.3381960876228411
北京-0770,116.393468,39.898081,北京市,手机,Wifi,beijing_man2,4.285955785970131
北京-0771,116.399455,39.900309,北京市,传感器,Wifi,beijing_man2,1.491638832651451
北京-0772,116.35496,39.816277,北京市,手机,Cellular,beijing_man1,6.8114807972760065
北京-0773,116.128885,39.531523,北京市,传感器,Wifi,beijing_man1,4.409890382180583
北京-0774,116.402118,39.901521,北京市,传感器,Cellular,beijing_man2,4.017654926685586
北京-0775,116.389225,39.908286,北京市,PC,Wifi,beijing_man2,3.3630085068211613
北京-0776,116.722755,39.878582,北京市,PC,Wifi,beijing_man1,2.1942580066689543
北京-0777,116.412305,40.248402,北京市,PC,Ethernet,beijing_man1,1.7249723033242583
北京-0778,116.386855,39.631505,北京市,PC,Cellular,beijing_man1,5.299505713620901
北京-0779,116.583106,39.820876,北京市,传感器,Ethernet,beijing_man1,1.398068902941405
北京-0780,116.509552,40.335997,北京市,PC,Cellular,beijing_man1,2.2091794252819934
北京-0781,116.399987,39.899988,北京市,传感器,Cellular,beijing_man2,3.716702709974564
北京-0782,116.450001,39.898705,北京市,PC,Wifi,beijing_man1,1.8308213783798317
北京-0783,116.403104,39.903569,北京市,laptop,Cellular,beijing_man2,6.718607759055047
北京-0784,116.921682,40.125643,北京市,传感器,Cellular,langfang_man2,7.595411869084585
北京-0785,116.399894,39.900025,北京市,传感器,Cellular,beijing_man2,3.748482634875688
北京-0786,116.359769,39.877082,北京市,laptop,Wifi,beijing_man2,3.0057118355793957
北京-0787,116.401221,39.901172,北京市,PC,Wifi,beijing_man2,4.52661636179496
北京-0788,116.330605,39.89099,北京市,传感器,Cellular,beijing_man2,2.4384547473029135
北京-0789,116.28625,39.918689,北京市,传感器,Wifi,beijing_man2,2.5170309579946286
北京-0790,116.440357,39.907781,北京市,laptop,Wifi,beijing_man1,1.7826526594781917
北京-0791,116.401279,39.898281,北京市,传感器,Cellular,beijing_man2,2.246410667887326
北京-0792,116.117982,39.762869,北京市,手机,Wifi,beijing_man2,4.725008429925731
北京-0793,116.407988,39.90316,北京市,laptop,Cellular,beijing_man2,5.8463362422968155
北京-0794,116.384045,39.918831,北京市,laptop,Wifi,beijing_man2,1.0502618552005858
北京-0795,116.391166,39.897091,北京市,传感器,Wifi,beijing_man2,4.970165106707766
北京-0796,116.398648,39.899351,北京市,传感器,Ethernet,beijing_man2,1.7106285731874615
北京-0797,115.925845,39.85,北京市,传感器,Ethernet,beijing_man2,1.4169327623795684
北京-0798,116.453284,39.908248,北京市,laptop,Cellular,beijing_man1,3.047322264771358
北京-0799,116.460631,39.912604,北京市,laptop,Cellular,beijing_man1,2.2262839308587794
北京-0800,116.521019,39.810052,北京市,手机,Cellular,beijing_man1,3.6556622320148855
北京-0801,116.396993,39.939687,北京市,传感器,Wifi,beijing_man2,3.5374811540059423
北京-0802,116.39882,39.900445,北京市,传感器,Wifi,beijing_man2,2.098054515308609
北京-0803,116.385051,39.944569,北京市,传感器,Wifi,beijing_man2,1.8930529570314074
北京-0804,116.396972,39.905561,北京市,PC,Wifi,beijing_man2,1.1500821810841844
北京-0805,116.604518,39.964643,北京市,laptop,Ethernet,beijing_man1,1.2091557384730551
北京-0806,116.4574,39.883802,北京市,laptop,Wifi,beijing_man1,4.191727482660396
北京-0807,116.282179,39.533351,北京市,手机,Ethernet,beijing_man1,1.2139193125121306
北京-0808,116.36762,39.891966,北京市,传感器,Cellular,beijing_man2,5.392609252942381
北京-0809,115.847574,40.229803,北京市,PC,Ethernet,beijing_man2,1.440260780887151
北京-0810,116.401944,39.899235,北京市,传感器,Wifi,beijing_man2,2.5570705362881787
北京-0811,116.470088,39.852963,北京市,手机,Wifi,beijing_man1,3.9951737110228214
北京-0812,116.332015,39.843874,北京市,PC,Cellular,beijing_man2,4.503143273544429
北京-0813,116.533341,39.957168,北京市,传感器,Cellular,beijing_man1,3.553080648217158
北京-0814,116.303495,39.690602,北京市,传感器,Ethernet,beijing_man1,1.6609523508716582
北京-0815,116.253185,39.999023,北京市,laptop,Cellular,beijing_man2,3.1994794010459398
北京-0816,116.359869,40.143158,北京市,手机,Wifi,beijing_man1,3.9271477724671717
北京-0817,116.25827,40.235293,北京市,laptop,Ethernet,beijing_man1,1.0964652924033667
北京-0818,116.400013,39.899882,北京市,手机,Ethernet,beijing_man2,1.9026823621750288
北京-0819,116.466201,39.897834,北京市,laptop,Ethernet,beijing_man1,1.4014620737543912
北京-0820,116.480471,39.794686,北京市,手机,Cellular,beijing_man1,6.216812613353937
北京-0821,116.435216,39.921776,北京市,传感器,Ethernet,beijing_man2,1.7744387151505925
北京-0822,116.672327,39.723927,北京市,PC,Ethernet,beijing_man1,1.4989252168169176
北京-0823,116.400109,39.900261,北京市,手机,Ethernet,beijing_man2,1.4944846980513862
北京-0824,116.399928,39.900687,北京市,PC,Ethernet,beijing_man2,1.6265355687079555
北京-0825,116.407619,39.899106,北京市,laptop,Cellular,beijing_man2,5.535626858051369
北京-0826,116.873104,40.110089,北京市,传感器,Ethernet,langfang_man2,1.8748785341680192
北京-0827,116.399069,39.89337,北京市,PC,Cellular,beijing_man2,6.287978691202575
北京-0828,116.401501,39.889277,北京市,传感器,Wifi,beijing_man2,4.940240935471284
北京-0829,116.36634,39.872217,北京市,laptop,Wifi,beijing_man2,3.366294295188708
北京-0830,116.399716,39.900246,北京市,PC,Cellular,beijing_man2,4.512987163261658
北京-0831,116.433391,39.911552,北京市,PC,Cellular,beijing_man2,7.226810599448294
北京-0832,116.400197,39.900099,北京市,PC,Wifi,beijing_man2,1.6951216166535739
北京-0833,116.851255,40.008676,北京市,手机,Ethernet,langfang_man2,1.8713729742938843
北京-0834,116.399778,39.867107,北京市,传感器,Wifi,beijing_man2,1.6154590961436277
北京-0835,116.276591,39.88875,北京市,PC,Cellular,beijing_man2,6.884759150328255
北京-0836,116.400004,39.900003,北京市,laptop,Cellular,beijing_man2,2.4717060455844955
北京-0837,116.465306,40.070877,北京市,传感器,Cellular,beijing_man1,6.604298555347505
北京-0838,116.358561,39.913097,北京市,传感器,Cellular,beijing_man2,4.662311221591316
北京-0839,116.533104,39.81751,北京市,PC,Cellular,beijing_man1,3.6465848417828886
北京-0840,116.39964,39.90002,北京市,PC,Ethernet,beijing_man2,1.102769145377544
北京-0841,116.398767,39.899924,北京市,手机,Wifi,beijing_man2,2.631191347692866
北京-0842,116.425188,39.90706,北京市,PC,Cellular,beijing_man2,5.272645489090218
北京-0843,116.505611,39.901533,北京市,laptop,Wifi,beijing_man1,4.66654109425232
北京-0844,116.350827,39.915061,北京市,传感器,Ethernet,beijing_man2,1.130249449577731
北京-0845,116.526752,39.834416,北京市,手机,Ethernet,beijing_man1,1.0264372450056154
北京-0846,116.22174,39.753453,北京市,PC,Cellular,beijing_man1,5.430737694185464
北京-0847,116.519976,39.671974,北京市,PC,Cellular,beijing_man1,7.8845644789133535
北京-0848,116.374141,39.766986,北京市,手机,Wifi,beijing_man1,3.933892161363466
北京-0849,115.99916,39.698211,北京市,PC,Cellular,beijing_man1,5.187108719886138
北京-0850,116.497557,40.300555,北京市,PC,Wifi,beijing_man1,4.070343949178936
北京-0851,116.879753,39.543337,北京市,传感器,Wifi,langfang_man1,2.9291999100967856
北京-0852,116.38066,40.198246,北京市,laptop,Wifi,beijing_man1,2.4377694347426875
北京-0853,116.133308,39.8175,北京市,手机,Ethernet,beijing_man2,1.3523072727111733
北京-0854,116.38094,40.402693,北京市,传感器,Ethernet,beijing_man1,1.3279078073587252
北京-0855,116.395533,39.884479,北京市,laptop,Ethernet,beijing_man2,1.379523286412107
北京-0856,116.426782,39.928418,北京市,PC,Ethernet,beijing_man2,1.8724414332366264
北京-0857,116.405872,39.894554,北京市,传感器,Wifi,beijing_man2,4.518892983080121
北京-0858,116.325082,39.387346,北京市,PC,Cellular,langfang_man1,3.6332967291950737
北京-0859,116.400432,39.899916,北京市,PC,Wifi,beijing_man2,4.180059771229635
北京-0860,116.442046,39.9679,北京市,laptop,Ethernet,beijing_man1,1.621404975319364
北京-0861,116.400008,39.900093,北京市,传感器,Ethernet,beijing_man2,1.8746817350972096
北京-0862,116.407666,40.009612,北京市,手机,Ethernet,beijing_man1,1.9953310988114996
北京-0863,116.414958,39.932025,北京市,手机,Ethernet,beijing_man2,1.9628157462170344
北京-0864,116.017926,40.029573,北京市,传感器,Wifi,beijing_man2,4.057302003298448
北京-0865,116.85602,39.997702,北京市,传感器,Cellular,langfang_man2,1.551405977162569
北京-0866,116.215739,39.852557,北京市,传感器,Cellular,beijing_man2,2.829778420136129
北京-0867,116.588078,39.870375,北京市,手机,Cellular,beijing_man1,7.534897268196252
北京-0868,116.4,39.9,北京市,传感器,Wifi,beijing_man2,4.616541537443766
北京-0869,116.400672,39.906254,北京市,传感器,Cellular,beijing_man2,5.603442586554367
北京-0870,116.804483,39.619481,北京市,laptop,Wifi,langfang_man1,2.8955691444703966
北京-0871,116.425175,39.924976,北京市,laptop,Cellular,beijing_man2,5.514380694533521
北京-0872,116.400174,39.900108,北京市,传感器,Cellular,beijing_man2,4.092199004238299
北京-0873,116.898988,40.068245,北京市,PC,Wifi,langfang_man2,3.259154311962203
北京-0874,116.399406,39.900619,北京市,手机,Cellular,beijing_man2,4.7439160715309585
北京-0875,116.403183,39.900008,北京市,laptop,Ethernet,beijing_man2,1.631559882066417
北京-0876,116.752029,39.796416,北京市,PC,Ethernet,beijing_man1,1.2299857268635244
北京-0877,115.935898,40.201509,北京市,手机,Cellular,beijing_man2,5.909486232722451
北京-0878,116.394357,39.901414,北京市,手机,Cellular,beijing_man2,3.4131083539937443
北京-0879,115.864389,39.791201,北京市,手机,Wifi,beijing_man2,2.173693765137199
北京-0880,116.474162,39.864598,北京市,laptop,Cellular,beijing_man1,2.361768310817066
北京-0881,116.255803,39.784032,北京市,手机,Cellular,beijing_man1,1.7043396050313147
北京-0882,116.393685,39.85028,北京市,laptop,Ethernet,beijing_man1,1.7133822840383295
北京-0883,115.963952,40.075384,北京市,PC,Wifi,beijing_man2,3.1926398162695424
北京-0884,116.795515,40.262797,北京市,手机,Ethernet,beijing_man1,1.865537917282496
北京-0885,116.399967,39.900054,北京市,laptop,Ethernet,beijing_man2,1.49490007220347
北京-0886,116.506861,39.809366,北京市,传感器,Wifi,beijing_man1,2.0551644734408487
北京-0887,116.301727,40.066302,北京市,laptop,Wifi,beijing_man1,4.486378638787769
北京-0888,116.255213,39.979519,北京市,PC,Ethernet,beijing_man2,1.410224395968466
北京-0889,116.392491,39.887969,北京市,PC,Wifi,beijing_man2,1.8065080053004006
北京-0890,116.342874,39.636339,北京市,传感器,Ethernet,beijing_man1,1.1176464973035976
北京-0891,116.315504,39.58419,北京市,传感器,Wifi,beijing_man1,2.846668998081321
北京-0892,116.399997,39.899998,北京市,PC,Ethernet,beijing_man2,1.3885112375334243
北京-0893,116.826711,39.628574,北京市,手机,Wifi,langfang_man1,4.373761811429947
北京-0894,116.349825,39.991635,北京市,传感器,Cellular,beijing_man2,1.9257200643354844
北京-0895,116.408653,39.961877,北京市,laptop,Cellular,beijing_man2,5.269680532313246
北京-0896,116.425829,39.869302,北京市,传感器,Ethernet,beijing_man1,1.2668300573416007
北京-0897,116.402035,39.896411,北京市,传感器,Cellular,beijing_man2,3.4975087681830956
北京-0898,116.405012,39.896571,北京市,传感器,Cellular,beijing_man2,4.774673591190871
北京-0899,116.399841,39.899036,北京市,传感器,Cellular,beijing_man2,5.0599987354012175
北京-0900,116.163126,39.610272,北京市,传感器,Cellular,beijing_man1,6.920438591136473
北京-0901,116.399522,39.895271,北京市,手机,Cellular,beijing_man2,1.7656644598493625
北京-0902,116.811774,39.929307,北京市,laptop,Wifi,beijing_man1,4.8119398944440075
北京-0903,116.479991,39.956171,北京市,传感器,Wifi,beijing_man1,3.2161275263977145
北京-0904,116.460496,39.903895,北京市,PC,Ethernet,beijing_man1,1.1043287082116562
北京-0905,116.399914,39.900752,北京市,PC,Ethernet,beijing_man2,1.6335518750434415
北京-0906,116.467634,40.21303,北京市,传感器,Cellular,beijing_man1,7.06130568072489
北京-0907,116.401901,39.899171,北京市,手机,Cellular,beijing_man2,4.433231366935603
北京-0908,116.400132,39.899792,北京市,传感器,Cellular,beijing_man2,7.778158904508646
北京-0909,116.400676,39.899355,北京市,手机,Wifi,beijing_man2,3.9010940290236964
北京-0910,116.41385,39.937557,北京市,传感器,Cellular,beijing_man2,2.0160239771455575
北京-0911,116.347805,39.974166,北京市,手机,Cellular,beijing_man2,7.041181803510182
北京-0912,116.420837,39.950392,北京市,laptop,Cellular,beijing_man2,5.813192519489437
北京-0913,116.317094,39.933876,北京市,laptop,Cellular,beijing_man2,4.422635784961898
北京-0914,116.147203,40.182794,北京市,传感器,Wifi,beijing_man1,2.717449352177478
北京-0915,116.811612,39.978629,北京市,laptop,Ethernet,beijing_man1,1.2467662126995376
北京-0916,116.420709,39.898411,北京市,PC,Ethernet,beijing_man2,1.185298729408071
北京-0917,115.816603,39.738128,北京市,PC,Wifi,beijing_man2,2.3154287058692464
北京-0918,116.834289,40.227929,北京市,传感器,Ethernet,beijing_man1,1.804930486395749
北京-0919,116.532868,39.811926,北京市,PC,Cellular,beijing_man1,5.9889356538462035
北京-0920,116.367902,39.807339,北京市,laptop,Ethernet,beijing_man1,1.2394564054883306
北京-0921,116.403372,39.895255,北京市,PC,Ethernet,beijing_man2,1.4654605234545577
北京-0922,116.236246,40.002803,北京市,传感器,Wifi,beijing_man2,3.994162254540198
北京-0923,116.622208,39.717165,北京市,手机,Wifi,beijing_man1,1.688562670521359
北京-0924,116.400032,39.898017,北京市,传感器,Cellular,beijing_man2,3.801469174164443
北京-0925,116.376539,39.924462,北京市,laptop,Cellular,beijing_man2,4.130455779405768
北京-0926,116.491756,39.94334,北京市,PC,Wifi,beijing_man1,1.3598008223547686
北京-0927,115.879046,40.258637,北京市,手机,Wifi,beijing_man2,1.4282995097343725
北京-0928,115.878439,40.036202,北京市,传感器,Ethernet,beijing_man2,1.6925108811897207
北京-0929,116.247465,39.816411,北京市,手机,Ethernet,beijing_man2,1.4804404758098957
北京-0930,116.162456,40.155264,北京市,PC,Ethernet,beijing_man1,1.6663475520168842
北京-0931,116.799798,39.914969,北京市,传感器,Cellular,beijing_man1,6.742383433904401
北京-0932,116.39996,39.900106,北京市,传感器,Wifi,beijing_man2,1.577434579865753
北京-0933,116.417622,39.913668,北京市,laptop,Ethernet,beijing_man2,1.8204330667928545
北京-0934,116.447382,39.854059,北京市,laptop,Ethernet,beijing_man1,1.8366437878565547
北京-0935,116.357952,39.849991,北京市,手机,Wifi,beijing_man2,3.2240191981263755
北京-0936,116.402116,39.899027,北京市,传感器,Ethernet,beijing_man2,1.5725314989260997
北京-0937,116.40326,39.900445,北京市,手机,Ethernet,beijing_man2,1.574750822078651
北京-0938,116.39082,39.922548,北京市,PC,Ethernet,beijing_man2,1.3312139704677466
北京-0939,116.400307,39.899569,北京市,laptop,Wifi,beijing_man2,1.6630659119580504
北京-0940,116.399376,39.895232,北京市,PC,Wifi,beijing_man2,4.180990364647465
北京-0941,116.390055,39.895408,北京市,手机,Ethernet,beijing_man2,1.52227036866378
北京-0942,116.332789,39.689255,北京市,PC,Ethernet,beijing_man1,1.5745838190637234
北京-0943,116.40049,39.926796,北京市,手机,Cellular,beijing_man2,6.946738468696454
北京-0944,115.876256,39.949992,北京市,PC,Wifi,beijing_man2,1.0720365984107083
北京-0945,115.760577,39.808179,北京市,laptop,Wifi,beijing_man2,4.339977425683323
北京-0946,116.544607,39.893005,北京市,laptop,Cellular,beijing_man1,2.1538712728837357
北京-0947,116.184931,39.995926,北京市,PC,Ethernet,beijing_man2,1.6521195545125789
北京-0948,117.049411,39.743519,北京市,PC,Cellular,langfang_man2,4.385703505627805
北京-0949,116.309012,39.709223,北京市,传感器,Wifi,beijing_man1,4.2866390230326665
北京-0950,116.391246,39.982931,北京市,手机,Ethernet,beijing_man2,1.5542202777303955
北京-0951,116.409537,39.877662,北京市,手机,Cellular,beijing_man2,2.6859676037719873
北京-0952,116.399379,39.89972,北京市,PC,Ethernet,beijing_man2,1.6647499317135144
北京-0953,116.35762,39.866483,北京市,传感器,Ethernet,beijing_man2,1.406597724166229
北京-0954,116.400011,39.89999,北京市,laptop,Cellular,beijing_man2,1.5256564998372402
北京-0955,116.269569,39.999971,北京市,传感器,Cellular,beijing_man2,1.9677688528429207
北京-0956,116.395112,39.897176,北京市,传感器,Cellular,beijing_man2,7.6490293944393475
北京-0957,116.737016,39.499342,北京市,传感器,Ethernet,langfang_man1,1.9000454161481541
北京-0958,116.398368,39.900234,北京市,传感器,Ethernet,beijing_man2,1.676427032849135
北京-0959,116.423705,39.909174,北京市,传感器,Ethernet,beijing_man2,1.7453492056739344
北京-0960,116.205972,39.952917,北京市,laptop,Wifi,beijing_man2,1.5481581744746586
北京-0961,116.133253,40.380829,北京市,传感器,Cellular,beijing_man1,2.449511324388357
北京-0962,116.399985,39.900015,北京市,laptop,Ethernet,beijing_man2,1.422706265832753
北京-0963,116.414556,39.922077,北京市,PC,Cellular,beijing_man2,5.4763645296272285
北京-0964,116.099543,39.605946,北京市,PC,Cellular,beijing_man1,4.499575306187377
北京-0965,116.407573,39.889853,北京市,PC,Cellular,beijing_man2,4.7453696702981
北京-0966,116.354439,39.909776,北京市,手机,Ethernet,beijing_man2,1.4177542881667382
北京-0967,116.213142,39.445583,北京市,手机,Ethernet,baoding_man2,1.9725448657842455
北京-0968,116.395008,39.907616,北京市,传感器,Ethernet,beijing_man2,1.7515326781688672
北京-0969,116.563325,39.80484,北京市,PC,Cellular,beijing_man1,4.694491774436947
北京-0970,116.725137,40.008057,北京市,laptop,Cellular,beijing_man1,4.427870904218061
北京-0971,116.575057,39.695946,北京市,手机,Wifi,beijing_man1,2.065756045552652
北京-0972,116.333968,40.05975,北京市,传感器,Cellular,beijing_man1,5.557406769434447
北京-0973,116.56456,40.061879,北京市,PC,Cellular,beijing_man1,6.115518619683258
北京-0974,116.399321,39.897049,北京市,手机,Cellular,beijing_man2,7.7034130414299
北京-0975,116.367707,40.040005,北京市,laptop,Wifi,beijing_man1,1.1196720268339289
北京-0976,116.390366,39.901914,北京市,传感器,Cellular,beijing_man2,1.719271920498148
北京-0977,116.399965,39.899929,北京市,laptop,Wifi,beijing_man2,2.7985168664282636
北京-0978,116.309051,39.644173,北京市,laptop,Wifi,beijing_man1,3.00275194477822
北京-0979,116.420323,39.894179,北京市,传感器,Wifi,beijing_man2,3.419029527151728
北京-0980,116.277387,40.002903,北京市,传感器,Ethernet,beijing_man2,1.724698864950904
北京-0981,116.156733,40.360569,北京市,laptop,Ethernet,beijing_man1,1.2576398109056073
北京-0982,116.400008,39.89834,北京市,PC,Cellular,beijing_man2,2.0156712195130524
北京-0983,116.398875,39.905104,北京市,laptop,Cellular,beijing_man2,4.86708406277557
北京-0984,116.800288,39.840461,北京市,手机,Wifi,beijing_man1,1.3296244953851457
北京-0985,116.520716,40.059516,北京市,传感器,Wifi,beijing_man1,3.9785445615131043
北京-0986,115.993152,40.054913,北京市,传感器,Cellular,beijing_man2,4.524054412230187
北京-0987,116.435068,39.895315,北京市,传感器,Ethernet,beijing_man2,1.4178508663951588
北京-0988,116.36219,39.799586,北京市,传感器,Wifi,beijing_man1,3.882378784802376
北京-0989,116.430333,39.930187,北京市,PC,Wifi,beijing_man2,1.9149620411717119
北京-0990,116.377242,39.902698,北京市,PC,Cellular,beijing_man2,2.766886471066231
北京-0991,116.400785,39.91581,北京市,laptop,Cellular,beijing_man2,5.230409422994029
北京-0992,116.419972,39.940268,北京市,手机,Wifi,beijing_man2,2.9135012937153792
北京-0993,116.181022,40.142031,北京市,传感器,Ethernet,beijing_man1,1.1176680416973226
北京-0994,116.400017,39.899996,北京市,laptop,Ethernet,beijing_man2,1.214902538768679
北京-0995,116.430209,39.867558,北京市,PC,Ethernet,beijing_man1,1.9316139706311697
北京-0996,116.242652,39.673027,北京市,手机,Ethernet,beijing_man1,1.5679177622984013
北京-0997,116.301904,39.983237,北京市,laptop,Cellular,beijing_man2,3.924855464640389
北京-0998,116.510251,39.733565,北京市,传感器,Cellular,beijing_man1,1.2895009902975474
北京-0999,116.401881,39.896162,北京市,PC,Cellular,beijing_man2,5.8744340464155735
天津-0001,116.843255,38.865319,天津市,laptop,Wifi,tianjin_man2,4.506331611576097
天津-0002,117.044544,39.087706,天津市,传感器,Wifi,tianjin_man2,4.3309114510303095
天津-0003,117.405732,39.480994,天津市,传感器,Ethernet,tianjin_man1,1.9837014681109904
天津-0004,117.085998,39.066834,天津市,PC,Ethernet,tianjin_man2,1.1221672481144567
天津-0005,116.943535,39.226547,天津市,手机,Wifi,tianjin_man2,2.293000444545516
天津-0006,117.465561,39.333603,天津市,手机,Ethernet,tianjin_man1,1.801958683993378
天津-0007,116.845332,38.959834,天津市,laptop,Ethernet,tianjin_man2,1.3397342404207175
天津-0008,116.823503,38.903737,天津市,传感器,Wifi,tianjin_man2,3.4859200264092536
天津-0009,117.120399,39.100174,天津市,手机,Ethernet,tianjin_man2,1.6513224246630727
天津-0010,117.48732,39.281318,天津市,手机,Ethernet,tianjin_man1,1.5251616247044968
天津-0011,116.898852,39.340724,天津市,laptop,Ethernet,langfang_man1,1.3265505884141646
天津-0012,116.905605,39.345514,天津市,PC,Cellular,langfang_man1,4.255532272401361
天津-0013,117.146973,39.495319,天津市,手机,Cellular,tianjin_man1,7.869803930742745
天津-0014,117.099047,39.099104,天津市,传感器,Ethernet,tianjin_man2,1.7813513931014495
天津-0015,117.100336,39.099623,天津市,laptop,Cellular,tianjin_man2,5.109762050206999
天津-0016,117.064461,39.155477,天津市,手机,Ethernet,tianjin_man2,1.4537443737065021
天津-0017,117.130317,39.012732,天津市,PC,Ethernet,tianjin_man2,1.7433644726986897
天津-0018,117.100264,39.102589,天津市,PC,Cellular,tianjin_man2,3.4878400563405423
天津-0019,117.064718,39.465639,天津市,PC,Ethernet,langfang_man1,1.1003295062612746
天津-0020,117.070402,39.029494,天津市,手机,Cellular,tianjin_man2,2.7660404572830126
天津-0021,117.100143,39.100005,天津市,PC,Ethernet,tianjin_man2,1.5211377543206157
天津-0022,117.100084,39.100016,天津市,手机,Cellular,tianjin_man2,1.268264694145566
天津-0023,116.987209,39.368136,天津市,传感器,Wifi,langfang_man1,3.965285906424957
天津-0024,117.538905,39.118455,天津市,laptop,Ethernet,tianjin_man1,1.1351913108097191
天津-0025,117.131812,39.086901,天津市,laptop,Ethernet,tianjin_man2,1.8086305670360625
天津-0026,117.157309,39.024778,天津市,PC,Wifi,tianjin_man2,4.336720533745311
天津-0027,117.096594,39.098816,天津市,手机,Wifi,tianjin_man2,4.143523936907218
天津-0028,117.026569,39.423715,天津市,PC,Wifi,langfang_man1,2.250751222936593
天津-0029,116.996557,38.763016,天津市,laptop,Ethernet,tianjin_man2,1.9009886871548956
天津-0030,117.27255,38.93694,天津市,laptop,Cellular,tianjin_man1,6.707167512155903
天津-0031,116.926887,38.902713,天津市,手机,Wifi,tianjin_man2,1.228226649179121
天津-0032,117.102149,39.098533,天津市,传感器,Ethernet,tianjin_man2,1.8801898453809112
天津-0033,117.153191,39.132696,天津市,laptop,Ethernet,tianjin_man2,1.0790470523972808
天津-0034,117.1,39.1,天津市,手机,Cellular,tianjin_man2,2.9425469939913196
天津-0035,117.041748,39.124475,天津市,传感器,Wifi,tianjin_man2,1.8937481834566272
天津-0036,116.934861,39.39922,天津市,laptop,Wifi,langfang_man1,4.3665067716180435
天津-0037,117.102383,39.100623,天津市,PC,Cellular,tianjin_man2,5.048134449496406
天津-0038,117.131035,39.086949,天津市,laptop,Ethernet,tianjin_man2,1.370897682899535
天津-0039,117.098952,39.10013,天津市,手机,Ethernet,tianjin_man2,1.381018771536934
天津-0040,117.092764,39.103327,天津市,PC,Wifi,tianjin_man2,3.5322546541591366
天津-0041,117.118077,39.140136,天津市,PC,Wifi,tianjin_man2,2.614393431277397
天津-0042,117.101899,39.100785,天津市,PC,Cellular,tianjin_man2,5.296346965581622
天津-0043,116.720177,39.178942,天津市,传感器,Cellular,tianjin_man2,1.583078597788986
天津-0044,117.100001,39.1,天津市,PC,Cellular,tianjin_man2,5.611698015413332
天津-0045,117.176809,38.902952,天津市,PC,Wifi,tianjin_man1,1.2334285221144792
天津-0046,117.087529,38.69486,天津市,传感器,Ethernet,tianjin_man2,1.2077349128873727
天津-0047,117.035589,38.935112,天津市,传感器,Cellular,tianjin_man2,6.100734680232062
天津-0048,117.198123,39.091045,天津市,传感器,Cellular,tianjin_man1,4.769811186491757
天津-0049,116.6384,38.916493,天津市,PC,Ethernet,tianjin_man2,1.8124646749875408
天津-0050,117.095429,39.101817,天津市,传感器,Ethernet,tianjin_man2,1.715866468629549
天津-0051,117.064593,39.075628,天津市,传感器,Ethernet,tianjin_man2,1.3632465385677754
天津-0052,117.126683,39.176897,天津市,手机,Ethernet,tianjin_man2,1.728170792434261
天津-0053,116.964189,39.003506,天津市,传感器,Cellular,tianjin_man2,5.1518531717136575
天津-0054,117.102235,39.096198,天津市,手机,Cellular,tianjin_man2,3.008691735107037
天津-0055,117.100355,39.10144,天津市,PC,Ethernet,tianjin_man2,1.9206367844192114
天津-0056,117.10001,39.099989,天津市,手机,Ethernet,tianjin_man2,1.5699460436661241
天津-0057,117.032272,39.157135,天津市,手机,Wifi,tianjin_man2,2.4075394727066017
天津-0058,117.099462,39.099532,天津市,传感器,Wifi,tianjin_man2,1.781789150882919
天津-0059,116.961308,38.767683,天津市,手机,Ethernet,tianjin_man2,1.4445856005721893
天津-0060,117.185751,39.006964,天津市,laptop,Cellular,tianjin_man1,2.1673309096025033
天津-0061,117.149588,39.143261,天津市,传感器,Wifi,tianjin_man2,4.024895310606592
天津-0062,117.1312,39.078835,天津市,手机,Cellular,tianjin_man2,1.1848049018694642
天津-0063,117.091177,39.104198,天津市,laptop,Cellular,tianjin_man2,7.59479119873885
天津-0064,116.923666,39.163351,天津市,传感器,Cellular,tianjin_man2,7.001764226330508
天津-0065,117.097695,39.099266,天津市,传感器,Cellular,tianjin_man2,4.886811391495575
天津-0066,117.099934,39.099813,天津市,PC,Ethernet,tianjin_man2,1.1079979963475708
天津-0067,117.100036,39.099824,天津市,laptop,Ethernet,tianjin_man2,1.933455619837557
天津-0068,117.092389,39.126693,天津市,传感器,Cellular,tianjin_man2,4.637168754578159
天津-0069,117.104814,39.076304,天津市,手机,Wifi,tianjin_man2,2.3490335132227464
天津-0070,116.934183,39.099449,天津市,手机,Wifi,tianjin_man2,1.3413623814845113
天津-0071,117.140133,38.706749,天津市,传感器,Wifi,tianjin_man2,3.3424347794496003
天津-0072,117.014421,39.068606,天津市,laptop,Cellular,tianjin_man2,6.904596888473317
天津-0073,116.900442,38.937529,天津市,laptop,Wifi,tianjin_man2,1.9822879793204127
天津-0074,117.100703,39.100923,天津市,laptop,Ethernet,tianjin_man2,1.6800425469135836
天津-0075,117.104274,38.981923,天津市,手机,Wifi,tianjin_man2,1.3789331349275495
天津-0076,116.873015,39.303366,天津市,传感器,Ethernet,langfang_man1,1.1623342991639802
天津-0077,117.099432,39.098222,天津市,传感器,Ethernet,tianjin_man2,1.1853830800538288
天津-0078,117.098732,39.065764,天津市,传感器,Ethernet,tianjin_man2,1.928220590505585
天津-0079,116.837575,39.05314,天津市,PC,Cellular,tianjin_man2,3.744942117020878
天津-0080,117.333553,39.185531,天津市,laptop,Wifi,tianjin_man1,3.4982788202516306
天津-0081,117.100483,39.099638,天津市,传感器,Wifi,tianjin_man2,3.151225149018448
天津-0082,117.128165,39.108267,天津市,传感器,Ethernet,tianjin_man2,1.4396013781846975
天津-0083,117.096293,39.098222,天津市,传感器,Cellular,tianjin_man2,2.510010663738612
天津-0084,117.100321,39.100092,天津市,laptop,Wifi,tianjin_man2,4.817499190672782
天津-0085,117.099817,39.098203,天津市,传感器,Wifi,tianjin_man2,4.028632980598809
天津-0086,117.096024,39.101801,天津市,传感器,Cellular,tianjin_man2,7.225881985379342
天津-0087,117.073995,38.942239,天津市,laptop,Ethernet,tianjin_man2,1.1908349396939548
天津-0088,117.178888,39.115509,天津市,laptop,Cellular,tianjin_man1,7.807185195951386
天津-0089,117.1002,39.099901,天津市,laptop,Ethernet,tianjin_man2,1.4823347230108763
天津-0090,117.10113,39.10748,天津市,laptop,Wifi,tianjin_man2,1.2943502614346918
天津-0091,117.097683,39.094505,天津市,手机,Cellular,tianjin_man2,1.809946511403925
天津-0092,117.103139,39.096672,天津市,手机,Wifi,tianjin_man2,4.43684564210213
天津-0093,117.107002,39.096996,天津市,传感器,Wifi,tianjin_man2,4.380510580362229
天津-0094,117.09945,39.092446,天津市,传感器,Cellular,tianjin_man2,1.3720663598977372
天津-0095,117.195189,39.039612,天津市,PC,Wifi,tianjin_man1,4.684687153636092
天津-0096,117.115634,39.065548,天津市,PC,Wifi,tianjin_man2,4.572881736260811
天津-0097,117.048206,38.979021,天津市,传感器,Wifi,tianjin_man2,2.227422972902427
天津-0098,117.150645,39.025742,天津市,PC,Ethernet,tianjin_man2,1.5041694796980005
天津-0099,117.133263,39.189849,天津市,PC,Cellular,tianjin_man2,7.598613902852263
天津-0100,117.148609,38.89367,天津市,手机,Wifi,tianjin_man2,4.819405374076424
天津-0101,117.134486,39.324282,天津市,手机,Ethernet,langfang_man1,1.73437244410067
天津-0102,117.352666,39.002927,天津市,手机,Ethernet,tianjin_man1,1.4631771647073202
天津-0103,117.1,39.099999,天津市,PC,Wifi,tianjin_man2,1.637138649665098
天津-0104,116.969847,39.240663,天津市,laptop,Cellular,tianjin_man2,1.9737561246698916
天津-0105,117.089404,38.808425,天津市,PC,Cellular,tianjin_man2,4.731116561394483
天津-0106,116.918196,38.890639,天津市,手机,Cellular,tianjin_man2,3.18780069734732
天津-0107,117.126352,39.078568,天津市,手机,Ethernet,tianjin_man2,1.5501472725579606
天津-0108,117.099705,39.097796,天津市,laptop,Wifi,tianjin_man2,2.6934217833635494
天津-0109,117.099922,39.099936,天津市,laptop,Cellular,tianjin_man2,2.370240530312878
天津-0110,117.189521,38.984416,天津市,laptop,Wifi,tianjin_man1,1.8447140463025216
天津-0111,117.099372,39.416069,天津市,PC,Wifi,langfang_man1,3.0502487912502607
天津-0112,117.108402,39.113117,天津市,传感器,Ethernet,tianjin_man2,1.5374671352878566
天津-0113,117.077398,38.881423,天津市,PC,Ethernet,tianjin_man2,1.9734744132896058
天津-0114,117.136953,39.08547,天津市,手机,Wifi,tianjin_man2,2.7737815628185976
天津-0115,117.12107,39.102263,天津市,laptop,Wifi,tianjin_man2,1.3153559378092252
天津-0116,116.840103,39.139369,天津市,手机,Wifi,tianjin_man2,2.39576743926215
天津-0117,117.100016,39.099998,天津市,传感器,Cellular,tianjin_man2,2.3989376165601315
天津-0118,117.126666,39.11864,天津市,传感器,Wifi,tianjin_man2,4.283355562707186
天津-0119,117.507541,38.869709,天津市,手机,Cellular,tianjin_man1,4.998575551213151
天津-0120,117.033972,39.106434,天津市,laptop,Ethernet,tianjin_man2,1.8100945184256108
天津-0121,117.142873,39.112932,天津市,PC,Ethernet,tianjin_man2,1.0603705793829472
天津-0122,117.136977,39.119345,天津市,手机,Wifi,tianjin_man2,2.4614026722266265
天津-0123,117.049644,39.185997,天津市,PC,Wifi,tianjin_man2,4.766363988396149
天津-0124,117.095112,39.103877,天津市,PC,Cellular,tianjin_man2,3.694411372129878
天津-0125,117.236744,39.51974,天津市,PC,Cellular,tianjin_man1,1.0271027928547223
天津-0126,117.097171,39.094452,天津市,手机,Cellular,tianjin_man2,4.039909979503406
天津-0127,117.16912,39.298369,天津市,PC,Wifi,tianjin_man2,2.2795530615299375
天津-0128,117.079027,39.025668,天津市,PC,Wifi,tianjin_man2,2.263478171337537
天津-0129,117.244169,38.979004,天津市,laptop,Ethernet,tianjin_man1,1.523607624899802
天津-0130,117.11161,39.112114,天津市,传感器,Wifi,tianjin_man2,4.511075129394298
天津-0131,117.344731,38.843201,天津市,laptop,Ethernet,tianjin_man1,1.287250129704721
天津-0132,117.097487,39.082699,天津市,laptop,Cellular,tianjin_man2,1.8843582875078106
天津-0133,117.102693,39.105519,天津市,PC,Cellular,tianjin_man2,3.0483735308506095
天津-0134,117.291765,39.052383,天津市,PC,Ethernet,tianjin_man1,1.5962824635689676
天津-0135,117.120409,39.104959,天津市,PC,Ethernet,tianjin_man2,1.2236106519903034
天津-0136,117.099595,39.100856,天津市,laptop,Cellular,tianjin_man2,6.0077766118075155
天津-0137,117.10022,39.100131,天津市,手机,Wifi,tianjin_man2,1.1710239539020977
天津-0138,117.068609,39.105359,天津市,laptop,Cellular,tianjin_man2,4.6877008461664955
天津-0139,117.102693,39.106619,天津市,laptop,Wifi,tianjin_man2,4.109844348632844
天津-0140,117.1,39.1,天津市,laptop,Cellular,tianjin_man2,2.422884992035301
天津-0141,117.317696,39.121166,天津市,手机,Cellular,tianjin_man1,3.1966021286984443
天津-0142,117.11195,38.953582,天津市,laptop,Cellular,tianjin_man2,6.951796528120138
天津-0143,117.163515,38.895672,天津市,laptop,Wifi,tianjin_man2,4.185005963612392
天津-0144,117.100098,39.099979,天津市,手机,Wifi,tianjin_man2,2.781880082624445
天津-0145,117.027504,39.087157,天津市,手机,Wifi,tianjin_man2,3.466797099431345
天津-0146,117.035296,39.061242,天津市,laptop,Cellular,tianjin_man2,6.192886746479566
天津-0147,117.203486,39.126356,天津市,PC,Wifi,tianjin_man1,4.650302415856867
天津-0148,117.143549,39.363157,天津市,传感器,Wifi,langfang_man1,3.8213221083184323
天津-0149,117.127318,39.205225,天津市,手机,Ethernet,tianjin_man2,1.3114197635963598
天津-0150,116.939146,39.074635,天津市,传感器,Wifi,tianjin_man2,3.4225718886006287
天津-0151,117.099729,38.971842,天津市,laptop,Wifi,tianjin_man2,2.2351758354749602
天津-0152,117.25333,38.756187,天津市,手机,Ethernet,tianjin_man1,1.654953232553685
天津-0153,117.100285,39.076417,天津市,手机,Wifi,tianjin_man2,2.993770448373765
天津-0154,117.047034,39.04066,天津市,PC,Wifi,tianjin_man2,2.4388379428848768
天津-0155,117.15127,39.109211,天津市,laptop,Wifi,tianjin_man2,4.7900665612707485
天津-0156,117.121925,39.048255,天津市,laptop,Wifi,tianjin_man2,2.710617557893096
天津-0157,117.099288,39.099524,天津市,手机,Wifi,tianjin_man2,4.857304703889568
天津-0158,116.801703,39.047111,天津市,手机,Cellular,tianjin_man2,1.363191083306296
天津-0159,117.181839,39.055806,天津市,传感器,Cellular,tianjin_man1,4.218490372338135
天津-0160,117.069257,39.113797,天津市,laptop,Cellular,tianjin_man2,3.9698713935188286
天津-0161,117.096209,39.103338,天津市,laptop,Wifi,tianjin_man2,3.2915505969048113
天津-0162,117.13032,39.071498,天津市,laptop,Wifi,tianjin_man2,2.6645273564744976
天津-0163,117.099999,39.099998,天津市,PC,Cellular,tianjin_man2,3.2576013270528716
天津-0164,117.057929,39.079694,天津市,传感器,Cellular,tianjin_man2,6.9790120752725615
天津-0165,116.668268,38.919779,天津市,手机,Cellular,tianjin_man2,6.551167565179965
天津-0166,117.059414,39.059338,天津市,laptop,Ethernet,tianjin_man2,1.846769033775434
天津-0167,117.10954,39.098641,天津市,PC,Wifi,tianjin_man2,4.960512874640164
天津-0168,116.98384,39.132829,天津市,手机,Cellular,tianjin_man2,1.2022489898742346
天津-0169,117.260756,39.217331,天津市,PC,Wifi,tianjin_man1,3.3589352285767404
天津-0170,117.06985,39.198267,天津市,PC,Wifi,tianjin_man2,1.8142689860281198
天津-0171,117.101641,39.096526,天津市,PC,Ethernet,tianjin_man2,1.1170676698230328
天津-0172,117.120003,39.101787,天津市,PC,Ethernet,tianjin_man2,1.9942806884107909
天津-0173,117.042954,38.992377,天津市,传感器,Wifi,tianjin_man2,1.771945352951097
天津-0174,117.093598,39.111288,天津市,传感器,Ethernet,tianjin_man2,1.3599109365806519
天津-0175,117.114065,38.691381,天津市,手机,Wifi,tianjin_man2,1.9935895316838077
天津-0176,117.099481,39.102626,天津市,laptop,Ethernet,tianjin_man2,1.6360769669157746
天津-0177,116.777269,38.84255,天津市,laptop,Wifi,tianjin_man2,2.9563690613775906
天津-0178,117.214966,39.076709,天津市,laptop,Cellular,tianjin_man1,2.1188583165788653
天津-0179,117.100467,39.099891,天津市,手机,Wifi,tianjin_man2,4.69086701188099
天津-0180,117.099047,39.100073,天津市,PC,Wifi,tianjin_man2,3.7720737618818974
天津-0181,117.032262,39.0993,天津市,laptop,Ethernet,tianjin_man2,1.8678422118013875
天津-0182,117.243079,39.022343,天津市,手机,Ethernet,tianjin_man1,1.9086073214336103
天津-0183,117.1,39.1,天津市,laptop,Cellular,tianjin_man2,3.8345442594737147
天津-0184,117.26815,38.959893,天津市,PC,Cellular,tianjin_man1,5.392431022303687
天津-0185,117.100189,39.100035,天津市,PC,Wifi,tianjin_man2,2.7207322578451505
天津-0186,117.098491,39.098891,天津市,laptop,Wifi,tianjin_man2,2.994362114744552
天津-0187,116.548001,39.075487,天津市,PC,Cellular,tianjin_man2,2.8941894707242235
天津-0188,117.377583,39.217719,天津市,手机,Wifi,tianjin_man1,2.3625589255667805
天津-0189,117.098518,39.098716,天津市,PC,Ethernet,tianjin_man2,1.369247809357922
天津-0190,117.504374,39.08519,天津市,laptop,Cellular,tianjin_man1,2.725233594886535
天津-0191,117.163823,39.311833,天津市,laptop,Ethernet,tianjin_man2,1.9837171420898665
天津-0192,117.099691,39.072574,天津市,手机,Cellular,tianjin_man2,2.852495058526264
天津-0193,117.148405,39.132277,天津市,手机,Ethernet,tianjin_man2,1.1791968842565228
天津-0194,117.118289,39.308985,天津市,传感器,Wifi,langfang_man1,4.193207965373897
天津-0195,116.994556,39.090157,天津市,laptop,Cellular,tianjin_man2,3.7953269591082135
天津-0196,117.100191,39.10015,天津市,传感器,Wifi,tianjin_man2,2.4970254244610106
天津-0197,117.287528,39.0766,天津市,laptop,Ethernet,tianjin_man1,1.0292547678843547
天津-0198,117.081021,39.07865,天津市,传感器,Ethernet,tianjin_man2,1.3725918793761607
天津-0199,117.081692,39.136149,天津市,PC,Wifi,tianjin_man2,4.388469295729042
天津-0200,117.4177,38.919164,天津市,手机,Wifi,tianjin_man1,4.828893682931712
天津-0201,117.519726,38.846165,天津市,laptop,Wifi,tianjin_man1,1.8551390297732397
天津-0202,117.13215,39.146345,天津市,传感器,Wifi,tianjin_man2,4.363167332594556
天津-0203,117.207838,39.023895,天津市,laptop,Cellular,tianjin_man1,5.032814763327698
天津-0204,117.36805,39.001251,天津市,PC,Wifi,tianjin_man1,1.7717586496625612
天津-0205,117.100485,39.096854,天津市,传感器,Wifi,tianjin_man2,1.8342763791687404
天津-0206,117.101358,39.098563,天津市,传感器,Cellular,tianjin_man2,2.8024714271258717
天津-0207,117.287805,39.232614,天津市,PC,Cellular,tianjin_man1,3.8372397234038833
天津-0208,116.577591,39.05915,天津市,手机,Wifi,tianjin_man2,1.6422172765812464
天津-0209,117.117285,39.092181,天津市,laptop,Cellular,tianjin_man2,5.776074370898103
天津-0210,117.032969,38.655094,天津市,PC,Cellular,tianjin_man2,1.0173988821775968
天津-0211,117.114916,39.043372,天津市,传感器,Cellular,tianjin_man2,1.201263426618942
天津-0212,117.13256,39.172769,天津市,laptop,Ethernet,tianjin_man2,1.9881634193044724
天津-0213,117.078888,39.07808,天津市,laptop,Ethernet,tianjin_man2,1.1977972246552704
天津-0214,117.211574,39.142337,天津市,PC,Wifi,tianjin_man1,2.1424455203776858
天津-0215,117.100143,39.100231,天津市,传感器,Cellular,tianjin_man2,4.001426570348361
天津-0216,117.099998,39.099999,天津市,PC,Cellular,tianjin_man2,3.936052891883664
天津-0217,117.335686,38.957781,天津市,手机,Cellular,tianjin_man1,6.2328416710985906
天津-0218,117.016938,38.931916,天津市,laptop,Wifi,tianjin_man2,2.7371207645907933
天津-0219,117.123375,38.96357,天津市,PC,Ethernet,tianjin_man2,1.6507757042864069
天津-0220,117.099993,39.099831,天津市,PC,Ethernet,tianjin_man2,1.2359762005613928
天津-0221,117.279828,39.129409,天津市,PC,Cellular,tianjin_man1,2.603252244097732
天津-0222,117.000998,38.941089,天津市,PC,Cellular,tianjin_man2,1.4644292194523079
天津-0223,117.598568,39.068616,天津市,PC,Ethernet,tianjin_man1,1.1335053289497612
天津-0224,117.117389,39.104603,天津市,手机,Cellular,tianjin_man2,4.228119992158537
天津-0225,117.10002,39.100183,天津市,PC,Wifi,tianjin_man2,4.922519554362491
天津-0226,117.100039,39.100043,天津市,PC,Ethernet,tianjin_man2,1.830425526307264
天津-0227,117.107422,39.109003,天津市,手机,Wifi,tianjin_man2,1.0411047212732645
天津-0228,117.101893,39.09727,天津市,PC,Ethernet,tianjin_man2,1.5296403710938855
天津-0229,117.100144,39.099982,天津市,PC,Cellular,tianjin_man2,3.7990804763995096
天津-0230,116.950406,38.936959,天津市,laptop,Wifi,tianjin_man2,3.4874226568216913
天津-0231,116.828525,38.811345,天津市,PC,Ethernet,tianjin_man2,1.2511134695815476
天津-0232,117.092857,39.104841,天津市,传感器,Ethernet,tianjin_man2,1.4164056446746023
天津-0233,117.099998,39.099954,天津市,手机,Cellular,tianjin_man2,3.2929185865115462
天津-0234,117.028846,39.164049,天津市,PC,Ethernet,tianjin_man2,1.2428645557589715
天津-0235,117.090172,39.061943,天津市,传感器,Ethernet,tianjin_man2,1.8485251707204586
天津-0236,117.10016,39.10032,天津市,传感器,Cellular,tianjin_man2,5.539781581493157
天津-0237,117.099459,39.096548,天津市,PC,Ethernet,tianjin_man2,1.6784978413534335
天津-0238,117.204729,39.045723,天津市,手机,Ethernet,tianjin_man1,1.1153034649090907
天津-0239,116.990731,39.071207,天津市,传感器,Ethernet,tianjin_man2,1.8517482556836975
天津-0240,117.100437,39.099275,天津市,PC,Wifi,tianjin_man2,3.110876629968536
天津-0241,117.090911,39.090677,天津市,手机,Ethernet,tianjin_man2,1.974449470075605
天津-0242,117.101994,39.093061,天津市,传感器,Wifi,tianjin_man2,3.645351766830582
天津-0243,117.128043,39.190979,天津市,手机,Wifi,tianjin_man2,2.6039196388764503
天津-0244,116.993328,38.961992,天津市,PC,Cellular,tianjin_man2,2.2502768556956405
天津-0245,117.1,39.100001,天津市,手机,Ethernet,tianjin_man2,1.0390714716971357
天津-0246,117.23161,38.975524,天津市,PC,Wifi,tianjin_man1,4.610073365589238
天津-0247,116.843538,38.872836,天津市,传感器,Wifi,tianjin_man2,3.896076439303079
天津-0248,117.141595,39.055122,天津市,laptop,Ethernet,tianjin_man2,1.8605196224524265
天津-0249,116.846048,38.884157,天津市,laptop,Ethernet,tianjin_man2,1.7338651573105186
天津-0250,116.945014,39.034916,天津市,手机,Wifi,tianjin_man2,3.400526269410719
天津-0251,117.094461,39.106338,天津市,laptop,Wifi,tianjin_man2,1.043731678189828
天津-0252,117.126508,39.100907,天津市,laptop,Wifi,tianjin_man2,4.156943761862209
天津-0253,116.747077,39.445282,天津市,手机,Ethernet,langfang_man1,1.9781521469727568
天津-0254,117.585012,39.23106,天津市,传感器,Wifi,tianjin_man1,2.952836038017668
天津-0255,117.182442,39.152652,天津市,传感器,Ethernet,tianjin_man1,1.0528909969328768
天津-0256,117.215353,39.15966,天津市,laptop,Ethernet,tianjin_man1,1.72129311085315
天津-0257,117.100003,39.099975,天津市,laptop,Wifi,tianjin_man2,1.8573658252798246
天津-0258,117.172094,39.054879,天津市,手机,Cellular,tianjin_man1,2.2073065240468903
天津-0259,116.698364,39.018659,天津市,传感器,Wifi,tianjin_man2,3.2486716797663755
天津-0260,117.115748,39.139751,天津市,传感器,Ethernet,tianjin_man2,1.5018609784963806
天津-0261,117.112919,39.101002,天津市,laptop,Ethernet,tianjin_man2,1.3496183725882211
天津-0262,117.124136,39.127249,天津市,laptop,Ethernet,tianjin_man2,1.6354933787596653
天津-0263,116.854305,38.84103,天津市,传感器,Wifi,tianjin_man2,1.3161676677476275
天津-0264,116.736948,39.42031,天津市,手机,Cellular,langfang_man1,6.875720137630201
天津-0265,117.100934,39.10136,天津市,手机,Cellular,tianjin_man2,2.2481670761740356
天津-0266,117.131974,38.959452,天津市,传感器,Wifi,tianjin_man2,1.7536184692336438
天津-0267,117.100053,39.100066,天津市,传感器,Cellular,tianjin_man2,3.9959386404745354
天津-0268,117.1,39.1,天津市,laptop,Cellular,tianjin_man2,2.4191366759813544
天津-0269,117.091326,39.090653,天津市,PC,Ethernet,tianjin_man2,1.7713508259912212
天津-0270,117.160658,38.720431,天津市,laptop,Wifi,tianjin_man1,1.707364555419323
天津-0271,117.099997,39.099851,天津市,laptop,Cellular,tianjin_man2,5.357978328718068
天津-0272,117.100003,39.099966,天津市,laptop,Wifi,tianjin_man2,3.89141122973927
天津-0273,117.41445,39.444109,天津市,laptop,Ethernet,tianjin_man1,1.497376537400591
天津-0274,117.094224,39.108446,天津市,PC,Cellular,tianjin_man2,1.821684121310907
天津-0275,117.114344,39.117462,天津市,手机,Ethernet,tianjin_man2,1.961122937900742
天津-0276,117.116869,39.08962,天津市,PC,Ethernet,tianjin_man2,1.1277393215073273
天津-0277,117.105573,39.102166,天津市,PC,Ethernet,tianjin_man2,1.866689045826169
天津-0278,117.091961,39.122,天津市,laptop,Wifi,tianjin_man2,4.942207340443905
天津-0279,117.275392,38.999078,天津市,传感器,Cellular,tianjin_man1,5.7860086634299615
天津-0280,117.059805,39.020862,天津市,PC,Ethernet,tianjin_man2,1.8574474984286793
天津-0281,117.066408,39.085036,天津市,传感器,Cellular,tianjin_man2,1.4985595903531341
天津-0282,116.927737,39.29876,天津市,PC,Cellular,langfang_man1,6.954589202559378
天津-0283,117.105614,39.100586,天津市,PC,Ethernet,tianjin_man2,1.6732276714006087
天津-0284,117.176064,39.225342,天津市,手机,Ethernet,tianjin_man2,1.260092976889238
天津-0285,117.200837,39.017477,天津市,手机,Wifi,tianjin_man1,2.343049127962098
天津-0286,116.935495,39.07033,天津市,PC,Wifi,tianjin_man2,4.10444440428656
天津-0287,117.002292,39.196316,天津市,PC,Wifi,tianjin_man2,1.7469548269410264
天津-0288,117.099828,39.102449,天津市,传感器,Ethernet,tianjin_man2,1.086153191529584
天津-0289,116.783918,39.233927,天津市,PC,Ethernet,langfang_man1,1.9337171458264808
天津-0290,117.074776,39.132542,天津市,手机,Cellular,tianjin_man2,4.937376552485847
天津-0291,117.099266,39.101148,天津市,PC,Ethernet,tianjin_man2,1.6621270186414967
天津-0292,117.096769,39.097676,天津市,手机,Wifi,tianjin_man2,4.37315799171222
天津-0293,117.051959,39.120851,天津市,PC,Ethernet,tianjin_man2,1.3422034523425872
天津-0294,117.079986,38.728672,天津市,手机,Wifi,tianjin_man2,2.252320275399274
天津-0295,117.099999,39.100013,天津市,laptop,Wifi,tianjin_man2,4.75426931550313
天津-0296,117.206695,38.988503,天津市,PC,Ethernet,tianjin_man1,1.5008004598873552
天津-0297,117.100837,39.099427,天津市,PC,Wifi,tianjin_man2,4.625075780792905
天津-0298,117.09444,39.100748,天津市,传感器,Cellular,tianjin_man2,7.461694275792812
天津-0299,117.100001,39.099996,天津市,laptop,Ethernet,tianjin_man2,1.4541348730163735
天津-0300,117.097822,39.109123,天津市,传感器,Ethernet,tianjin_man2,1.5231790749351883
天津-0301,117.105108,39.104933,天津市,laptop,Wifi,tianjin_man2,3.6987476785841893
天津-0302,116.880345,38.839557,天津市,手机,Wifi,tianjin_man2,2.422274072711878
天津-0303,117.594663,39.02704,天津市,laptop,Ethernet,tianjin_man1,1.1138784670876574
天津-0304,117.022247,39.054245,天津市,laptop,Wifi,tianjin_man2,4.524205630050531
天津-0305,117.100074,39.100043,天津市,传感器,Wifi,tianjin_man2,4.466664697697327
天津-0306,117.475451,38.9375,天津市,PC,Ethernet,tianjin_man1,1.8566663836905533
天津-0307,117.099199,39.099097,天津市,laptop,Cellular,tianjin_man2,2.8303629008630615
天津-0308,117.098284,39.182895,天津市,laptop,Cellular,tianjin_man2,5.450075194948019
天津-0309,117.109132,39.101101,天津市,手机,Wifi,tianjin_man2,2.7396746164952575
天津-0310,117.100319,38.865084,天津市,传感器,Ethernet,tianjin_man2,1.2670866134883356
天津-0311,117.474864,39.375672,天津市,laptop,Cellular,tianjin_man1,6.939983203696651
天津-0312,117.11392,39.077209,天津市,laptop,Ethernet,tianjin_man2,1.6108212037723284
天津-0313,116.949668,39.09108,天津市,手机,Cellular,tianjin_man2,2.5556057866584982
天津-0314,117.100055,39.100057,天津市,手机,Ethernet,tianjin_man2,1.62070408562768
天津-0315,117.146317,39.066206,天津市,laptop,Wifi,tianjin_man2,4.928952532547855
天津-0316,117.096097,39.172876,天津市,laptop,Cellular,tianjin_man2,3.2302857926975146
天津-0317,117.397581,39.454152,天津市,手机,Wifi,tianjin_man1,3.250345828245533
天津-0318,116.919412,38.967664,天津市,手机,Ethernet,tianjin_man2,1.2571824752370835
天津-0319,117.457401,38.961835,天津市,手机,Ethernet,tianjin_man1,1.6454945103856167
天津-0320,117.138107,39.104834,天津市,PC,Wifi,tianjin_man2,2.2430643241842834
天津-0321,117.098857,39.100381,天津市,PC,Ethernet,tianjin_man2,1.4956724372814443
天津-0322,117.094625,39.091238,天津市,手机,Wifi,tianjin_man2,3.1441583052005884
天津-0323,116.871644,38.996706,天津市,手机,Cellular,tianjin_man2,6.364011779648443
天津-0324,117.099107,39.098972,天津市,laptop,Cellular,tianjin_man2,6.413347687033432
天津-0325,117.100066,39.099973,天津市,laptop,Ethernet,tianjin_man2,1.5124071261335046
天津-0326,117.273923,38.981402,天津市,传感器,Ethernet,tianjin_man1,1.1238652132893647
天津-0327,117.100047,39.099997,天津市,PC,Cellular,tianjin_man2,6.351471924841274
天津-0328,117.046073,39.238225,天津市,laptop,Ethernet,tianjin_man2,1.0555211035546197
天津-0329,117.220008,38.929933,天津市,PC,Cellular,tianjin_man1,5.252764433453707
天津-0330,117.041171,39.079814,天津市,PC,Ethernet,tianjin_man2,1.9154033135535469
天津-0331,117.249112,39.139988,天津市,laptop,Ethernet,tianjin_man1,1.1617624004389877
天津-0332,117.083908,39.103515,天津市,PC,Wifi,tianjin_man2,1.1340342510793602
天津-0333,117.403353,39.417622,天津市,手机,Ethernet,tianjin_man1,1.341138198039271
天津-0334,117.126224,39.095806,天津市,手机,Wifi,tianjin_man2,4.321754118570982
天津-0335,117.222204,39.040479,天津市,传感器,Wifi,tianjin_man1,1.72607559103762
天津-0336,117.31425,39.138245,天津市,传感器,Wifi,tianjin_man1,3.450940224392292
天津-0337,117.125001,39.109365,天津市,laptop,Ethernet,tianjin_man2,1.5688179053242421
天津-0338,117.282812,39.511445,天津市,PC,Wifi,tianjin_man1,2.8887402817620114
天津-0339,117.094855,39.102545,天津市,laptop,Ethernet,tianjin_man2,1.045574283619338
天津-0340,116.613923,39.083793,天津市,PC,Wifi,tianjin_man2,1.2420327880144666
天津-0341,117.461828,39.083386,天津市,手机,Ethernet,tianjin_man1,1.7713660231761785
天津-0342,117.101096,39.10513,天津市,laptop,Cellular,tianjin_man2,4.035496879758157
天津-0343,117.096193,39.099065,天津市,传感器,Wifi,tianjin_man2,3.5347851848708305
天津-0344,117.100575,39.100732,天津市,传感器,Wifi,tianjin_man2,3.2602466300985835
天津-0345,117.028349,39.138773,天津市,PC,Ethernet,tianjin_man2,1.5490040649971608
天津-0346,117.13894,39.123482,天津市,PC,Ethernet,tianjin_man2,1.9029250723875641
天津-0347,117.100004,39.100001,天津市,传感器,Cellular,tianjin_man2,5.295115282401852
天津-0348,117.098338,39.101351,天津市,手机,Wifi,tianjin_man2,2.0727800945403367
天津-0349,117.114565,39.185779,天津市,传感器,Ethernet,tianjin_man2,1.6642329248248378
天津-0350,117.066721,39.038481,天津市,手机,Ethernet,tianjin_man2,1.8169885329988325
天津-0351,117.100021,39.099937,天津市,PC,Ethernet,tianjin_man2,1.4227513170344788
天津-0352,117.101624,39.099584,天津市,laptop,Ethernet,tianjin_man2,1.7368682002038105
天津-0353,116.844732,39.463467,天津市,laptop,Wifi,langfang_man1,4.971438779040106
天津-0354,117.100036,39.099543,天津市,传感器,Cellular,tianjin_man2,4.128087414616366
天津-0355,117.102378,39.088423,天津市,传感器,Ethernet,tianjin_man2,1.8739558769585014
天津-0356,117.140506,39.096085,天津市,传感器,Cellular,tianjin_man2,7.174194314962088
天津-0357,117.309011,38.952901,天津市,传感器,Wifi,tianjin_man1,4.77165804588526
天津-0358,117.100061,39.099727,天津市,laptop,Cellular,tianjin_man2,7.630676813215316
天津-0359,116.92128,39.068522,天津市,PC,Wifi,tianjin_man2,4.619703094652166
天津-0360,117.099989,39.100003,天津市,PC,Ethernet,tianjin_man2,1.389794121369126
天津-0361,117.072103,39.094299,天津市,laptop,Cellular,tianjin_man2,2.240882603496972
天津-0362,117.142651,39.289029,天津市,PC,Ethernet,tianjin_man2,1.189236831943357
天津-0363,117.100202,39.100965,天津市,PC,Wifi,tianjin_man2,1.472381823323989
天津-0364,117.106167,39.095676,天津市,传感器,Cellular,tianjin_man2,4.516648490295445
天津-0365,117.100321,39.099966,天津市,PC,Cellular,tianjin_man2,2.8595339171693412
天津-0366,117.121391,38.823826,天津市,传感器,Wifi,tianjin_man2,1.0442538947274347
天津-0367,117.232398,39.011522,天津市,laptop,Ethernet,tianjin_man1,1.2691441849987037
天津-0368,117.139749,39.154506,天津市,手机,Cellular,tianjin_man2,3.459083855414409
天津-0369,116.715269,39.296222,天津市,手机,Wifi,langfang_man1,2.812280663947852
天津-0370,117.100261,39.099794,天津市,PC,Cellular,tianjin_man2,5.877589793903752
天津-0371,117.120986,38.678406,天津市,laptop,Wifi,tianjin_man2,4.289051812498833
天津-0372,117.163508,38.933524,天津市,传感器,Ethernet,tianjin_man2,1.2644771813936533
天津-0373,117.163886,38.927414,天津市,PC,Cellular,tianjin_man2,3.4029926715605705
天津-0374,117.100056,39.100017,天津市,PC,Ethernet,tianjin_man2,1.6696608870034741
天津-0375,117.057445,39.074635,天津市,传感器,Wifi,tianjin_man2,2.2083386432482817
天津-0376,117.100288,39.100055,天津市,PC,Cellular,tianjin_man2,5.606806156564661
天津-0377,117.271468,38.912281,天津市,传感器,Wifi,tianjin_man1,4.742034260302548
天津-0378,117.205599,39.018089,天津市,手机,Cellular,tianjin_man1,7.203172669736455
天津-0379,117.058084,38.891468,天津市,laptop,Wifi,tianjin_man2,1.9093112811175321
天津-0380,117.100051,39.100284,天津市,PC,Wifi,tianjin_man2,4.5368862438808115
天津-0381,117.097528,39.154246,天津市,PC,Ethernet,tianjin_man2,1.7146898389413545
天津-0382,117.189324,39.166753,天津市,laptop,Ethernet,tianjin_man1,1.3153185297825052
天津-0383,117.103758,39.096958,天津市,传感器,Wifi,tianjin_man2,1.8154619887705792
天津-0384,117.260245,38.848703,天津市,laptop,Ethernet,tianjin_man1,1.4649863783416706
天津-0385,117.219071,39.186777,天津市,手机,Wifi,tianjin_man1,3.909227532836659
天津-0386,117.121123,39.071345,天津市,传感器,Ethernet,tianjin_man2,1.3922480168503355
天津-0387,117.142529,39.292381,天津市,手机,Wifi,tianjin_man2,1.6717208929536125
天津-0388,117.099948,39.100011,天津市,传感器,Cellular,tianjin_man2,6.632534591298368
天津-0389,117.062853,39.100923,天津市,传感器,Cellular,tianjin_man2,3.882327055644746
天津-0390,117.223774,39.213869,天津市,手机,Ethernet,tianjin_man1,1.742380700507593
天津-0391,117.094208,39.090611,天津市,laptop,Ethernet,tianjin_man2,1.8962949562929337
天津-0392,117.196937,39.17309,天津市,PC,Cellular,tianjin_man1,3.0382149840519057
天津-0393,117.102483,39.097392,天津市,手机,Wifi,tianjin_man2,4.672367661893982
天津-0394,117.148803,39.049369,天津市,手机,Ethernet,tianjin_man2,1.240690726233465
天津-0395,117.001505,39.321378,天津市,手机,Wifi,langfang_man1,1.5000627940499403
天津-0396,117.097214,39.107751,天津市,PC,Cellular,tianjin_man2,3.975031633536881
天津-0397,117.087544,39.073226,天津市,PC,Ethernet,tianjin_man2,1.4215182379468057
天津-0398,117.1078,39.090396,天津市,传感器,Wifi,tianjin_man2,1.3473197751370622
天津-0399,117.110344,39.114217,天津市,传感器,Cellular,tianjin_man2,5.951657189366731
天津-0400,117.099202,39.097483,天津市,手机,Wifi,tianjin_man2,4.586112098010542
天津-0401,117.064273,39.123477,天津市,laptop,Cellular,tianjin_man2,3.565744918513502
天津-0402,116.905819,38.898105,天津市,PC,Wifi,tianjin_man2,1.4293650902634267
天津-0403,117.101053,39.165351,天津市,手机,Ethernet,tianjin_man2,1.2275237895423907
天津-0404,117.085227,39.103044,天津市,laptop,Cellular,tianjin_man2,2.0827276523959677
天津-0405,117.21908,38.868248,天津市,传感器,Wifi,tianjin_man1,1.9609003632759707
天津-0406,117.10328,39.149299,天津市,手机,Ethernet,tianjin_man2,1.2694861537303836
天津-0407,117.099875,39.099905,天津市,PC,Wifi,tianjin_man2,1.2798622341007713
天津-0408,117.144295,39.068885,天津市,传感器,Cellular,tianjin_man2,3.315388911021407
天津-0409,116.960938,38.997448,天津市,PC,Ethernet,tianjin_man2,1.0644203919335085
天津-0410,117.099892,39.100631,天津市,laptop,Ethernet,tianjin_man2,1.0385474599126403
天津-0411,117.225055,38.922162,天津市,PC,Cellular,tianjin_man1,5.224788602683187
天津-0412,117.092458,39.088833,天津市,laptop,Cellular,tianjin_man2,2.3089935176879544
天津-0413,117.099516,39.07156,天津市,手机,Cellular,tianjin_man2,2.439654291579055
天津-0414,117.096627,39.139494,天津市,laptop,Wifi,tianjin_man2,3.0603420415293896
天津-0415,117.256414,39.125776,天津市,PC,Ethernet,tianjin_man1,1.5778705662404082
天津-0416,116.898229,39.085062,天津市,laptop,Cellular,tianjin_man2,7.3281860007617565
天津-0417,117.09954,39.099381,天津市,PC,Ethernet,tianjin_man2,1.336903450562559
天津-0418,117.110356,39.095489,天津市,laptop,Ethernet,tianjin_man2,1.4484830203394825
天津-0419,117.485097,39.046468,天津市,laptop,Wifi,tianjin_man1,3.6343681856655436
天津-0420,117.106271,39.103486,天津市,PC,Cellular,tianjin_man2,1.532309809079646
天津-0421,117.099771,39.10021,天津市,传感器,Ethernet,tianjin_man2,1.843952222459272
天津-0422,117.028045,39.025417,天津市,传感器,Cellular,tianjin_man2,3.0443786727031505
天津-0423,117.179678,39.13976,天津市,PC,Ethernet,tianjin_man1,1.9381572372092997
天津-0424,117.012403,38.953195,天津市,PC,Ethernet,tianjin_man2,1.6324286029166808
天津-0425,117.12819,39.068863,天津市,传感器,Ethernet,tianjin_man2,1.0999472329257745
天津-0426,117.084749,39.150495,天津市,laptop,Wifi,tianjin_man2,1.8559719872938336
天津-0427,117.104342,39.100815,天津市,PC,Ethernet,tianjin_man2,1.5338437286448758
天津-0428,116.962209,39.082309,天津市,传感器,Cellular,tianjin_man2,4.2357433469067
天津-0429,117.132483,39.093968,天津市,PC,Cellular,tianjin_man2,1.3272018821562703
天津-0430,117.099265,39.099497,天津市,传感器,Wifi,tianjin_man2,3.3065238966599484
天津-0431,117.135612,39.080375,天津市,laptop,Wifi,tianjin_man2,2.77447263110626
天津-0432,117.294006,39.520232,天津市,传感器,Ethernet,tianjin_man1,1.3298601070311318
天津-0433,117.099987,39.099969,天津市,传感器,Wifi,tianjin_man2,3.4239240463600265
天津-0434,117.098436,39.095284,天津市,传感器,Wifi,tianjin_man2,4.637276896367376
天津-0435,117.099993,39.099996,天津市,PC,Wifi,tianjin_man2,4.304050242024244
天津-0436,117.141644,39.068738,天津市,laptop,Ethernet,tianjin_man2,1.440286514813157
天津-0437,117.120277,39.104486,天津市,手机,Ethernet,tianjin_man2,1.870425446859695
天津-0438,116.768851,39.305923,天津市,PC,Ethernet,langfang_man1,1.1949201549120918
天津-0439,117.094522,39.102538,天津市,传感器,Cellular,tianjin_man2,7.1561097700874505
天津-0440,117.080199,39.172861,天津市,PC,Ethernet,tianjin_man2,1.0102429759670888
天津-0441,117.094799,39.100814,天津市,PC,Wifi,tianjin_man2,1.5960319157926177
天津-0442,117.074577,39.070053,天津市,手机,Wifi,tianjin_man2,1.468719420819761
天津-0443,117.100005,39.100005,天津市,手机,Cellular,tianjin_man2,7.59339900067718
天津-0444,116.784874,39.128095,天津市,手机,Wifi,tianjin_man2,3.74040650585005
天津-0445,117.095036,39.106662,天津市,手机,Ethernet,tianjin_man2,1.8891557893034108
天津-0446,117.185869,39.035452,天津市,手机,Ethernet,tianjin_man1,1.7790226379706517
天津-0447,117.075168,39.038197,天津市,PC,Wifi,tianjin_man2,4.239897526905685
天津-0448,117.279712,39.017477,天津市,PC,Wifi,tianjin_man1,4.405416253852732
天津-0449,117.095502,39.100613,天津市,传感器,Cellular,tianjin_man2,1.1541225209320234
天津-0450,117.100169,39.100079,天津市,传感器,Ethernet,tianjin_man2,1.6596187270910674
天津-0451,117.101357,39.098456,天津市,传感器,Wifi,tianjin_man2,2.2646011697379875
天津-0452,117.03192,39.092934,天津市,PC,Cellular,tianjin_man2,2.7498784989299603
天津-0453,117.077887,39.046586,天津市,PC,Ethernet,tianjin_man2,1.1030528464946139
天津-0454,117.100021,39.099931,天津市,PC,Cellular,tianjin_man2,2.426793924905824
天津-0455,116.662842,39.230685,天津市,传感器,Cellular,langfang_man1,5.258767773356842
天津-0456,117.076683,39.082192,天津市,laptop,Ethernet,tianjin_man2,1.0879078210197926
天津-0457,117.10001,39.100007,天津市,laptop,Cellular,tianjin_man2,7.279943905439886
天津-0458,117.145139,39.044009,天津市,laptop,Wifi,tianjin_man2,3.496990830076853
天津-0459,117.104136,39.058832,天津市,PC,Ethernet,tianjin_man2,1.788400232949499
天津-0460,117.242249,38.681128,天津市,PC,Cellular,tianjin_man1,6.089300049405842
天津-0461,117.279464,39.138564,天津市,传感器,Ethernet,tianjin_man1,1.0478564548076499
天津-0462,117.077305,39.098249,天津市,laptop,Ethernet,tianjin_man2,1.9621316946022629
天津-0463,117.100048,39.100728,天津市,传感器,Wifi,tianjin_man2,1.8684614439127012
天津-0464,117.101489,39.033098,天津市,传感器,Cellular,tianjin_man2,2.167473075017025
天津-0465,116.836138,38.852573,天津市,PC,Cellular,tianjin_man2,4.186618530475038
天津-0466,116.709232,39.140254,天津市,手机,Ethernet,tianjin_man2,1.4322343202670087
天津-0467,116.567857,39.194607,天津市,手机,Ethernet,langfang_man1,1.6737843765636322
天津-0468,117.229131,39.262146,天津市,PC,Wifi,tianjin_man1,2.166485036853741
天津-0469,117.099981,39.10001,天津市,laptop,Ethernet,tianjin_man2,1.7137760780165288
天津-0470,117.231437,39.106632,天津市,laptop,Cellular,tianjin_man1,4.580546729721263
天津-0471,117.400342,39.436216,天津市,PC,Ethernet,tianjin_man1,1.1542272146293313
天津-0472,117.067159,39.068799,天津市,传感器,Ethernet,tianjin_man2,1.3843872108195836
天津-0473,117.242021,39.100693,天津市,传感器,Cellular,tianjin_man1,6.651747552536923
天津-0474,117.100046,39.099962,天津市,传感器,Ethernet,tianjin_man2,1.2535097051007933
天津-0475,117.011508,39.096634,天津市,传感器,Wifi,tianjin_man2,4.708727798057511
天津-0476,117.110294,39.137835,天津市,传感器,Ethernet,tianjin_man2,1.7346353535841947
天津-0477,117.090089,39.09809,天津市,传感器,Cellular,tianjin_man2,1.125628227092803
天津-0478,117.298686,39.108149,天津市,传感器,Ethernet,tianjin_man1,1.5660662403983285
天津-0479,117.342547,38.951316,天津市,laptop,Ethernet,tianjin_man1,1.551242852429832
天津-0480,117.063926,38.910777,天津市,手机,Wifi,tianjin_man2,1.5070373303633295
天津-0481,117.330645,38.937819,天津市,PC,Cellular,tianjin_man1,3.628175506942223
天津-0482,117.061887,39.21299,天津市,传感器,Wifi,tianjin_man2,3.942795209784714
天津-0483,117.394794,39.070654,天津市,PC,Ethernet,tianjin_man1,1.886714411722326
天津-0484,117.253819,38.734047,天津市,laptop,Ethernet,tianjin_man1,1.1036880297096516
天津-0485,117.099523,39.084244,天津市,手机,Cellular,tianjin_man2,5.236260424631826
天津-0486,117.186216,39.168723,天津市,laptop,Cellular,tianjin_man1,7.8040506361738515
天津-0487,117.10259,39.098511,天津市,传感器,Wifi,tianjin_man2,4.64231574546867
天津-0488,116.954971,39.309028,天津市,传感器,Cellular,langfang_man1,1.851786226633857
天津-0489,117.108055,39.102229,天津市,laptop,Wifi,tianjin_man2,4.684822442624607
天津-0490,117.154753,38.910781,天津市,手机,Ethernet,tianjin_man2,1.0911025307327369
天津-0491,117.16601,38.943098,天津市,手机,Cellular,tianjin_man1,2.166995030189539
天津-0492,117.593513,38.911475,天津市,传感器,Cellular,tianjin_man1,6.676714060190475
天津-0493,117.083822,39.088218,天津市,PC,Cellular,tianjin_man2,2.498178895325962
天津-0494,117.078434,39.142085,天津市,手机,Wifi,tianjin_man2,2.7117354026319638
天津-0495,117.242467,39.034674,天津市,传感器,Cellular,tianjin_man1,2.662060096500203
天津-0496,116.78106,38.887182,天津市,传感器,Ethernet,tianjin_man2,1.7841748812448714
天津-0497,117.547905,39.332507,天津市,传感器,Cellular,tianjin_man1,5.1454572054453065
天津-0498,117.101376,39.15926,天津市,传感器,Wifi,tianjin_man2,4.117129972139489
天津-0499,117.194652,39.104586,天津市,传感器,Cellular,tianjin_man1,7.82740316285902
天津-0500,117.098373,39.097153,天津市,laptop,Wifi,tianjin_man2,4.979397305269357
天津-0501,117.278016,38.965059,天津市,手机,Cellular,tianjin_man1,2.785606661558125
天津-0502,116.877658,38.961853,天津市,laptop,Cellular,tianjin_man2,7.425513247776184
天津-0503,117.101877,39.099029,天津市,PC,Cellular,tianjin_man2,5.890926469517072
天津-0504,117.11375,39.106896,天津市,传感器,Cellular,tianjin_man2,3.35066987104208
天津-0505,116.651079,39.375373,天津市,laptop,Wifi,langfang_man1,2.2633687617758667
天津-0506,117.524563,39.369896,天津市,传感器,Cellular,tianjin_man1,1.66205748091054
天津-0507,117.084416,39.089289,天津市,传感器,Ethernet,tianjin_man2,1.8938438772526718
天津-0508,117.169871,38.683206,天津市,传感器,Cellular,tianjin_man1,5.214931782565921
天津-0509,117.100017,39.100013,天津市,传感器,Wifi,tianjin_man2,3.30341987865881
天津-0510,117.108088,39.091996,天津市,传感器,Ethernet,tianjin_man2,1.0993672338350713
天津-0511,117.330397,39.473339,天津市,手机,Wifi,tianjin_man1,3.4889941526187025
天津-0512,117.107181,39.087795,天津市,PC,Cellular,tianjin_man2,7.004168107805246
天津-0513,116.544175,39.182974,天津市,laptop,Wifi,langfang_man1,3.393282973463302
天津-0514,117.124855,39.245015,天津市,laptop,Ethernet,tianjin_man2,1.6306444808824772
天津-0515,117.0793,39.128713,天津市,手机,Ethernet,tianjin_man2,1.053773548164179
天津-0516,117.1,39.1,天津市,laptop,Ethernet,tianjin_man2,1.5965205361660493
天津-0517,117.277284,38.879273,天津市,PC,Ethernet,tianjin_man1,1.9025669686165627
天津-0518,117.025901,39.115164,天津市,传感器,Cellular,tianjin_man2,6.228905399681297
天津-0519,117.038681,39.06498,天津市,PC,Cellular,tianjin_man2,1.4562004312591772
天津-0520,117.099717,39.097012,天津市,PC,Cellular,tianjin_man2,4.123762484419286
天津-0521,117.108773,39.236082,天津市,laptop,Cellular,tianjin_man2,2.771069701988315
天津-0522,116.843607,39.089639,天津市,laptop,Wifi,tianjin_man2,1.6095242043275242
天津-0523,117.11847,39.117753,天津市,传感器,Ethernet,tianjin_man2,1.6812417505340393
天津-0524,117.099958,39.099996,天津市,传感器,Wifi,tianjin_man2,4.07758229522684
天津-0525,117.032419,38.94487,天津市,PC,Cellular,tianjin_man2,3.1247019205930187
天津-0526,117.134479,39.123374,天津市,手机,Ethernet,tianjin_man2,1.9013396438434975
天津-0527,117.555564,38.987847,天津市,laptop,Cellular,tianjin_man1,7.238257825099524
天津-0528,117.09425,39.138762,天津市,laptop,Wifi,tianjin_man2,4.063370220656838
天津-0529,116.898697,39.292262,天津市,手机,Cellular,langfang_man1,3.3484668495322616
天津-0530,117.202101,39.009241,天津市,laptop,Ethernet,tianjin_man1,1.9230449974851935
天津-0531,117.088273,39.066234,天津市,手机,Wifi,tianjin_man2,2.5623055604167493
天津-0532,117.099504,39.099615,天津市,手机,Wifi,tianjin_man2,3.819525368034617
天津-0533,117.104028,39.106139,天津市,传感器,Wifi,tianjin_man2,4.250081568345401
天津-0534,117.131841,39.128873,天津市,PC,Ethernet,tianjin_man2,1.9104279909898547
天津-0535,116.719825,39.198641,天津市,传感器,Ethernet,langfang_man1,1.5931089174552193
天津-0536,117.030928,39.109073,天津市,手机,Ethernet,tianjin_man2,1.118339924430185
天津-0537,117.100101,39.099946,天津市,laptop,Wifi,tianjin_man2,1.6232594396414157
天津-0538,117.100191,39.09852,天津市,传感器,Cellular,tianjin_man2,3.013801208156246
天津-0539,117.103397,39.116596,天津市,laptop,Wifi,tianjin_man2,1.2409148099714034
天津-0540,117.124857,39.18286,天津市,传感器,Wifi,tianjin_man2,1.4861591561799563
天津-0541,116.954625,39.142229,天津市,PC,Cellular,tianjin_man2,7.774259976149907
天津-0542,117.072518,39.007527,天津市,传感器,Cellular,tianjin_man2,1.3823573266295477
天津-0543,116.817103,38.819576,天津市,PC,Ethernet,tianjin_man2,1.2038136152500267
天津-0544,117.087498,39.107188,天津市,PC,Cellular,tianjin_man2,1.0055390949047673
天津-0545,116.98317,39.433285,天津市,传感器,Wifi,langfang_man1,1.1098746150212784
天津-0546,117.109892,39.122802,天津市,传感器,Ethernet,tianjin_man2,1.3288281305365297
天津-0547,117.139872,39.100525,天津市,laptop,Cellular,tianjin_man2,1.682127066943976
天津-0548,117.188338,39.132035,天津市,laptop,Cellular,tianjin_man1,3.8805399736650528
天津-0549,117.391094,39.171917,天津市,传感器,Wifi,tianjin_man1,4.410607567214343
天津-0550,117.087839,39.107519,天津市,laptop,Wifi,tianjin_man2,3.132209564229906
天津-0551,116.954154,39.227339,天津市,传感器,Wifi,tianjin_man2,2.115234209542715
天津-0552,117.200892,39.103401,天津市,PC,Wifi,tianjin_man1,2.1701198691085506
天津-0553,117.083645,39.285587,天津市,传感器,Wifi,tianjin_man2,4.171982614804878
天津-0554,116.981732,39.08514,天津市,laptop,Cellular,tianjin_man2,6.72236805301509
天津-0555,117.154832,39.017483,天津市,laptop,Cellular,tianjin_man2,5.326292597100716
天津-0556,116.919274,39.220717,天津市,传感器,Ethernet,tianjin_man2,1.6579610131610534
天津-0557,117.122569,39.065602,天津市,PC,Cellular,tianjin_man2,2.450695280352377
天津-0558,117.091758,39.100075,天津市,传感器,Ethernet,tianjin_man2,1.9036350613541804
天津-0559,116.804581,38.794638,天津市,laptop,Cellular,tianjin_man2,4.080446234415598
天津-0560,117.118023,39.038099,天津市,传感器,Wifi,tianjin_man2,4.936348367916139
天津-0561,117.114656,39.118679,天津市,PC,Cellular,tianjin_man2,4.46977490763021
天津-0562,117.180959,38.962877,天津市,laptop,Wifi,tianjin_man1,2.3677888173066757
天津-0563,117.101963,39.101009,天津市,手机,Ethernet,tianjin_man2,1.724296743161379
天津-0564,117.083865,39.085964,天津市,PC,Ethernet,tianjin_man2,1.8328951919031913
天津-0565,117.100458,39.100095,天津市,手机,Cellular,tianjin_man2,3.702085654655073
天津-0566,117.1,39.1,天津市,手机,Ethernet,tianjin_man2,1.7188127790606824
天津-0567,116.857014,39.143422,天津市,传感器,Cellular,tianjin_man2,3.477189900562144
天津-0568,117.403897,38.799786,天津市,手机,Ethernet,tianjin_man1,1.6996869017564022
天津-0569,117.103203,39.08814,天津市,PC,Cellular,tianjin_man2,2.6037736589884846
天津-0570,117.151352,39.231983,天津市,PC,Wifi,tianjin_man2,1.9660452040633576
天津-0571,116.72758,39.353454,天津市,传感器,Wifi,langfang_man1,1.3708804885466854
天津-0572,116.711662,39.045974,天津市,手机,Cellular,tianjin_man2,4.905716359454042
天津-0573,117.327921,39.187084,天津市,传感器,Ethernet,tianjin_man1,1.2715062857012986
天津-0574,117.091759,39.070409,天津市,手机,Wifi,tianjin_man2,2.405988617202021
天津-0575,117.099987,39.1,天津市,PC,Ethernet,tianjin_man2,1.9652554116020613
天津-0576,117.100417,39.099875,天津市,传感器,Wifi,tianjin_man2,1.3902950127078442
天津-0577,117.112167,39.097506,天津市,手机,Cellular,tianjin_man2,5.250165205117489
天津-0578,117.096038,39.095499,天津市,laptop,Wifi,tianjin_man2,1.6732129508053153
天津-0579,117.041783,39.22248,天津市,传感器,Wifi,tianjin_man2,2.756312801134254
天津-0580,117.105412,39.09735,天津市,laptop,Wifi,tianjin_man2,3.8878692879254113
天津-0581,117.093822,38.968582,天津市,laptop,Cellular,tianjin_man2,1.9040536981946108
天津-0582,117.099997,39.1,天津市,手机,Cellular,tianjin_man2,3.4693992997748695
天津-0583,117.20179,39.144972,天津市,PC,Wifi,tianjin_man1,4.901109157622667
天津-0584,117.029323,39.153642,天津市,PC,Ethernet,tianjin_man2,1.3225851783677929
天津-0585,117.10272,39.092265,天津市,laptop,Ethernet,tianjin_man2,1.4349151224227574
天津-0586,117.100535,39.109399,天津市,手机,Wifi,tianjin_man2,4.827523741090605
天津-0587,117.099997,39.099982,天津市,传感器,Ethernet,tianjin_man2,1.2378279635379648
天津-0588,117.076797,39.101118,天津市,laptop,Wifi,tianjin_man2,2.3145995944213174
天津-0589,116.989565,39.066715,天津市,PC,Cellular,tianjin_man2,5.221209545873919
天津-0590,116.961428,38.920802,天津市,laptop,Cellular,tianjin_man2,1.7283355804891807
天津-0591,117.100264,39.099473,天津市,手机,Wifi,tianjin_man2,1.472493719234608
天津-0592,117.346135,39.209449,天津市,传感器,Wifi,tianjin_man1,4.895675907679818
天津-0593,117.100004,39.100001,天津市,传感器,Wifi,tianjin_man2,2.3812836989600026
天津-0594,117.260249,39.060674,天津市,传感器,Ethernet,tianjin_man1,1.9032199700689838
天津-0595,117.09996,39.100119,天津市,laptop,Ethernet,tianjin_man2,1.7128876310502699
天津-0596,117.101308,39.09937,天津市,手机,Wifi,tianjin_man2,1.8164540384839167
天津-0597,117.263471,38.850633,天津市,laptop,Cellular,tianjin_man1,1.1834461713431375
天津-0598,116.787373,39.177597,天津市,PC,Ethernet,tianjin_man2,1.1601393607581914
天津-0599,117.097442,39.103059,天津市,传感器,Wifi,tianjin_man2,2.1432493657421587
天津-0600,117.099877,39.1001,天津市,laptop,Wifi,tianjin_man2,1.4834817994419187
天津-0601,116.789748,39.379431,天津市,laptop,Wifi,langfang_man1,2.309061130164384
天津-0602,117.103614,39.094169,天津市,PC,Ethernet,tianjin_man2,1.5723132717716295
天津-0603,117.547754,39.175747,天津市,PC,Ethernet,tianjin_man1,1.952315158745619
天津-0604,117.160797,39.104605,天津市,手机,Ethernet,tianjin_man2,1.2069386034106633
天津-0605,116.994214,39.300537,天津市,手机,Cellular,langfang_man1,6.7246864013648
天津-0606,117.095694,39.09198,天津市,手机,Ethernet,tianjin_man2,1.4269507105631827
天津-0607,117.005824,39.152358,天津市,传感器,Wifi,tianjin_man2,1.4846681603882215
天津-0608,117.023229,39.15097,天津市,PC,Wifi,tianjin_man2,3.5188465547587087
天津-0609,117.07109,39.143829,天津市,传感器,Ethernet,tianjin_man2,1.2215188761696223
天津-0610,117.086164,39.10274,天津市,传感器,Ethernet,tianjin_man2,1.4067509959944124
天津-0611,117.043739,39.122446,天津市,PC,Ethernet,tianjin_man2,1.3787286468322129
天津-0612,117.189653,39.069301,天津市,传感器,Ethernet,tianjin_man1,1.4003189312497555
天津-0613,117.104103,39.101059,天津市,laptop,Cellular,tianjin_man2,7.582270795676818
天津-0614,117.128388,39.11177,天津市,PC,Ethernet,tianjin_man2,1.7560999010602174
天津-0615,117.100406,39.1045,天津市,传感器,Wifi,tianjin_man2,1.5801709253495262
天津-0616,117.100213,39.100621,天津市,传感器,Cellular,tianjin_man2,1.747233159263439
天津-0617,117.118536,39.067944,天津市,手机,Wifi,tianjin_man2,2.042042680084926
天津-0618,116.905638,39.410185,天津市,PC,Wifi,langfang_man1,4.981668628437856
天津-0619,117.098406,39.101815,天津市,传感器,Wifi,tianjin_man2,2.328662260014412
天津-0620,117.099938,39.086731,天津市,PC,Wifi,tianjin_man2,3.7596437088996004
天津-0621,117.106036,39.100281,天津市,PC,Ethernet,tianjin_man2,1.398260864381696
天津-0622,117.093304,39.104144,天津市,手机,Wifi,tianjin_man2,2.5390939245322923
天津-0623,117.102051,39.098297,天津市,手机,Ethernet,tianjin_man2,1.0463668699223554
天津-0624,117.129505,39.070935,天津市,手机,Wifi,tianjin_man2,1.622050441547108
石家-0001,114.449316,38.080337,石家庄市,传感器,Cellular,shijiangzhuang_man1,6.616565254133973
石家-0002,114.414887,37.994435,石家庄市,laptop,Wifi,shijiangzhuang_man1,1.1363583332312719
石家-0003,114.456328,38.079875,石家庄市,传感器,Cellular,shijiangzhuang_man1,4.878232764621614
石家-0004,114.424086,38.116662,石家庄市,PC,Ethernet,shijiangzhuang_man1,1.2497685705491204
石家-0005,114.524474,38.042717,石家庄市,laptop,Wifi,shijiangzhuang_man1,1.250651108422356
石家-0006,114.42454,38.10123,石家庄市,PC,Ethernet,shijiangzhuang_man1,1.4599611775744878
石家-0007,114.473194,38.049883,石家庄市,PC,Ethernet,shijiangzhuang_man1,1.625896425931805
石家-0008,114.551758,38.428609,石家庄市,PC,Ethernet,shijiangzhuang_man1,1.939931208974686
石家-0009,114.540693,38.124574,石家庄市,laptop,Wifi,shijiangzhuang_man1,1.0526383540987787
石家-0010,114.834864,38.177821,石家庄市,传感器,Ethernet,shijiangzhuang_man1,1.800110567786306
石家-0011,114.288903,38.110324,石家庄市,传感器,Cellular,shijiangzhuang_man1,2.8965822430516845
石家-0012,114.818412,37.943498,石家庄市,手机,Ethernet,shijiangzhuang_man1,1.4572536153291404
石家-0013,114.424236,38.138717,石家庄市,手机,Ethernet,shijiangzhuang_man1,1.131891089154227
石家-0014,113.993748,38.138741,石家庄市,传感器,Wifi,shijiangzhuang_man1,2.4949735833538664
石家-0015,114.452254,38.09584,石家庄市,手机,Wifi,shijiangzhuang_man1,3.953459406948064
石家-0016,114.450833,38.08635,石家庄市,PC,Ethernet,shijiangzhuang_man1,1.5668728205113687
石家-0017,114.580524,38.042517,石家庄市,laptop,Cellular,shijiangzhuang_man1,6.289632033067081
石家-0018,114.449833,38.080572,石家庄市,laptop,Wifi,shijiangzhuang_man1,1.4452914330639337
石家-0019,114.594943,37.952596,石家庄市,手机,Wifi,shijiangzhuang_man1,2.1541243910663046
石家-0020,114.517864,37.909639,石家庄市,PC,Wifi,shijiangzhuang_man1,1.5558819789564802
石家-0021,114.561697,38.203026,石家庄市,laptop,Cellular,shijiangzhuang_man1,1.9539024958883262
石家-0022,114.444938,38.112511,石家庄市,传感器,Wifi,shijiangzhuang_man1,1.5479591758856803
石家-0023,114.437004,37.981163,石家庄市,PC,Cellular,shijiangzhuang_man1,6.753205508348654
石家-0024,114.448108,38.075255,石家庄市,laptop,Wifi,shijiangzhuang_man1,3.267048142519001
石家-0025,114.453519,38.071611,石家庄市,手机,Ethernet,shijiangzhuang_man1,1.5678418489929915
石家-0026,114.195349,38.043761,石家庄市,laptop,Wifi,shijiangzhuang_man1,2.2929958359525178
石家-0027,114.484776,38.113543,石家庄市,PC,Cellular,shijiangzhuang_man1,5.574636074997535
石家-0028,114.450089,38.080027,石家庄市,laptop,Wifi,shijiangzhuang_man1,4.219407978766147
石家-0029,114.454655,38.071172,石家庄市,手机,Cellular,shijiangzhuang_man1,4.985355404562565
石家-0030,114.418508,38.062456,石家庄市,传感器,Wifi,shijiangzhuang_man1,2.889409201404866
石家-0031,114.449554,38.080812,石家庄市,传感器,Ethernet,shijiangzhuang_man1,1.6863306143879
石家-0032,114.474366,37.92643,石家庄市,手机,Cellular,shijiangzhuang_man1,6.745646598579506
石家-0033,114.613139,37.793924,石家庄市,laptop,Wifi,shijiangzhuang_man1,4.168119196622909
石家-0034,114.838619,38.027908,石家庄市,PC,Wifi,shijiangzhuang_man1,1.9839097714514522
石家-0035,114.43075,38.145306,石家庄市,PC,Cellular,shijiangzhuang_man1,3.214177739557455
石家-0036,114.459972,38.21261,石家庄市,传感器,Ethernet,shijiangzhuang_man1,1.9117872384045145
石家-0037,114.665957,38.256458,石家庄市,laptop,Wifi,shijiangzhuang_man1,4.684243473178814
石家-0038,114.45,38.08,石家庄市,laptop,Cellular,shijiangzhuang_man1,3.6030966848051493
石家-0039,114.460843,38.088569,石家庄市,PC,Wifi,shijiangzhuang_man1,1.8381398549582508
石家-0040,114.593442,38.179545,石家庄市,laptop,Ethernet,shijiangzhuang_man1,1.4855161100573464
石家-0041,114.460673,38.088533,石家庄市,laptop,Wifi,shijiangzhuang_man1,2.3866696590447707
石家-0042,114.450641,38.079456,石家庄市,PC,Wifi,shijiangzhuang_man1,4.454431183369943
石家-0043,114.589932,38.4417,石家庄市,laptop,Cellular,shijiangzhuang_man1,7.521076519268413
石家-0044,114.513837,38.12984,石家庄市,PC,Wifi,shijiangzhuang_man1,1.9665659045762136
石家-0045,114.450434,38.082619,石家庄市,手机,Cellular,shijiangzhuang_man1,3.8355202455256188
石家-0046,114.462399,38.106517,石家庄市,传感器,Cellular,shijiangzhuang_man1,1.0639562485089342
石家-0047,113.861055,37.940277,石家庄市,PC,Wifi,shijiangzhuang_man1,4.081195232244984
石家-0048,115.033428,37.935686,石家庄市,PC,Cellular,shijiangzhuang_man2,3.1056741369029903
石家-0049,114.449997,38.080004,石家庄市,laptop,Ethernet,shijiangzhuang_man1,1.018878022008864
石家-0050,114.447034,38.087825,石家庄市,传感器,Wifi,shijiangzhuang_man1,4.417590405572215
石家-0051,114.421146,38.134758,石家庄市,laptop,Wifi,shijiangzhuang_man1,2.4298640576189463
石家-0052,114.449401,38.079934,石家庄市,传感器,Wifi,shijiangzhuang_man1,1.7472242794226585
石家-0053,114.45,38.08,石家庄市,手机,Ethernet,shijiangzhuang_man1,1.3724793559157398
石家-0054,114.5553,38.011007,石家庄市,手机,Cellular,shijiangzhuang_man1,3.5171832976519735
石家-0055,114.355795,38.076133,石家庄市,传感器,Ethernet,shijiangzhuang_man1,1.6849564457450286
石家-0056,114.073604,37.988152,石家庄市,手机,Cellular,shijiangzhuang_man1,4.6083986525965805
石家-0057,114.462708,38.080132,石家庄市,PC,Wifi,shijiangzhuang_man1,3.2515914727349093
石家-0058,114.465109,38.078806,石家庄市,PC,Ethernet,shijiangzhuang_man1,1.1811904435554952
石家-0059,114.453366,38.052923,石家庄市,手机,Wifi,shijiangzhuang_man1,3.498290045532107
石家-0060,114.514519,38.256427,石家庄市,PC,Cellular,shijiangzhuang_man1,2.7155137531155464
石家-0061,114.116687,38.132576,石家庄市,传感器,Cellular,shijiangzhuang_man1,3.607999310158925
石家-0062,114.402383,38.144623,石家庄市,传感器,Ethernet,shijiangzhuang_man1,1.8230907280846842
石家-0063,114.545845,38.166885,石家庄市,laptop,Wifi,shijiangzhuang_man1,2.019563709569582
石家-0064,114.463377,38.055495,石家庄市,传感器,Cellular,shijiangzhuang_man1,3.382171099266629
石家-0065,114.435915,38.083449,石家庄市,PC,Ethernet,shijiangzhuang_man1,1.7711904796444837
石家-0066,114.451615,38.09296,石家庄市,手机,Ethernet,shijiangzhuang_man1,1.9106186002648946
石家-0067,114.582594,38.57042,石家庄市,传感器,Ethernet,baoding_man1,1.0752638465378486
石家-0068,114.374335,38.028468,石家庄市,传感器,Cellular,shijiangzhuang_man1,4.947890124719033
石家-0069,114.449921,38.079897,石家庄市,PC,Ethernet,shijiangzhuang_man1,1.8264300058047827
石家-0070,114.449837,38.08013,石家庄市,手机,Wifi,shijiangzhuang_man1,4.053307040390079
石家-0071,114.456243,38.104591,石家庄市,手机,Wifi,shijiangzhuang_man1,2.176225845948115
石家-0072,114.507616,38.064489,石家庄市,laptop,Ethernet,shijiangzhuang_man1,1.6900172270691902
石家-0073,115.081403,38.258994,石家庄市,传感器,Ethernet,shijiangzhuang_man2,1.8733795642554194
石家-0074,114.757284,37.912855,石家庄市,PC,Cellular,shijiangzhuang_man1,6.9722444789335265
石家-0075,114.47019,38.107003,石家庄市,PC,Cellular,shijiangzhuang_man1,1.5830409474598746
石家-0076,114.734831,37.780769,石家庄市,PC,Ethernet,shijiangzhuang_man1,1.9602174736296072
石家-0077,114.430396,38.461931,石家庄市,PC,Cellular,shijiangzhuang_man1,2.958278619845257
石家-0078,114.450185,38.079354,石家庄市,传感器,Cellular,shijiangzhuang_man1,1.439563103387875
石家-0079,114.264178,37.980902,石家庄市,手机,Cellular,shijiangzhuang_man1,5.172717489790564
石家-0080,114.324139,37.870158,石家庄市,PC,Wifi,shijiangzhuang_man1,1.5564428928530156
石家-0081,114.593216,38.025439,石家庄市,laptop,Ethernet,shijiangzhuang_man1,1.9918039972670543
石家-0082,114.263796,38.567448,石家庄市,手机,Ethernet,shijiangzhuang_man1,1.531316670471823
石家-0083,114.447491,38.078031,石家庄市,手机,Ethernet,shijiangzhuang_man1,1.9080790005364583
石家-0084,114.676181,38.081834,石家庄市,传感器,Cellular,shijiangzhuang_man1,5.324724598036397
石家-0085,114.55341,38.074138,石家庄市,传感器,Ethernet,shijiangzhuang_man1,1.8579833079592736
石家-0086,114.495866,37.837783,石家庄市,laptop,Cellular,shijiangzhuang_man1,2.2871765885996003
石家-0087,114.374317,38.232228,石家庄市,传感器,Ethernet,shijiangzhuang_man1,1.7962470326896178
石家-0088,114.422259,38.101667,石家庄市,传感器,Wifi,shijiangzhuang_man1,2.092313804277291
石家-0089,114.450457,38.07994,石家庄市,laptop,Wifi,shijiangzhuang_man1,2.4133582753949896
石家-0090,114.443164,38.086598,石家庄市,手机,Ethernet,shijiangzhuang_man1,1.1997822729066834
石家-0091,114.479069,38.194546,石家庄市,手机,Ethernet,shijiangzhuang_man1,1.70828301769121
石家-0092,114.449272,38.079884,石家庄市,传感器,Cellular,shijiangzhuang_man1,7.034546391996026
石家-0093,114.442586,38.079551,石家庄市,PC,Wifi,shijiangzhuang_man1,4.154848077975393
石家-0094,114.450017,38.080008,石家庄市,PC,Cellular,shijiangzhuang_man1,1.6017091184011814
石家-0095,114.500951,38.151618,石家庄市,传感器,Cellular,shijiangzhuang_man1,6.484087905926424
石家-0096,114.668783,38.103314,石家庄市,PC,Cellular,shijiangzhuang_man1,5.32023639207369
石家-0097,114.460714,38.08081,石家庄市,手机,Wifi,shijiangzhuang_man1,3.7385336928207415
石家-0098,114.45,38.080001,石家庄市,laptop,Wifi,shijiangzhuang_man1,3.8465280878918593
石家-0099,114.451983,38.069733,石家庄市,PC,Wifi,shijiangzhuang_man1,3.0680953606931753
石家-0100,114.833459,38.231935,石家庄市,laptop,Ethernet,shijiangzhuang_man1,1.2929038370836188
石家-0101,114.457715,38.085156,石家庄市,PC,Ethernet,shijiangzhuang_man1,1.0579966384447967
石家-0102,114.531639,38.120001,石家庄市,laptop,Cellular,shijiangzhuang_man1,5.841952115556552
石家-0103,114.450022,38.079999,石家庄市,传感器,Cellular,shijiangzhuang_man1,3.4034363481061707
石家-0104,114.440172,38.126866,石家庄市,传感器,Wifi,shijiangzhuang_man1,4.642551293159958
石家-0105,114.418764,37.948579,石家庄市,手机,Cellular,shijiangzhuang_man1,2.845888853329948
石家-0106,114.425115,38.070366,石家庄市,laptop,Ethernet,shijiangzhuang_man1,1.2586810189718602
石家-0107,114.49507,38.213577,石家庄市,laptop,Cellular,shijiangzhuang_man1,3.1563802208550062
石家-0108,114.292026,38.211946,石家庄市,传感器,Cellular,shijiangzhuang_man1,1.269881846546387
石家-0109,114.995786,37.859024,石家庄市,laptop,Wifi,shijiangzhuang_man2,2.5193119207097037
石家-0110,114.657508,37.996016,石家庄市,PC,Wifi,shijiangzhuang_man1,2.90041216437571
石家-0111,115.083706,38.091781,石家庄市,手机,Cellular,shijiangzhuang_man2,4.078845259082327
石家-0112,114.093106,38.523597,石家庄市,传感器,Ethernet,shijiangzhuang_man1,1.0912276603795303
石家-0113,114.449617,38.079874,石家庄市,PC,Wifi,shijiangzhuang_man1,3.7384165902325486
石家-0114,114.62714,37.938516,石家庄市,laptop,Ethernet,shijiangzhuang_man1,1.46482316905775
石家-0115,114.39308,38.086163,石家庄市,PC,Ethernet,shijiangzhuang_man1,1.8064378943527597
石家-0116,114.347337,38.045765,石家庄市,PC,Wifi,shijiangzhuang_man1,3.2740548509709977
石家-0117,114.45,38.08,石家庄市,传感器,Cellular,shijiangzhuang_man1,5.638225181850777
石家-0118,114.410882,38.01395,石家庄市,手机,Ethernet,shijiangzhuang_man1,1.1477188042641426
石家-0119,114.450163,38.06321,石家庄市,手机,Cellular,shijiangzhuang_man1,3.1244488350521986
石家-0120,114.578722,38.201268,石家庄市,手机,Ethernet,shijiangzhuang_man1,1.2184378296273337
石家-0121,114.433407,38.085854,石家庄市,传感器,Cellular,shijiangzhuang_man1,1.329843439794216
石家-0122,114.357992,38.011748,石家庄市,传感器,Ethernet,shijiangzhuang_man1,1.3153202661237864
石家-0123,114.465861,38.072763,石家庄市,手机,Wifi,shijiangzhuang_man1,4.143821364593265
石家-0124,114.457719,38.083416,石家庄市,手机,Cellular,shijiangzhuang_man1,1.5780868471205047
石家-0125,114.384305,38.038522,石家庄市,手机,Wifi,shijiangzhuang_man1,4.494409283578561
石家-0126,114.447668,38.080362,石家庄市,传感器,Cellular,shijiangzhuang_man1,3.207701330488528
石家-0127,114.436728,38.163695,石家庄市,手机,Wifi,shijiangzhuang_man1,1.4671960486012883
石家-0128,114.676792,38.105614,石家庄市,laptop,Ethernet,shijiangzhuang_man1,1.1707400128650638
石家-0129,114.449904,38.080186,石家庄市,手机,Wifi,shijiangzhuang_man1,1.3579279466761536
石家-0130,114.449997,38.080017,石家庄市,传感器,Wifi,shijiangzhuang_man1,1.2101986465809937
石家-0131,114.450112,38.077226,石家庄市,手机,Ethernet,shijiangzhuang_man1,1.2233860643815242
石家-0132,114.45,38.080001,石家庄市,手机,Ethernet,shijiangzhuang_man1,1.6393847574270035
石家-0133,114.46578,37.94973,石家庄市,laptop,Ethernet,shijiangzhuang_man1,1.8013882099058396
石家-0134,114.592214,38.51328,石家庄市,laptop,Cellular,shijiangzhuang_man1,4.661911749714881
石家-0135,114.071918,38.194009,石家庄市,laptop,Cellular,shijiangzhuang_man1,5.406751085962713
石家-0136,114.453562,38.082925,石家庄市,传感器,Wifi,shijiangzhuang_man1,4.508560413553784
石家-0137,114.589075,37.901631,石家庄市,PC,Ethernet,shijiangzhuang_man1,1.7458701540653312
石家-0138,114.443312,37.905432,石家庄市,PC,Ethernet,shijiangzhuang_man1,1.8648758543790902
石家-0139,114.486633,38.570082,石家庄市,PC,Ethernet,baoding_man1,1.3325581146442225
石家-0140,114.487241,38.053824,石家庄市,laptop,Cellular,shijiangzhuang_man1,3.2661902264374945
石家-0141,114.384081,37.68237,石家庄市,手机,Ethernet,shijiangzhuang_man1,1.1084109814711163
石家-0142,114.480347,38.037829,石家庄市,PC,Ethernet,shijiangzhuang_man1,1.7524225807197706
石家-0143,114.451021,38.081936,石家庄市,手机,Wifi,shijiangzhuang_man1,4.560476261732202
石家-0144,115.046278,38.084454,石家庄市,手机,Ethernet,shijiangzhuang_man2,1.6694797990150088
石家-0145,114.446771,38.079978,石家庄市,手机,Wifi,shijiangzhuang_man1,4.680534344340892
石家-0146,114.381617,38.132872,石家庄市,传感器,Ethernet,shijiangzhuang_man1,1.1970939661918434
石家-0147,114.131881,37.965981,石家庄市,手机,Cellular,shijiangzhuang_man1,5.6138636972313245
石家-0148,114.299168,37.636537,石家庄市,手机,Ethernet,shijiangzhuang_man1,1.0491395727247381
石家-0149,114.563738,38.028368,石家庄市,手机,Cellular,shijiangzhuang_man1,3.12590240022925
石家-0150,114.385769,38.068076,石家庄市,laptop,Wifi,shijiangzhuang_man1,4.012420477213727
石家-0151,114.51827,38.391918,石家庄市,PC,Cellular,shijiangzhuang_man1,3.1373786013291785
石家-0152,114.450014,38.079994,石家庄市,传感器,Wifi,shijiangzhuang_man1,1.272363339016597
石家-0153,114.48663,38.107086,石家庄市,PC,Wifi,shijiangzhuang_man1,4.002008893661241
石家-0154,114.45,38.08,石家庄市,laptop,Cellular,shijiangzhuang_man1,4.95227806336738
石家-0155,114.441129,38.082763,石家庄市,手机,Cellular,shijiangzhuang_man1,1.9856053664632987
石家-0156,114.335154,38.197151,石家庄市,PC,Cellular,shijiangzhuang_man1,1.6652742244145506
石家-0157,114.263847,38.251302,石家庄市,手机,Wifi,shijiangzhuang_man1,4.274333170457183
石家-0158,114.449356,38.079097,石家庄市,手机,Wifi,shijiangzhuang_man1,4.2784390771305585
石家-0159,114.137842,38.118732,石家庄市,传感器,Cellular,shijiangzhuang_man1,7.3850720473444085
石家-0160,114.450328,38.07976,石家庄市,手机,Ethernet,shijiangzhuang_man1,1.2336996140326648
石家-0161,114.450443,38.081116,石家庄市,laptop,Cellular,shijiangzhuang_man1,4.8610341156697014
石家-0162,114.478976,38.050245,石家庄市,手机,Cellular,shijiangzhuang_man1,3.13936712305142
石家-0163,114.42487,38.069305,石家庄市,传感器,Ethernet,shijiangzhuang_man1,1.0549059459060448
石家-0164,114.446255,38.106416,石家庄市,手机,Wifi,shijiangzhuang_man1,1.6979656871338027
石家-0165,114.34663,37.873308,石家庄市,laptop,Ethernet,shijiangzhuang_man1,1.6437892819005757
石家-0166,114.027486,37.682169,石家庄市,PC,Ethernet,shijiangzhuang_man1,1.5664614634885687
石家-0167,114.450345,38.079732,石家庄市,laptop,Wifi,shijiangzhuang_man1,1.0814249249920311
石家-0168,114.341271,37.933881,石家庄市,传感器,Wifi,shijiangzhuang_man1,1.9086173237994122
石家-0169,114.450793,38.078954,石家庄市,传感器,Cellular,shijiangzhuang_man1,4.9063838150421955
石家-0170,114.725465,38.229134,石家庄市,laptop,Wifi,shijiangzhuang_man1,3.774297528657607
石家-0171,114.452245,38.080247,石家庄市,传感器,Ethernet,shijiangzhuang_man1,1.515272701691516
石家-0172,114.49145,38.088164,石家庄市,手机,Cellular,shijiangzhuang_man1,3.4837538836350754
石家-0173,114.928523,38.291627,石家庄市,手机,Wifi,shijiangzhuang_man1,4.539917809629417
石家-0174,114.450221,38.078264,石家庄市,PC,Cellular,shijiangzhuang_man1,2.341336812008211
石家-0175,115.063656,38.175613,石家庄市,手机,Cellular,shijiangzhuang_man2,1.3526252986691103
石家-0176,115.016711,38.102416,石家庄市,PC,Wifi,shijiangzhuang_man2,1.5205220820957854
石家-0177,114.616814,37.860452,石家庄市,PC,Wifi,shijiangzhuang_man1,4.235293573253301
石家-0178,114.552052,37.980428,石家庄市,laptop,Cellular,shijiangzhuang_man1,6.401260634362337
石家-0179,114.55457,37.985915,石家庄市,手机,Ethernet,shijiangzhuang_man1,1.9480935196647435
石家-0180,114.516001,38.090858,石家庄市,传感器,Wifi,shijiangzhuang_man1,4.073302033035787
石家-0181,114.922761,37.941666,石家庄市,手机,Wifi,shijiangzhuang_man2,4.637504023164409
石家-0182,114.446709,38.029683,石家庄市,laptop,Cellular,shijiangzhuang_man1,1.4254119402950685
石家-0183,114.46779,38.092965,石家庄市,PC,Cellular,shijiangzhuang_man1,3.4523014541270793
石家-0184,114.449082,38.078957,石家庄市,laptop,Wifi,shijiangzhuang_man1,2.902029629430082
石家-0185,114.23703,38.062254,石家庄市,手机,Ethernet,shijiangzhuang_man1,1.1824434000186832
石家-0186,114.45071,38.07966,石家庄市,手机,Ethernet,shijiangzhuang_man1,1.0426338225375473
石家-0187,114.445131,38.078495,石家庄市,手机,Wifi,shijiangzhuang_man1,1.5424627212461388
石家-0188,114.497352,38.066356,石家庄市,laptop,Cellular,shijiangzhuang_man1,3.338856011228991
石家-0189,114.464196,38.07165,石家庄市,PC,Ethernet,shijiangzhuang_man1,1.4571392621127437
石家-0190,114.585963,38.528308,石家庄市,laptop,Ethernet,baoding_man1,1.0743504580460597
石家-0191,114.475436,38.111968,石家庄市,laptop,Cellular,shijiangzhuang_man1,3.4397970784559324
石家-0192,114.450397,38.079087,石家庄市,PC,Cellular,shijiangzhuang_man1,6.075310676986149
石家-0193,114.43975,38.023054,石家庄市,传感器,Ethernet,shijiangzhuang_man1,1.430759957940803
石家-0194,114.69136,38.219323,石家庄市,laptop,Cellular,shijiangzhuang_man1,3.2793043518235385
石家-0195,114.224483,38.094233,石家庄市,手机,Ethernet,shijiangzhuang_man1,1.9673087795503799
石家-0196,114.449709,38.08006,石家庄市,PC,Ethernet,shijiangzhuang_man1,1.342205003178175
石家-0197,114.539999,37.561794,石家庄市,PC,Ethernet,xingtai_man1,1.6263610184663304
石家-0198,114.517699,38.290955,石家庄市,传感器,Ethernet,shijiangzhuang_man1,1.1671265362760288
石家-0199,114.431016,38.082152,石家庄市,手机,Ethernet,shijiangzhuang_man1,1.0387296280864913
石家-0200,114.419187,38.076361,石家庄市,laptop,Cellular,shijiangzhuang_man1,2.859487668612852
石家-0201,114.448449,38.082395,石家庄市,传感器,Cellular,shijiangzhuang_man1,7.184337180095862
石家-0202,114.265893,37.915251,石家庄市,laptop,Ethernet,shijiangzhuang_man1,1.7698950408617011
石家-0203,114.449874,38.07997,石家庄市,传感器,Wifi,shijiangzhuang_man1,2.406572567234574
石家-0204,114.883108,37.943548,石家庄市,PC,Ethernet,shijiangzhuang_man2,1.245823048917937
石家-0205,114.381988,38.20198,石家庄市,laptop,Wifi,shijiangzhuang_man1,3.2145545701594846
石家-0206,114.446084,38.079835,石家庄市,PC,Wifi,shijiangzhuang_man1,1.0542045238520243
石家-0207,114.468081,38.12249,石家庄市,传感器,Cellular,shijiangzhuang_man1,1.0664044015427097
石家-0208,114.506293,38.049156,石家庄市,手机,Wifi,shijiangzhuang_man1,3.6502846181696627
石家-0209,114.372673,37.97808,石家庄市,手机,Ethernet,shijiangzhuang_man1,1.6240757345071355
石家-0210,114.265076,37.936373,石家庄市,PC,Wifi,shijiangzhuang_man1,4.43954268005835
石家-0211,114.474344,37.818037,石家庄市,手机,Wifi,shijiangzhuang_man1,3.5899706142595558
石家-0212,114.500073,38.152518,石家庄市,laptop,Ethernet,shijiangzhuang_man1,1.3095747870469552
石家-0213,114.577753,38.040767,石家庄市,传感器,Wifi,shijiangzhuang_man1,3.8258540618097086
石家-0214,114.836087,38.344468,石家庄市,PC,Ethernet,shijiangzhuang_man1,1.1189811060714288
石家-0215,114.649199,38.294907,石家庄市,传感器,Cellular,shijiangzhuang_man1,4.093505294862611
石家-0216,114.344648,37.968528,石家庄市,PC,Wifi,shijiangzhuang_man1,1.8246590248489682
石家-0217,114.54922,38.215762,石家庄市,传感器,Cellular,shijiangzhuang_man1,2.6953244708418547
石家-0218,114.446028,38.071849,石家庄市,laptop,Ethernet,shijiangzhuang_man1,1.4162571161115043
石家-0219,114.450043,38.09222,石家庄市,手机,Ethernet,shijiangzhuang_man1,1.5159159044909332
石家-0220,114.449975,38.080018,石家庄市,PC,Ethernet,shijiangzhuang_man1,1.4818853976185042
石家-0221,114.45321,38.089123,石家庄市,PC,Wifi,shijiangzhuang_man1,1.0085011585807586
石家-0222,114.680592,37.688672,石家庄市,laptop,Ethernet,shijiangzhuang_man1,1.4661833820511907
石家-0223,114.408811,37.932686,石家庄市,PC,Ethernet,shijiangzhuang_man1,1.9237780525471724
石家-0224,114.840502,37.75668,石家庄市,laptop,Cellular,shijiangzhuang_man2,6.481395540546256
石家-0225,114.430958,38.072202,石家庄市,手机,Wifi,shijiangzhuang_man1,4.090764609156073
石家-0226,114.505003,37.930433,石家庄市,laptop,Ethernet,shijiangzhuang_man1,1.7904436641595747
石家-0227,114.45144,38.081018,石家庄市,laptop,Ethernet,shijiangzhuang_man1,1.3090558062338047
石家-0228,114.502836,37.828663,石家庄市,传感器,Cellular,shijiangzhuang_man1,1.9133703102065944
石家-0229,113.80551,37.942349,石家庄市,手机,Wifi,shijiangzhuang_man1,3.3660644510906166
石家-0230,114.415559,38.072018,石家庄市,传感器,Ethernet,shijiangzhuang_man1,1.5923832970339569
石家-0231,114.450113,38.08002,石家庄市,传感器,Wifi,shijiangzhuang_man1,1.0167646345522603
石家-0232,114.488864,38.304863,石家庄市,手机,Ethernet,shijiangzhuang_man1,1.320450012002612
石家-0233,114.100237,38.201827,石家庄市,手机,Ethernet,shijiangzhuang_man1,1.9278584284504388
石家-0234,114.519247,38.345512,石家庄市,传感器,Cellular,shijiangzhuang_man1,4.516354844674941
石家-0235,114.454393,38.024381,石家庄市,PC,Wifi,shijiangzhuang_man1,3.004680243004184
石家-0236,114.449996,38.079991,石家庄市,laptop,Cellular,shijiangzhuang_man1,3.6839749908027266
石家-0237,114.464384,38.042152,石家庄市,手机,Ethernet,shijiangzhuang_man1,1.1891481664735453
石家-0238,114.497892,38.080718,石家庄市,传感器,Cellular,shijiangzhuang_man1,7.101888922549201
石家-0239,114.431582,37.977251,石家庄市,传感器,Cellular,shijiangzhuang_man1,7.0860469144095966
石家-0240,114.729756,37.973949,石家庄市,laptop,Cellular,shijiangzhuang_man1,1.3042216092396755
石家-0241,114.24847,38.172379,石家庄市,手机,Ethernet,shijiangzhuang_man1,1.824837030514899
石家-0242,114.400701,38.109948,石家庄市,PC,Ethernet,shijiangzhuang_man1,1.5674068547192443
石家-0243,114.453418,37.99564,石家庄市,手机,Wifi,shijiangzhuang_man1,1.3185989618682932
石家-0244,114.449816,38.079774,石家庄市,laptop,Cellular,shijiangzhuang_man1,7.729844400351832
石家-0245,114.453175,38.069922,石家庄市,PC,Cellular,shijiangzhuang_man1,5.0194084751371975
石家-0246,114.449997,38.080001,石家庄市,PC,Ethernet,shijiangzhuang_man1,1.4977595776957773
石家-0247,114.452809,38.080831,石家庄市,laptop,Wifi,shijiangzhuang_man1,1.268589147287556
石家-0248,114.45,38.08,石家庄市,laptop,Ethernet,shijiangzhuang_man1,1.0602767187367204
石家-0249,114.571487,38.1857,石家庄市,手机,Cellular,shijiangzhuang_man1,2.831502114428969
石家-0250,114.450848,38.082534,石家庄市,PC,Cellular,shijiangzhuang_man1,7.839239591749171
石家-0251,114.102997,38.007887,石家庄市,PC,Cellular,shijiangzhuang_man1,3.404608840595574
石家-0252,114.002002,38.260077,石家庄市,laptop,Wifi,shijiangzhuang_man1,3.307285570502476
石家-0253,114.776085,37.785625,石家庄市,手机,Ethernet,shijiangzhuang_man2,1.6340371178788464
石家-0254,114.460537,38.069511,石家庄市,手机,Cellular,shijiangzhuang_man1,3.7256943571236523
石家-0255,114.390829,37.874743,石家庄市,laptop,Ethernet,shijiangzhuang_man1,1.4832819088716778
石家-0256,114.446656,38.015528,石家庄市,手机,Ethernet,shijiangzhuang_man1,1.5911000417688392
石家-0257,114.56168,38.109345,石家庄市,laptop,Wifi,shijiangzhuang_man1,3.395731692603874
石家-0258,114.443992,38.079203,石家庄市,传感器,Cellular,shijiangzhuang_man1,5.4060398341087
石家-0259,114.251785,38.03915,石家庄市,laptop,Wifi,shijiangzhuang_man1,1.3542429331347452
石家-0260,114.010689,38.170031,石家庄市,传感器,Wifi,shijiangzhuang_man1,3.182041412314039
石家-0261,114.481328,38.106197,石家庄市,传感器,Ethernet,shijiangzhuang_man1,1.2246294207345891
石家-0262,114.420944,38.03391,石家庄市,传感器,Cellular,shijiangzhuang_man1,3.401643416251771
石家-0263,114.702884,38.216873,石家庄市,传感器,Cellular,shijiangzhuang_man1,2.723593414199212
石家-0264,114.451905,38.08009,石家庄市,PC,Cellular,shijiangzhuang_man1,7.5107259278597365
石家-0265,114.567338,38.180662,石家庄市,传感器,Cellular,shijiangzhuang_man1,2.5665144125478725
石家-0266,114.541872,38.000302,石家庄市,PC,Ethernet,shijiangzhuang_man1,1.0358116034179914
石家-0267,114.418857,38.093325,石家庄市,laptop,Ethernet,shijiangzhuang_man1,1.4256797250893347
石家-0268,114.450031,38.079969,石家庄市,PC,Ethernet,shijiangzhuang_man1,1.0985439701856214
石家-0269,114.604452,37.893985,石家庄市,手机,Cellular,shijiangzhuang_man1,3.395435938367677
石家-0270,114.385117,38.204087,石家庄市,laptop,Cellular,shijiangzhuang_man1,3.529070215803077
石家-0271,114.552099,37.955642,石家庄市,传感器,Wifi,shijiangzhuang_man1,1.5699057379437718
石家-0272,114.936313,37.847315,石家庄市,laptop,Ethernet,shijiangzhuang_man2,1.701188993926951
石家-0273,114.561229,38.264415,石家庄市,传感器,Cellular,shijiangzhuang_man1,4.320204819580298
石家-0274,114.411765,38.156026,石家庄市,传感器,Ethernet,shijiangzhuang_man1,1.582203215679443
石家-0275,114.474499,38.060054,石家庄市,PC,Cellular,shijiangzhuang_man1,2.5376708872987033
石家-0276,114.008797,37.770901,石家庄市,手机,Ethernet,shijiangzhuang_man1,1.3270101703113806
石家-0277,114.474067,38.035488,石家庄市,laptop,Cellular,shijiangzhuang_man1,2.6757041904322154
石家-0278,114.410288,37.990741,石家庄市,laptop,Cellular,shijiangzhuang_man1,4.271081522238864
石家-0279,114.449987,38.080043,石家庄市,手机,Ethernet,shijiangzhuang_man1,1.428599519920299
石家-0280,114.276471,38.152707,石家庄市,传感器,Ethernet,shijiangzhuang_man1,1.3795191725222415
石家-0281,114.447958,38.086213,石家庄市,传感器,Ethernet,shijiangzhuang_man1,1.0459089487969775
石家-0282,114.396639,38.138847,石家庄市,手机,Wifi,shijiangzhuang_man1,1.1664745907811946
石家-0283,114.621822,37.97922,石家庄市,PC,Ethernet,shijiangzhuang_man1,1.57058388013799
石家-0284,114.527192,38.011124,石家庄市,laptop,Ethernet,shijiangzhuang_man1,1.245609647440845
石家-0285,114.470048,38.126639,石家庄市,PC,Wifi,shijiangzhuang_man1,2.321498769272631
石家-0286,114.30613,37.979842,石家庄市,手机,Cellular,shijiangzhuang_man1,5.72212904106883
石家-0287,114.428626,38.074328,石家庄市,laptop,Cellular,shijiangzhuang_man1,4.986962966445348
石家-0288,114.520368,38.103613,石家庄市,PC,Ethernet,shijiangzhuang_man1,1.6008785640161256
石家-0289,114.358198,37.697792,石家庄市,PC,Cellular,shijiangzhuang_man1,2.9682194821130397
石家-0290,114.409362,38.152978,石家庄市,laptop,Wifi,shijiangzhuang_man1,1.0156150518313654
石家-0291,113.811429,38.190881,石家庄市,传感器,Cellular,shijiangzhuang_man1,2.9831572737296317
石家-0292,114.449237,38.067177,石家庄市,手机,Ethernet,shijiangzhuang_man1,1.3824572548406184
石家-0293,114.382059,38.325351,石家庄市,手机,Ethernet,shijiangzhuang_man1,1.878609198807478
石家-0294,114.450841,38.078842,石家庄市,laptop,Ethernet,shijiangzhuang_man1,1.9966538714766937
石家-0295,114.459729,38.102662,石家庄市,laptop,Cellular,shijiangzhuang_man1,6.053845750374997
石家-0296,114.437385,38.086824,石家庄市,传感器,Ethernet,shijiangzhuang_man1,1.6943390325024312
石家-0297,114.553157,38.283579,石家庄市,laptop,Ethernet,shijiangzhuang_man1,1.4027029626751066
石家-0298,114.696469,37.885108,石家庄市,laptop,Ethernet,shijiangzhuang_man1,1.7380779149760568
石家-0299,114.450827,38.080133,石家庄市,手机,Wifi,shijiangzhuang_man1,3.1000040419118173
石家-0300,114.449974,38.079987,石家庄市,传感器,Cellular,shijiangzhuang_man1,5.618292066382656
石家-0301,114.424941,38.129631,石家庄市,手机,Cellular,shijiangzhuang_man1,1.6377549533002829
石家-0302,114.446796,38.08051,石家庄市,传感器,Cellular,shijiangzhuang_man1,1.1284144241284282
石家-0303,114.451769,38.080496,石家庄市,laptop,Cellular,shijiangzhuang_man1,2.1749921757097446
石家-0304,114.2831,38.157912,石家庄市,传感器,Ethernet,shijiangzhuang_man1,1.8017766233640522
石家-0305,114.442365,38.27742,石家庄市,传感器,Wifi,shijiangzhuang_man1,3.260814563779975
石家-0306,114.409495,38.092899,石家庄市,PC,Ethernet,shijiangzhuang_man1,1.458683311426724
石家-0307,114.39808,38.150595,石家庄市,传感器,Wifi,shijiangzhuang_man1,1.997557411049586
石家-0308,114.129961,37.969737,石家庄市,手机,Ethernet,shijiangzhuang_man1,1.1185723862428252
石家-0309,114.338681,38.116026,石家庄市,laptop,Wifi,shijiangzhuang_man1,4.255626932941924
石家-0310,114.444274,38.080444,石家庄市,传感器,Ethernet,shijiangzhuang_man1,1.5781842826036896
石家-0311,114.48398,38.023993,石家庄市,laptop,Ethernet,shijiangzhuang_man1,1.8623567040730542
石家-0312,114.434286,38.094571,石家庄市,手机,Ethernet,shijiangzhuang_man1,1.1462315446030698
石家-0313,114.434622,38.077213,石家庄市,laptop,Wifi,shijiangzhuang_man1,3.56679477405894
石家-0314,114.53031,38.074827,石家庄市,传感器,Cellular,shijiangzhuang_man1,4.246308923191762
石家-0315,114.628789,38.218658,石家庄市,传感器,Ethernet,shijiangzhuang_man1,1.85585398195534
石家-0316,114.306855,37.858687,石家庄市,传感器,Ethernet,shijiangzhuang_man1,1.7348399236969052
石家-0317,114.467338,38.137145,石家庄市,laptop,Ethernet,shijiangzhuang_man1,1.1901591310033592
石家-0318,114.45026,38.080203,石家庄市,laptop,Wifi,shijiangzhuang_man1,3.90583967645974
石家-0319,114.445496,38.079255,石家庄市,PC,Wifi,shijiangzhuang_man1,4.50818970823566
石家-0320,114.518359,38.094344,石家庄市,PC,Ethernet,shijiangzhuang_man1,1.6855370104589391
石家-0321,114.451079,38.074749,石家庄市,传感器,Wifi,shijiangzhuang_man1,2.0282548900988133
石家-0322,114.252383,38.198348,石家庄市,laptop,Cellular,shijiangzhuang_man1,6.052402403212406
石家-0323,114.27327,38.237456,石家庄市,手机,Cellular,shijiangzhuang_man1,7.5845404191128045
石家-0324,114.443721,38.088085,石家庄市,PC,Cellular,shijiangzhuang_man1,3.0172692650242237
石家-0325,114.193294,37.901895,石家庄市,laptop,Ethernet,shijiangzhuang_man1,1.7294071084468965
石家-0326,114.446997,38.081332,石家庄市,传感器,Ethernet,shijiangzhuang_man1,1.579859819449351
石家-0327,114.448367,38.080301,石家庄市,手机,Cellular,shijiangzhuang_man1,2.7245866897935884
石家-0328,114.195632,37.737319,石家庄市,手机,Ethernet,shijiangzhuang_man1,1.0053735783799977
石家-0329,114.452679,38.076693,石家庄市,传感器,Ethernet,shijiangzhuang_man1,1.532673421844478
石家-0330,114.551864,38.070283,石家庄市,手机,Wifi,shijiangzhuang_man1,3.0487732916142587
石家-0331,114.399489,38.09234,石家庄市,laptop,Ethernet,shijiangzhuang_man1,1.6121492712950547
石家-0332,114.433963,38.077606,石家庄市,PC,Wifi,shijiangzhuang_man1,1.0862654667203158
石家-0333,114.476176,38.135573,石家庄市,手机,Wifi,shijiangzhuang_man1,2.1995394362737124
石家-0334,114.449635,38.080615,石家庄市,传感器,Cellular,shijiangzhuang_man1,2.160148654523715
石家-0335,114.449968,38.08,石家庄市,PC,Wifi,shijiangzhuang_man1,3.58257170645078
石家-0336,114.478536,38.094139,石家庄市,传感器,Cellular,shijiangzhuang_man1,7.13744937793917
石家-0337,114.631347,38.274571,石家庄市,传感器,Cellular,shijiangzhuang_man1,4.837248039103501
石家-0338,114.446054,38.073114,石家庄市,手机,Wifi,shijiangzhuang_man1,4.88761922934925
石家-0339,114.570248,38.137127,石家庄市,传感器,Wifi,shijiangzhuang_man1,1.651075124005223
石家-0340,114.487191,38.162359,石家庄市,手机,Wifi,shijiangzhuang_man1,3.436427613804067
石家-0341,114.407788,37.93345,石家庄市,传感器,Wifi,shijiangzhuang_man1,2.7664614659723887
石家-0342,114.451277,38.07905,石家庄市,PC,Cellular,shijiangzhuang_man1,2.017860282546395
石家-0343,114.41682,38.124079,石家庄市,PC,Cellular,shijiangzhuang_man1,5.3537423983403665
石家-0344,114.657617,37.998517,石家庄市,传感器,Ethernet,shijiangzhuang_man1,1.0256991790761343
石家-0345,114.522906,38.087887,石家庄市,laptop,Cellular,shijiangzhuang_man1,5.13700270410152
石家-0346,114.450085,38.079936,石家庄市,传感器,Ethernet,shijiangzhuang_man1,1.6890961058372476
石家-0347,114.452138,38.079911,石家庄市,PC,Ethernet,shijiangzhuang_man1,1.4954914904326557
石家-0348,114.447023,38.112214,石家庄市,PC,Cellular,shijiangzhuang_man1,6.213084734794164
石家-0349,114.462469,38.077765,石家庄市,传感器,Cellular,shijiangzhuang_man1,7.568816783354148
石家-0350,114.496155,38.07507,石家庄市,传感器,Cellular,shijiangzhuang_man1,2.7164022390233575
石家-0351,113.928331,38.05099,石家庄市,手机,Wifi,shijiangzhuang_man1,3.1429321042427034
石家-0352,114.642942,37.981781,石家庄市,手机,Ethernet,shijiangzhuang_man1,1.8804306982507184
石家-0353,114.044778,37.819929,石家庄市,传感器,Cellular,shijiangzhuang_man1,2.1240982134314583
石家-0354,114.485151,38.113537,石家庄市,laptop,Ethernet,shijiangzhuang_man1,1.0116868202718687
石家-0355,114.444875,38.070722,石家庄市,laptop,Ethernet,shijiangzhuang_man1,1.646367770413417
石家-0356,114.440533,38.091964,石家庄市,传感器,Ethernet,shijiangzhuang_man1,1.8044139885525428
石家-0357,114.559701,38.052728,石家庄市,laptop,Ethernet,shijiangzhuang_man1,1.6960919164432662
石家-0358,114.272193,38.026336,石家庄市,laptop,Cellular,shijiangzhuang_man1,2.688271631993801
石家-0359,114.44599,38.085565,石家庄市,传感器,Wifi,shijiangzhuang_man1,4.083757688005573
石家-0360,114.801419,38.223629,石家庄市,传感器,Cellular,shijiangzhuang_man1,3.152052786085423
石家-0361,114.525357,37.994592,石家庄市,手机,Cellular,shijiangzhuang_man1,2.539719439408389
石家-0362,114.451257,38.080279,石家庄市,PC,Ethernet,shijiangzhuang_man1,1.499954430532596
石家-0363,114.271136,37.910809,石家庄市,手机,Cellular,shijiangzhuang_man1,4.685627943561542
石家-0364,114.407432,38.056427,石家庄市,传感器,Cellular,shijiangzhuang_man1,2.1306712092572573
石家-0365,114.683717,38.128589,石家庄市,手机,Cellular,shijiangzhuang_man1,4.016139052736996
石家-0366,114.295317,37.921659,石家庄市,PC,Wifi,shijiangzhuang_man1,1.5608294758496997
石家-0367,114.449968,38.079997,石家庄市,传感器,Cellular,shijiangzhuang_man1,2.687360606995975
石家-0368,114.27853,38.150317,石家庄市,手机,Ethernet,shijiangzhuang_man1,1.6869611041461496
石家-0369,114.453089,38.077061,石家庄市,手机,Ethernet,shijiangzhuang_man1,1.6706583322967083
石家-0370,114.446582,38.080118,石家庄市,手机,Ethernet,shijiangzhuang_man1,1.4336181481730517
石家-0371,114.469754,38.047843,石家庄市,laptop,Ethernet,shijiangzhuang_man1,1.5086053839697717
石家-0372,114.100337,37.687127,石家庄市,传感器,Cellular,shijiangzhuang_man1,7.997318470573052
石家-0373,114.44772,38.079914,石家庄市,PC,Ethernet,shijiangzhuang_man1,1.2647548850652268
石家-0374,114.446437,38.085725,石家庄市,PC,Wifi,shijiangzhuang_man1,1.1058913910264323
石家-0375,114.178295,37.662739,石家庄市,手机,Ethernet,shijiangzhuang_man1,1.464694953687245
石家-0376,114.512117,38.064641,石家庄市,手机,Cellular,shijiangzhuang_man1,1.3976970109427755
石家-0377,114.225807,37.794278,石家庄市,PC,Ethernet,shijiangzhuang_man1,1.224333676935615
石家-0378,114.449955,38.079997,石家庄市,传感器,Wifi,shijiangzhuang_man1,3.3732509644120547
石家-0379,114.366372,37.905875,石家庄市,传感器,Ethernet,shijiangzhuang_man1,1.1898990555004367
石家-0380,114.370685,38.026971,石家庄市,传感器,Cellular,shijiangzhuang_man1,5.5760300620917995
石家-0381,114.45751,37.866484,石家庄市,手机,Ethernet,shijiangzhuang_man1,1.9669213471292974
石家-0382,114.428998,38.105003,石家庄市,laptop,Cellular,shijiangzhuang_man1,6.375293714291868
石家-0383,114.476759,38.083543,石家庄市,PC,Cellular,shijiangzhuang_man1,5.9409264396197
石家-0384,114.451781,38.082087,石家庄市,PC,Ethernet,shijiangzhuang_man1,1.2006069302754487
石家-0385,114.007366,38.215589,石家庄市,传感器,Ethernet,shijiangzhuang_man1,1.5914342514154813
石家-0386,114.477901,38.085215,石家庄市,laptop,Ethernet,shijiangzhuang_man1,1.5768438160522862
石家-0387,113.89357,37.807643,石家庄市,PC,Wifi,shijiangzhuang_man1,3.518005700249345
石家-0388,114.451799,38.08007,石家庄市,laptop,Ethernet,shijiangzhuang_man1,1.914711800426576
石家-0389,114.442247,38.081088,石家庄市,PC,Ethernet,shijiangzhuang_man1,1.8497658047932213
石家-0390,114.51907,38.15025,石家庄市,手机,Ethernet,shijiangzhuang_man1,1.6137065831890942
石家-0391,114.388086,38.191202,石家庄市,传感器,Ethernet,shijiangzhuang_man1,1.6288049760420948
石家-0392,114.464562,37.975376,石家庄市,laptop,Cellular,shijiangzhuang_man1,2.2110705691067065
石家-0393,113.915905,38.038494,石家庄市,传感器,Cellular,shijiangzhuang_man1,7.735556294846455
石家-0394,114.461643,38.076336,石家庄市,laptop,Cellular,shijiangzhuang_man1,7.324886930697285
石家-0395,114.434182,38.171266,石家庄市,手机,Cellular,shijiangzhuang_man1,3.635389505385522
石家-0396,114.289148,38.07667,石家庄市,laptop,Ethernet,shijiangzhuang_man1,1.3663197332222032
石家-0397,114.977944,38.369378,石家庄市,laptop,Ethernet,baoding_man1,1.0269874040301832
石家-0398,114.112099,38.467447,石家庄市,手机,Wifi,shijiangzhuang_man1,3.3652051564303616
石家-0399,114.453507,38.07913,石家庄市,PC,Wifi,shijiangzhuang_man1,2.1959971467857056
石家-0400,113.960535,38.117939,石家庄市,手机,Ethernet,shijiangzhuang_man1,1.675701885029294
石家-0401,114.586331,37.79149,石家庄市,传感器,Cellular,shijiangzhuang_man1,4.313963165098696
石家-0402,114.430034,38.067582,石家庄市,laptop,Wifi,shijiangzhuang_man1,2.513999799209217
石家-0403,114.812595,38.278065,石家庄市,PC,Ethernet,shijiangzhuang_man1,1.5871528886939852
石家-0404,114.507859,37.89501,石家庄市,laptop,Ethernet,shijiangzhuang_man1,1.1194250266640688
石家-0405,114.449944,38.079619,石家庄市,传感器,Ethernet,shijiangzhuang_man1,1.3089448258698353
石家-0406,114.708441,37.983565,石家庄市,手机,Wifi,shijiangzhuang_man1,4.577444131438279
石家-0407,114.472662,38.161728,石家庄市,手机,Wifi,shijiangzhuang_man1,1.087143551404906
石家-0408,114.362696,38.254734,石家庄市,PC,Ethernet,shijiangzhuang_man1,1.8721883918769842
石家-0409,114.486297,38.092468,石家庄市,传感器,Ethernet,shijiangzhuang_man1,1.2640423973224948
石家-0410,114.524545,38.07828,石家庄市,传感器,Wifi,shijiangzhuang_man1,3.225504242810149
石家-0411,114.591113,38.137105,石家庄市,手机,Wifi,shijiangzhuang_man1,2.1271434265234688
石家-0412,114.064222,38.463012,石家庄市,laptop,Cellular,shijiangzhuang_man1,6.0839029591260445
石家-0413,114.447083,38.084844,石家庄市,PC,Wifi,shijiangzhuang_man1,2.479046915455232
石家-0414,114.316817,38.220269,石家庄市,laptop,Ethernet,shijiangzhuang_man1,1.515618979382174
石家-0415,114.453832,38.086681,石家庄市,laptop,Ethernet,shijiangzhuang_man1,1.0519143240619606
石家-0416,114.330336,38.227879,石家庄市,laptop,Cellular,shijiangzhuang_man1,6.157260033241899
石家-0417,114.926056,38.001375,石家庄市,手机,Cellular,shijiangzhuang_man2,3.723216804784662
石家-0418,114.523249,38.119395,石家庄市,PC,Cellular,shijiangzhuang_man1,2.300089413160924
石家-0419,114.450018,38.079986,石家庄市,手机,Cellular,shijiangzhuang_man1,2.9634681830196574
石家-0420,114.450283,38.080784,石家庄市,laptop,Ethernet,shijiangzhuang_man1,1.0823946215562137
石家-0421,114.459227,38.078771,石家庄市,laptop,Ethernet,shijiangzhuang_man1,1.8885270341738947
石家-0422,114.475681,38.080144,石家庄市,laptop,Wifi,shijiangzhuang_man1,4.939898379148833
石家-0423,114.452322,38.081296,石家庄市,手机,Ethernet,shijiangzhuang_man1,1.6347732429920798
石家-0424,114.1642,38.420182,石家庄市,laptop,Ethernet,shijiangzhuang_man1,1.8327659287141984
石家-0425,114.450017,38.080011,石家庄市,传感器,Wifi,shijiangzhuang_man1,3.8132746036509997
石家-0426,114.459259,38.067444,石家庄市,PC,Cellular,shijiangzhuang_man1,7.75042356876421
石家-0427,114.731903,38.285247,石家庄市,PC,Wifi,shijiangzhuang_man1,1.0188545038873986
石家-0428,114.182585,37.635185,石家庄市,手机,Wifi,shijiangzhuang_man1,4.22253741654529
石家-0429,114.691937,37.895619,石家庄市,laptop,Ethernet,shijiangzhuang_man1,1.6176918893556413
石家-0430,113.868755,38.156983,石家庄市,PC,Ethernet,shijiangzhuang_man1,1.2628270723390702
石家-0431,114.43885,38.110327,石家庄市,PC,Wifi,shijiangzhuang_man1,1.9755701838867923
石家-0432,114.409699,38.106018,石家庄市,手机,Ethernet,shijiangzhuang_man1,1.8031947190154658
石家-0433,114.537802,38.07866,石家庄市,PC,Cellular,shijiangzhuang_man1,5.824185252757891
石家-0434,114.768852,37.66483,石家庄市,laptop,Ethernet,shijiangzhuang_man2,1.5414306568912757
石家-0435,114.45089,38.055883,石家庄市,laptop,Cellular,shijiangzhuang_man1,1.2983847678404923
石家-0436,114.424283,38.177018,石家庄市,laptop,Wifi,shijiangzhuang_man1,2.292212965026447
石家-0437,114.642052,38.020116,石家庄市,手机,Ethernet,shijiangzhuang_man1,1.4172596856099453
石家-0438,114.468819,38.062281,石家庄市,手机,Ethernet,shijiangzhuang_man1,1.3846194801707812
石家-0439,114.449911,38.079499,石家庄市,手机,Cellular,shijiangzhuang_man1,4.708335595302257
石家-0440,114.413056,38.615302,石家庄市,传感器,Cellular,baoding_man1,2.4645365117132574
石家-0441,114.451008,38.073551,石家庄市,PC,Wifi,shijiangzhuang_man1,1.2361927484693327
石家-0442,114.545417,38.050781,石家庄市,手机,Ethernet,shijiangzhuang_man1,1.6498508935885958
石家-0443,114.439045,38.071101,石家庄市,PC,Wifi,shijiangzhuang_man1,4.894542479338412
石家-0444,114.449971,38.079971,石家庄市,laptop,Cellular,shijiangzhuang_man1,3.511212405798402
石家-0445,114.329997,38.127886,石家庄市,手机,Wifi,shijiangzhuang_man1,3.072018377891939
石家-0446,114.734285,38.263558,石家庄市,laptop,Wifi,shijiangzhuang_man1,3.2391102569928307
石家-0447,114.655184,38.097793,石家庄市,手机,Wifi,shijiangzhuang_man1,1.9486733413112445
石家-0448,114.4506,38.079958,石家庄市,laptop,Ethernet,shijiangzhuang_man1,1.939122365109577
石家-0449,114.448819,38.131203,石家庄市,传感器,Cellular,shijiangzhuang_man1,3.9211570286303727
石家-0450,114.654038,38.093171,石家庄市,传感器,Ethernet,shijiangzhuang_man1,1.3669706631736953
石家-0451,114.728795,37.782365,石家庄市,传感器,Wifi,shijiangzhuang_man1,2.961495506342823
石家-0452,114.431975,38.044923,石家庄市,传感器,Cellular,shijiangzhuang_man1,3.03984548411683
石家-0453,114.856708,37.648591,石家庄市,laptop,Wifi,shijiangzhuang_man2,1.8870963784369312
石家-0454,114.488788,38.048998,石家庄市,手机,Ethernet,shijiangzhuang_man1,1.335126898610801
石家-0455,114.758772,37.982987,石家庄市,laptop,Cellular,shijiangzhuang_man1,3.4775434225754953
石家-0456,114.339854,38.320627,石家庄市,手机,Ethernet,shijiangzhuang_man1,1.0844578923794783
石家-0457,113.799958,38.008848,石家庄市,传感器,Ethernet,shijiangzhuang_man1,1.7115034960792772
石家-0458,114.616926,38.300913,石家庄市,laptop,Wifi,shijiangzhuang_man1,2.203373471105546
石家-0459,114.728936,37.951893,石家庄市,传感器,Wifi,shijiangzhuang_man1,2.6208650943456004
石家-0460,114.451234,38.077731,石家庄市,手机,Wifi,shijiangzhuang_man1,4.652983580807501
石家-0461,114.44947,38.065051,石家庄市,laptop,Ethernet,shijiangzhuang_man1,1.8877418800644512
石家-0462,114.452729,38.0634,石家庄市,传感器,Wifi,shijiangzhuang_man1,2.8757577785969732
石家-0463,114.811016,37.938161,石家庄市,传感器,Wifi,shijiangzhuang_man1,1.3927390394489563
石家-0464,114.401913,37.653339,石家庄市,PC,Wifi,shijiangzhuang_man1,1.308554478249305
石家-0465,114.433483,38.070678,石家庄市,传感器,Ethernet,shijiangzhuang_man1,1.0442490548858512
石家-0466,114.802941,37.908384,石家庄市,手机,Wifi,shijiangzhuang_man1,3.253452316106058
石家-0467,114.53918,38.162669,石家庄市,laptop,Wifi,shijiangzhuang_man1,3.054468739738197
石家-0468,114.418317,38.06465,石家庄市,PC,Cellular,shijiangzhuang_man1,5.528548283724574
石家-0469,114.344,38.356312,石家庄市,PC,Ethernet,shijiangzhuang_man1,1.2499799404886114
石家-0470,114.895007,38.240624,石家庄市,PC,Ethernet,shijiangzhuang_man1,1.7272760916531045
石家-0471,114.434825,37.966301,石家庄市,传感器,Cellular,shijiangzhuang_man1,6.122374989529307
石家-0472,113.868769,38.030449,石家庄市,传感器,Wifi,shijiangzhuang_man1,1.1667004075084622
石家-0473,114.450369,38.080076,石家庄市,手机,Ethernet,shijiangzhuang_man1,1.509675167084154
石家-0474,114.45132,38.082351,石家庄市,laptop,Wifi,shijiangzhuang_man1,2.8902545268774595
石家-0475,114.449612,38.079495,石家庄市,手机,Ethernet,shijiangzhuang_man1,1.7884671306074766
石家-0476,114.420618,38.059167,石家庄市,手机,Wifi,shijiangzhuang_man1,3.796549662224464
石家-0477,114.453641,38.077618,石家庄市,laptop,Wifi,shijiangzhuang_man1,4.277437875935778
石家-0478,114.45007,38.080019,石家庄市,手机,Wifi,shijiangzhuang_man1,1.8876776129707986
石家-0479,114.449979,38.080146,石家庄市,手机,Cellular,shijiangzhuang_man1,6.175797117494045
石家-0480,114.550882,38.111891,石家庄市,PC,Ethernet,shijiangzhuang_man1,1.3714767662341605
石家-0481,113.881044,37.788155,石家庄市,PC,Cellular,shijiangzhuang_man1,1.9872707065612203
石家-0482,114.450416,38.080811,石家庄市,PC,Cellular,shijiangzhuang_man1,3.1892322649737834
石家-0483,114.465612,37.96488,石家庄市,传感器,Ethernet,shijiangzhuang_man1,1.2136440452576294
石家-0484,114.355905,37.938586,石家庄市,手机,Ethernet,shijiangzhuang_man1,1.5153346565728665
石家-0485,114.376478,38.369167,石家庄市,传感器,Ethernet,shijiangzhuang_man1,1.6838092264247173
石家-0486,114.555752,38.391692,石家庄市,laptop,Wifi,shijiangzhuang_man1,1.8759498063992086
石家-0487,114.747544,38.267491,石家庄市,PC,Wifi,shijiangzhuang_man1,2.374711029415872
石家-0488,114.431382,37.815221,石家庄市,手机,Wifi,shijiangzhuang_man1,2.8555188254832657
石家-0489,114.448255,38.078698,石家庄市,传感器,Cellular,shijiangzhuang_man1,6.521316870324429
石家-0490,114.446571,38.08104,石家庄市,laptop,Cellular,shijiangzhuang_man1,7.249705285310345
石家-0491,114.452121,38.08051,石家庄市,传感器,Ethernet,shijiangzhuang_man1,1.0044883426326372
石家-0492,114.120262,38.093075,石家庄市,laptop,Ethernet,shijiangzhuang_man1,1.1401666181473997
石家-0493,114.449983,38.079989,石家庄市,传感器,Cellular,shijiangzhuang_man1,2.0027426338128365
石家-0494,113.921704,38.110482,石家庄市,PC,Ethernet,shijiangzhuang_man1,1.2562440664837355
石家-0495,114.545238,37.937408,石家庄市,手机,Cellular,shijiangzhuang_man1,2.046333849463042
石家-0496,114.433533,38.115101,石家庄市,传感器,Ethernet,shijiangzhuang_man1,1.8220230256243117
石家-0497,114.429915,38.134155,石家庄市,手机,Cellular,shijiangzhuang_man1,2.2085074519905943
石家-0498,114.432622,38.089064,石家庄市,手机,Ethernet,shijiangzhuang_man1,1.2226387293350978
石家-0499,114.449631,38.080645,石家庄市,手机,Wifi,shijiangzhuang_man1,4.585922775015072
石家-0500,114.312032,37.766957,石家庄市,PC,Wifi,shijiangzhuang_man1,3.5309622873555444
石家-0501,114.422503,38.175866,石家庄市,laptop,Ethernet,shijiangzhuang_man1,1.3727333024375779
石家-0502,114.485368,38.217654,石家庄市,PC,Cellular,shijiangzhuang_man1,4.288434496348476
石家-0503,114.305534,37.632076,石家庄市,手机,Ethernet,shijiangzhuang_man1,1.6852787452636901
石家-0504,114.393888,38.039412,石家庄市,PC,Wifi,shijiangzhuang_man1,1.9844771472704528
石家-0505,114.444241,38.093802,石家庄市,手机,Ethernet,shijiangzhuang_man1,1.4877098884086934
石家-0506,114.830855,37.684065,石家庄市,传感器,Ethernet,shijiangzhuang_man2,1.9504454436903882
石家-0507,114.356468,38.152768,石家庄市,PC,Ethernet,shijiangzhuang_man1,1.9804667872404054
石家-0508,114.185489,38.218501,石家庄市,laptop,Wifi,shijiangzhuang_man1,4.567862075089488
石家-0509,114.591754,38.204663,石家庄市,laptop,Cellular,shijiangzhuang_man1,2.768967371634319
石家-0510,114.450105,38.07989,石家庄市,laptop,Cellular,shijiangzhuang_man1,4.050403776465743
石家-0511,114.439162,38.081668,石家庄市,PC,Wifi,shijiangzhuang_man1,4.831335512660418
石家-0512,114.45262,38.363395,石家庄市,传感器,Wifi,shijiangzhuang_man1,4.3853879907542055
石家-0513,114.669957,38.136622,石家庄市,传感器,Ethernet,shijiangzhuang_man1,1.4671811865495057
石家-0514,114.408972,38.112152,石家庄市,手机,Wifi,shijiangzhuang_man1,2.977854610824029
唐山-0001,118.048236,39.596446,唐山市,手机,Wifi,tangshan_man2,4.484178341537614
唐山-0002,118.256205,39.488238,唐山市,手机,Ethernet,tangshan_man2,1.2681104114251687
唐山-0003,118.179998,39.63,唐山市,laptop,Wifi,tangshan_man2,1.0475121775636818
唐山-0004,118.183482,39.626252,唐山市,传感器,Wifi,tangshan_man2,2.052426143548517
唐山-0005,118.264855,39.637492,唐山市,PC,Wifi,tangshan_man2,1.8378036484339533
唐山-0006,118.196763,39.662819,唐山市,手机,Cellular,tangshan_man2,4.475963046258801
唐山-0007,118.155989,39.617887,唐山市,传感器,Ethernet,tangshan_man2,1.325265569216186
唐山-0008,118.175975,39.519513,唐山市,PC,Wifi,tangshan_man2,4.331115546658979
唐山-0009,118.164316,39.630914,唐山市,PC,Wifi,tangshan_man2,1.3642167510337218
唐山-0010,118.046949,39.742391,唐山市,PC,Cellular,tangshan_man1,6.423967398133096
唐山-0011,118.18016,39.478061,唐山市,laptop,Ethernet,tangshan_man2,1.087322593891386
唐山-0012,118.180144,39.630042,唐山市,传感器,Cellular,tangshan_man2,2.4559807457349674
唐山-0013,117.966831,39.64043,唐山市,laptop,Cellular,tangshan_man2,4.971181683770697
唐山-0014,118.158883,39.622995,唐山市,手机,Cellular,tangshan_man2,2.5450666839176046
唐山-0015,117.992699,39.474912,唐山市,laptop,Ethernet,tangshan_man2,1.9038522800391324
唐山-0016,118.18,39.63,唐山市,传感器,Cellular,tangshan_man2,3.9337557678562756
唐山-0017,118.179975,39.629967,唐山市,传感器,Wifi,tangshan_man2,3.13244121134505
唐山-0018,118.18004,39.629976,唐山市,手机,Cellular,tangshan_man2,6.1284399407036965
唐山-0019,118.019185,39.397076,唐山市,手机,Ethernet,tangshan_man2,1.821087254042164
唐山-0020,118.179923,39.630026,唐山市,PC,Cellular,tangshan_man2,2.5278954705063845
唐山-0021,118.180265,39.629998,唐山市,手机,Cellular,tangshan_man2,2.0712796104246873
唐山-0022,118.189603,39.638352,唐山市,laptop,Cellular,tangshan_man2,1.1611523541438387
唐山-0023,118.180512,39.627202,唐山市,laptop,Wifi,tangshan_man2,2.5946752361499805
唐山-0024,118.180986,39.628503,唐山市,手机,Ethernet,tangshan_man2,1.8231221177173982
唐山-0025,117.764072,39.773339,唐山市,传感器,Cellular,tangshan_man1,6.004207833239287
唐山-0026,118.179648,39.629616,唐山市,laptop,Wifi,tangshan_man2,3.168318007657423
唐山-0027,118.174472,39.622688,唐山市,PC,Cellular,tangshan_man2,1.7247363712990738
唐山-0028,118.550929,39.655323,唐山市,laptop,Ethernet,tangshan_man1,1.3250324829193727
唐山-0029,118.185128,39.636338,唐山市,laptop,Ethernet,tangshan_man2,1.1965015747027443
唐山-0030,117.982775,39.517535,唐山市,传感器,Ethernet,tangshan_man2,1.1689318310451076
唐山-0031,118.179952,39.629936,唐山市,传感器,Wifi,tangshan_man2,2.277846968297258
唐山-0032,118.179933,39.629895,唐山市,PC,Wifi,tangshan_man2,3.1655677583675725
唐山-0033,118.020836,39.629749,唐山市,传感器,Cellular,tangshan_man2,6.233632835751346
唐山-0034,118.195576,39.606297,唐山市,手机,Ethernet,tangshan_man2,1.2302954734765104
唐山-0035,118.179921,39.629793,唐山市,手机,Cellular,tangshan_man2,5.256262789621731
唐山-0036,118.197177,39.601581,唐山市,PC,Ethernet,tangshan_man2,1.2121358364813513
唐山-0037,117.794832,39.552609,唐山市,laptop,Ethernet,tianjin_man1,1.5464803649272163
唐山-0038,118.25579,39.683366,唐山市,手机,Wifi,tangshan_man2,1.5180025660400167
唐山-0039,117.992281,39.443781,唐山市,laptop,Cellular,tangshan_man2,7.44734746512534
唐山-0040,118.215353,39.61184,唐山市,PC,Cellular,tangshan_man2,3.599738758664967
唐山-0041,118.436761,39.839644,唐山市,手机,Ethernet,tangshan_man1,1.2668972755036632
唐山-0042,118.204529,39.627836,唐山市,PC,Cellular,tangshan_man2,4.753116040446937
唐山-0043,118.140783,39.745465,唐山市,手机,Cellular,tangshan_man1,3.917991726668354
唐山-0044,118.168261,39.575321,唐山市,传感器,Wifi,tangshan_man2,2.947675580542062
唐山-0045,118.116215,39.622365,唐山市,传感器,Wifi,tangshan_man2,2.7926346293410083
唐山-0046,118.446312,39.737489,唐山市,PC,Ethernet,tangshan_man1,1.6776415938086577
唐山-0047,118.179165,39.628246,唐山市,传感器,Ethernet,tangshan_man2,1.9018310571173278
唐山-0048,118.303611,39.728461,唐山市,laptop,Cellular,tangshan_man1,2.0044584769710867
唐山-0049,118.179953,39.629938,唐山市,传感器,Ethernet,tangshan_man2,1.2733232371066245
唐山-0050,118.191473,39.625134,唐山市,laptop,Ethernet,tangshan_man2,1.5077638624699756
唐山-0051,118.177296,39.686074,唐山市,传感器,Ethernet,tangshan_man2,1.5268795339693448
唐山-0052,118.179656,39.630152,唐山市,laptop,Cellular,tangshan_man2,2.2515879428577708
唐山-0053,118.180314,39.630411,唐山市,手机,Wifi,tangshan_man2,2.3734380841246137
唐山-0054,118.151862,39.59022,唐山市,laptop,Cellular,tangshan_man2,2.912414240092708
唐山-0055,118.454761,39.457403,唐山市,传感器,Cellular,tangshan_man2,7.089163134532021
唐山-0056,118.181605,39.635255,唐山市,手机,Cellular,tangshan_man2,6.084606359159928
唐山-0057,118.179406,39.629837,唐山市,手机,Wifi,tangshan_man2,4.182190038683026
唐山-0058,118.226088,39.606264,唐山市,传感器,Wifi,tangshan_man2,2.987347426093577
唐山-0059,118.005199,39.589427,唐山市,手机,Cellular,tangshan_man2,5.83000820316801
唐山-0060,118.18,39.63,唐山市,PC,Ethernet,tangshan_man2,1.3923408196728562
唐山-0061,118.141372,39.565781,唐山市,PC,Wifi,tangshan_man2,3.2480949622429103
唐山-0062,118.116811,39.572158,唐山市,手机,Cellular,tangshan_man2,6.130659692274322
唐山-0063,118.185008,39.621292,唐山市,PC,Wifi,tangshan_man2,1.200627122263303
唐山-0064,118.2903,39.888364,唐山市,PC,Cellular,tangshan_man1,1.87477309356956
唐山-0065,118.180352,39.655743,唐山市,laptop,Cellular,tangshan_man2,1.9599848804592037
唐山-0066,118.167543,39.627003,唐山市,传感器,Cellular,tangshan_man2,6.351764774428858
唐山-0067,118.222867,39.892546,唐山市,手机,Cellular,tangshan_man1,4.2858582142729
唐山-0068,118.179218,39.630726,唐山市,laptop,Cellular,tangshan_man2,3.8098735128441246
唐山-0069,118.180043,39.631337,唐山市,传感器,Wifi,tangshan_man2,3.6207852337165183
唐山-0070,118.261503,39.459385,唐山市,laptop,Wifi,tangshan_man2,4.392531173295309
唐山-0071,118.147487,39.704458,唐山市,PC,Ethernet,tangshan_man1,1.1645674040177716
唐山-0072,118.197227,39.630262,唐山市,laptop,Wifi,tangshan_man2,4.861867561838794
唐山-0073,118.257945,39.656566,唐山市,传感器,Ethernet,tangshan_man2,1.0850255683097494
唐山-0074,118.177386,39.540555,唐山市,laptop,Wifi,tangshan_man2,2.270621432207113
唐山-0075,118.198514,39.642163,唐山市,PC,Wifi,tangshan_man2,2.6080900950035146
唐山-0076,118.180078,39.630131,唐山市,手机,Cellular,tangshan_man2,1.8965009473083558
唐山-0077,118.03045,39.594434,唐山市,传感器,Cellular,tangshan_man2,2.6651195174671756
唐山-0078,118.073685,39.640548,唐山市,laptop,Wifi,tangshan_man2,3.962980748528882
唐山-0079,118.293019,39.557608,唐山市,传感器,Ethernet,tangshan_man2,1.4093245337297422
唐山-0080,118.179994,39.629963,唐山市,传感器,Ethernet,tangshan_man2,1.0803438704479842
唐山-0081,118.269913,39.746129,唐山市,传感器,Cellular,tangshan_man1,2.187075564047591
唐山-0082,118.040923,39.664356,唐山市,laptop,Ethernet,tangshan_man2,1.4862504296934498
唐山-0083,118.193488,39.971479,唐山市,传感器,Cellular,tangshan_man1,6.322689719181712
唐山-0084,118.180436,39.628947,唐山市,PC,Ethernet,tangshan_man2,1.1898098424997356
唐山-0085,118.180095,39.629956,唐山市,PC,Wifi,tangshan_man2,2.4045441900545472
唐山-0086,118.113404,39.632582,唐山市,传感器,Cellular,tangshan_man2,5.603467453398051
唐山-0087,118.142168,39.670437,唐山市,laptop,Cellular,tangshan_man2,3.925430918434592
唐山-0088,118.192116,39.666594,唐山市,传感器,Cellular,tangshan_man2,2.7649314793758233
唐山-0089,118.174838,39.642169,唐山市,手机,Cellular,tangshan_man2,3.667428205959933
唐山-0090,118.184297,39.961689,唐山市,手机,Cellular,tangshan_man1,4.6707415243920964
唐山-0091,118.371412,39.913224,唐山市,传感器,Ethernet,tangshan_man1,1.8696541856228726
唐山-0092,118.213617,39.647368,唐山市,PC,Wifi,tangshan_man2,2.5518415447662686
唐山-0093,118.177189,39.627538,唐山市,laptop,Wifi,tangshan_man2,2.1016118453797734
唐山-0094,118.092422,39.732133,唐山市,手机,Wifi,tangshan_man1,3.6591329047403423
唐山-0095,118.372706,39.647397,唐山市,laptop,Ethernet,tangshan_man2,1.6276049452747827
唐山-0096,118.172298,39.629236,唐山市,手机,Ethernet,tangshan_man2,1.5880930912516802
唐山-0097,118.117499,39.379276,唐山市,PC,Cellular,tangshan_man2,7.618849832403457
唐山-0098,118.219182,39.604125,唐山市,传感器,Wifi,tangshan_man2,4.005516688252477
唐山-0099,118.37801,39.561841,唐山市,laptop,Cellular,tangshan_man2,2.1003814674029977
唐山-0100,117.993146,39.568694,唐山市,laptop,Ethernet,tangshan_man2,1.523841844249763
唐山-0101,117.939745,39.505762,唐山市,PC,Wifi,tangshan_man2,4.156505565130765
唐山-0102,118.179284,39.632179,唐山市,PC,Cellular,tangshan_man2,6.266436331170987
唐山-0103,118.377319,39.72598,唐山市,传感器,Wifi,tangshan_man1,2.610842248599934
唐山-0104,118.540387,39.674284,唐山市,laptop,Cellular,tangshan_man1,4.479606393797108
唐山-0105,118.186244,39.631196,唐山市,PC,Ethernet,tangshan_man2,1.26620715760105
唐山-0106,118.184777,39.637302,唐山市,传感器,Wifi,tangshan_man2,4.299051861634952
唐山-0107,118.170158,39.631294,唐山市,PC,Wifi,tangshan_man2,3.667972931467067
唐山-0108,118.180007,39.629971,唐山市,PC,Cellular,tangshan_man2,1.3682499693544719
唐山-0109,118.127066,39.781094,唐山市,手机,Cellular,tangshan_man1,7.737480034219039
唐山-0110,118.122759,39.600628,唐山市,laptop,Wifi,tangshan_man2,1.7933070363052641
唐山-0111,118.190613,39.459943,唐山市,传感器,Wifi,tangshan_man2,1.0328515277253838
唐山-0112,118.244009,39.610323,唐山市,手机,Cellular,tangshan_man2,4.302769021366654
唐山-0113,118.25409,39.880457,唐山市,手机,Ethernet,tangshan_man1,1.1187111041437623
唐山-0114,118.180035,39.62995,唐山市,传感器,Wifi,tangshan_man2,1.4137802656390956
唐山-0115,118.110733,39.388228,唐山市,手机,Ethernet,tangshan_man2,1.9209932350319607
唐山-0116,118.353483,39.615185,唐山市,手机,Wifi,tangshan_man2,3.672348929660713
唐山-0117,117.941845,39.423296,唐山市,传感器,Cellular,tianjin_man1,2.6857972408957327
唐山-0118,118.249685,39.665715,唐山市,传感器,Cellular,tangshan_man2,4.330922865981285
唐山-0119,118.171186,39.633561,唐山市,laptop,Cellular,tangshan_man2,4.344178160771503
唐山-0120,118.449245,39.768576,唐山市,手机,Wifi,tangshan_man1,2.8163361457609954
唐山-0121,118.181265,39.628269,唐山市,laptop,Ethernet,tangshan_man2,1.08008006804676
唐山-0122,118.173619,39.590749,唐山市,手机,Wifi,tangshan_man2,4.361665982378038
唐山-0123,118.276161,39.790758,唐山市,手机,Ethernet,tangshan_man1,1.2625181539213501
唐山-0124,118.0743,39.620473,唐山市,laptop,Ethernet,tangshan_man2,1.2449887885458664
唐山-0125,118.613527,39.526279,唐山市,传感器,Ethernet,tangshan_man2,1.3237175128502987
唐山-0126,118.379985,39.725514,唐山市,传感器,Cellular,tangshan_man1,3.7340694427396883
唐山-0127,118.305574,39.547891,唐山市,手机,Wifi,tangshan_man2,1.286596225603342
唐山-0128,118.07235,39.370814,唐山市,PC,Ethernet,tangshan_man2,1.7182534748905534
唐山-0129,118.182585,39.626134,唐山市,传感器,Cellular,tangshan_man2,5.377647007281511
唐山-0130,117.946041,39.677951,唐山市,手机,Ethernet,tangshan_man2,1.867596305305989
唐山-0131,118.495954,39.891153,唐山市,手机,Wifi,tangshan_man1,4.369479781460582
唐山-0132,118.347517,39.625157,唐山市,laptop,Wifi,tangshan_man2,3.54116336338896
唐山-0133,118.106502,39.658484,唐山市,传感器,Ethernet,tangshan_man2,1.0290613353008293
唐山-0134,118.162437,39.631673,唐山市,laptop,Wifi,tangshan_man2,3.4480306447907445
唐山-0135,118.193572,39.628357,唐山市,PC,Cellular,tangshan_man2,1.7555569150299544
唐山-0136,118.179263,39.630136,唐山市,laptop,Wifi,tangshan_man2,3.13491503424412
唐山-0137,118.238061,39.320858,唐山市,laptop,Ethernet,tangshan_man2,1.213750846915464
唐山-0138,118.296854,39.455697,唐山市,PC,Wifi,tangshan_man2,1.6211109231780827
唐山-0139,118.167583,39.630672,唐山市,PC,Cellular,tangshan_man2,6.942615679649679
唐山-0140,118.178995,39.605206,唐山市,PC,Ethernet,tangshan_man2,1.0545795381755059
唐山-0141,118.18285,39.63167,唐山市,传感器,Ethernet,tangshan_man2,1.0214980484779765
唐山-0142,118.181535,39.61794,唐山市,手机,Wifi,tangshan_man2,1.2112504217635491
唐山-0143,118.239282,39.638279,唐山市,手机,Cellular,tangshan_man2,4.70428476185179
唐山-0144,118.144589,39.658782,唐山市,PC,Cellular,tangshan_man2,2.0684991122884275
唐山-0145,118.15618,39.853037,唐山市,PC,Wifi,tangshan_man1,3.486604839598615
唐山-0146,118.439546,39.650619,唐山市,PC,Ethernet,tangshan_man2,1.6241274703146464
唐山-0147,118.230548,39.648212,唐山市,传感器,Wifi,tangshan_man2,2.466044834701975
唐山-0148,118.243405,39.606496,唐山市,laptop,Cellular,tangshan_man2,5.030656644753939
唐山-0149,118.292422,39.588737,唐山市,laptop,Cellular,tangshan_man2,2.5260858891184306
唐山-0150,118.1875,39.625703,唐山市,PC,Ethernet,tangshan_man2,1.062614748039525
唐山-0151,118.179997,39.629998,唐山市,手机,Cellular,tangshan_man2,4.215741642304437
唐山-0152,118.161056,39.626443,唐山市,传感器,Cellular,tangshan_man2,6.818465286777538
唐山-0153,118.168043,39.579236,唐山市,传感器,Ethernet,tangshan_man2,1.124629617252563
唐山-0154,118.477193,39.435704,唐山市,PC,Ethernet,tangshan_man2,1.009752548830774
唐山-0155,118.161116,39.565522,唐山市,PC,Wifi,tangshan_man2,3.616462636584024
唐山-0156,118.179513,39.631177,唐山市,传感器,Cellular,tangshan_man2,6.738387904378055
唐山-0157,118.298002,39.866839,唐山市,手机,Wifi,tangshan_man1,2.8677565048987224
唐山-0158,117.872252,39.596098,唐山市,laptop,Wifi,tangshan_man2,1.3847846671244803
唐山-0159,118.205595,39.606998,唐山市,laptop,Cellular,tangshan_man2,1.7876283862931417
唐山-0160,117.986662,39.931726,唐山市,手机,Cellular,tangshan_man1,7.4527260845876135
唐山-0161,118.133178,39.662742,唐山市,laptop,Wifi,tangshan_man2,1.2352666314986518
唐山-0162,118.290826,39.594937,唐山市,手机,Wifi,tangshan_man2,1.3074259644968267
唐山-0163,118.211808,39.62914,唐山市,手机,Cellular,tangshan_man2,4.689565953107241
唐山-0164,118.396499,39.541927,唐山市,手机,Cellular,tangshan_man2,3.6743974283882594
唐山-0165,118.233515,39.566741,唐山市,手机,Wifi,tangshan_man2,4.841847902611968
唐山-0166,118.179932,39.629935,唐山市,PC,Cellular,tangshan_man2,5.825940438991882
唐山-0167,117.781178,39.476932,唐山市,手机,Cellular,tianjin_man1,2.720519804841766
唐山-0168,118.113915,39.566453,唐山市,PC,Cellular,tangshan_man2,2.3238279703564384
唐山-0169,118.326744,39.675593,唐山市,PC,Ethernet,tangshan_man2,1.999976634080226
唐山-0170,118.174972,39.626899,唐山市,传感器,Cellular,tangshan_man2,5.2846040060021595
唐山-0171,117.793786,39.676646,唐山市,手机,Wifi,tangshan_man2,4.2811986980585655
唐山-0172,118.200821,39.666775,唐山市,手机,Ethernet,tangshan_man2,1.8058179835659518
唐山-0173,118.179926,39.629968,唐山市,传感器,Ethernet,tangshan_man2,1.8507081247913009
唐山-0174,118.046825,39.742309,唐山市,手机,Cellular,tangshan_man1,2.3467917537730876
唐山-0175,118.17986,39.629653,唐山市,手机,Wifi,tangshan_man2,4.373219191578167
唐山-0176,118.438038,39.557578,唐山市,PC,Cellular,tangshan_man2,6.989520184732051
唐山-0177,118.180533,39.634083,唐山市,手机,Cellular,tangshan_man2,6.24462308207636
唐山-0178,118.164874,39.633136,唐山市,手机,Cellular,tangshan_man2,4.579109144510235
唐山-0179,118.011103,39.503694,唐山市,PC,Wifi,tangshan_man2,3.455872592852973
唐山-0180,118.194306,39.62284,唐山市,PC,Ethernet,tangshan_man2,1.5963803433958481
唐山-0181,118.185451,39.589298,唐山市,laptop,Wifi,tangshan_man2,1.8075153505511121
唐山-0182,118.179338,39.629195,唐山市,PC,Ethernet,tangshan_man2,1.5423453056904852
唐山-0183,118.204211,39.629093,唐山市,PC,Cellular,tangshan_man2,2.024574331537789
唐山-0184,118.180213,39.557839,唐山市,手机,Wifi,tangshan_man2,4.114140672334107
唐山-0185,118.173878,39.631059,唐山市,手机,Ethernet,tangshan_man2,1.4168254766188915
唐山-0186,118.079113,39.827528,唐山市,手机,Wifi,tangshan_man1,1.9110152318390496
唐山-0187,118.17993,39.629975,唐山市,手机,Ethernet,tangshan_man2,1.4645634454966385
唐山-0188,118.242548,39.580399,唐山市,PC,Wifi,tangshan_man2,1.887794110744649
唐山-0189,117.953498,39.52926,唐山市,laptop,Cellular,tangshan_man2,5.547050294308573
唐山-0190,117.965442,39.67857,唐山市,手机,Wifi,tangshan_man2,3.7445487711271577
唐山-0191,118.096305,39.473801,唐山市,PC,Wifi,tangshan_man2,4.301914939363224
唐山-0192,118.19078,39.619272,唐山市,PC,Wifi,tangshan_man2,1.0653397747732183
唐山-0193,118.179999,39.63,唐山市,laptop,Ethernet,tangshan_man2,1.3361752341050779
唐山-0194,118.17969,39.630364,唐山市,手机,Wifi,tangshan_man2,3.2748470316470257
唐山-0195,118.146567,39.628131,唐山市,传感器,Wifi,tangshan_man2,4.65939100919732
唐山-0196,118.196184,39.616048,唐山市,传感器,Wifi,tangshan_man2,4.116896972818703
唐山-0197,118.058103,39.783131,唐山市,手机,Cellular,tangshan_man1,1.1416406086995097
唐山-0198,118.210066,39.527032,唐山市,PC,Ethernet,tangshan_man2,1.7713671464870728
唐山-0199,118.180032,39.62999,唐山市,PC,Ethernet,tangshan_man2,1.2115130615402263
唐山-0200,118.144814,39.644324,唐山市,手机,Cellular,tangshan_man2,1.5718530746309671
唐山-0201,118.115884,39.683252,唐山市,传感器,Cellular,tangshan_man2,6.373999958090078
唐山-0202,117.947529,39.336384,唐山市,传感器,Wifi,tianjin_man1,1.9091220428441482
唐山-0203,117.796375,39.814775,唐山市,PC,Cellular,tangshan_man1,7.387734606474517
唐山-0204,118.148363,39.715269,唐山市,手机,Cellular,tangshan_man1,6.309402229896446
唐山-0205,118.02787,39.438239,唐山市,laptop,Ethernet,tangshan_man2,1.466856056795042
唐山-0206,118.179947,39.630018,唐山市,手机,Ethernet,tangshan_man2,1.407397369822459
唐山-0207,118.282303,39.668903,唐山市,传感器,Cellular,tangshan_man2,5.399031308600051
唐山-0208,118.017041,39.82698,唐山市,传感器,Cellular,tangshan_man1,6.205326302820712
唐山-0209,118.207891,39.652473,唐山市,传感器,Ethernet,tangshan_man2,1.1856931731361553
唐山-0210,118.120805,39.635688,唐山市,PC,Ethernet,tangshan_man2,1.6506346600017887
唐山-0211,118.194226,39.68958,唐山市,laptop,Ethernet,tangshan_man2,1.9662069968918852
唐山-0212,118.095334,39.622829,唐山市,laptop,Wifi,tangshan_man2,1.5932022337496705
唐山-0213,117.81154,39.64644,唐山市,传感器,Ethernet,tangshan_man2,1.1484648622082916
唐山-0214,118.046737,39.303116,唐山市,手机,Cellular,tianjin_man1,6.006377664183127
唐山-0215,118.56734,39.5009,唐山市,laptop,Wifi,tangshan_man2,4.457495291561541
唐山-0216,118.183518,39.632723,唐山市,laptop,Wifi,tangshan_man2,1.152709907195502
唐山-0217,118.254638,39.59509,唐山市,laptop,Ethernet,tangshan_man2,1.9648122936397858
唐山-0218,117.980887,39.766794,唐山市,laptop,Cellular,tangshan_man1,1.667441686836176
唐山-0219,118.171348,39.627471,唐山市,laptop,Wifi,tangshan_man2,4.60180628003223
唐山-0220,118.162604,39.606506,唐山市,PC,Cellular,tangshan_man2,6.975973569589883
唐山-0221,118.304273,39.60859,唐山市,laptop,Ethernet,tangshan_man2,1.8511951563353484
唐山-0222,118.154685,39.813332,唐山市,PC,Ethernet,tangshan_man1,1.845100243888044
唐山-0223,118.170659,39.650078,唐山市,手机,Cellular,tangshan_man2,5.123541351585259
唐山-0224,118.181358,39.750388,唐山市,PC,Cellular,tangshan_man1,6.7653543434079575
唐山-0225,118.17997,39.629953,唐山市,传感器,Ethernet,tangshan_man2,1.8488487408849026
唐山-0226,118.18,39.63,唐山市,PC,Cellular,tangshan_man2,2.1741411398574852
唐山-0227,118.001643,39.764031,唐山市,laptop,Ethernet,tangshan_man1,1.2994503439815401
唐山-0228,118.344451,39.806088,唐山市,传感器,Ethernet,tangshan_man1,1.496064941609911
唐山-0229,118.18009,39.631437,唐山市,传感器,Ethernet,tangshan_man2,1.0672616415714704
唐山-0230,118.084289,39.356308,唐山市,手机,Ethernet,tangshan_man2,1.1044227315694035
唐山-0231,118.171711,39.647714,唐山市,手机,Wifi,tangshan_man2,2.7487252369104813
唐山-0232,118.225647,39.719935,唐山市,手机,Cellular,tangshan_man1,4.235888363623186
唐山-0233,118.1754,39.631779,唐山市,传感器,Wifi,tangshan_man2,2.6057681799283423
唐山-0234,118.280835,39.597466,唐山市,laptop,Cellular,tangshan_man2,1.7580494195802818
唐山-0235,118.17944,39.708138,唐山市,laptop,Ethernet,tangshan_man1,1.2782258575897139
唐山-0236,118.193729,39.632787,唐山市,PC,Cellular,tangshan_man2,6.777338440487799
唐山-0237,118.175728,39.626203,唐山市,laptop,Wifi,tangshan_man2,3.047534196440964
唐山-0238,118.113549,39.517407,唐山市,传感器,Wifi,tangshan_man2,3.9200375443700195
唐山-0239,117.794854,39.765367,唐山市,laptop,Ethernet,tangshan_man1,1.1631500344442305
唐山-0240,118.198822,39.7511,唐山市,laptop,Cellular,tangshan_man1,1.3071497083487364
唐山-0241,118.575763,39.444857,唐山市,手机,Cellular,tangshan_man2,5.2708413266868
唐山-0242,118.189728,39.660219,唐山市,传感器,Cellular,tangshan_man2,4.65451772997472
唐山-0243,118.081674,39.611396,唐山市,PC,Cellular,tangshan_man2,7.017059648174377
唐山-0244,118.181489,39.580918,唐山市,laptop,Ethernet,tangshan_man2,1.565909310336393
唐山-0245,118.082567,39.345312,唐山市,手机,Wifi,tianjin_man1,3.9880956617015357
唐山-0246,118.2135,39.667361,唐山市,传感器,Cellular,tangshan_man2,3.389735240056096
唐山-0247,118.229213,39.397285,唐山市,手机,Wifi,tangshan_man2,3.603883187913216
唐山-0248,118.178513,39.631344,唐山市,手机,Ethernet,tangshan_man2,1.0995386470816872
唐山-0249,118.199975,39.618201,唐山市,手机,Cellular,tangshan_man2,5.971091367554818
唐山-0250,118.17999,39.629998,唐山市,传感器,Wifi,tangshan_man2,4.434920659744338
唐山-0251,118.177742,39.63043,唐山市,laptop,Wifi,tangshan_man2,4.470875557837832
唐山-0252,118.180009,39.630028,唐山市,laptop,Ethernet,tangshan_man2,1.9181201066156728
唐山-0253,118.278021,39.618088,唐山市,手机,Cellular,tangshan_man2,3.929024627705051
唐山-0254,118.18888,39.776688,唐山市,手机,Wifi,tangshan_man1,1.6572286076318123
唐山-0255,118.372744,39.695941,唐山市,手机,Cellular,tangshan_man1,6.763660318850821
唐山-0256,118.132566,39.655241,唐山市,PC,Cellular,tangshan_man2,2.0248024559417077
唐山-0257,118.178807,39.628108,唐山市,laptop,Cellular,tangshan_man2,1.988410990198303
唐山-0258,118.179991,39.629895,唐山市,laptop,Wifi,tangshan_man2,1.4293928588721196
唐山-0259,118.007095,39.465388,唐山市,手机,Wifi,tangshan_man2,1.6435561122030409
唐山-0260,118.236974,39.327478,唐山市,PC,Cellular,tangshan_man2,5.181206669079607
唐山-0261,118.038988,39.636949,唐山市,PC,Cellular,tangshan_man2,3.603066177644695
唐山-0262,118.17747,39.630639,唐山市,传感器,Ethernet,tangshan_man2,1.2354174788640404
唐山-0263,118.157413,39.637388,唐山市,laptop,Ethernet,tangshan_man2,1.3029879902234147
唐山-0264,118.180547,39.629645,唐山市,laptop,Cellular,tangshan_man2,4.96268869758775
唐山-0265,118.194245,39.747535,唐山市,PC,Cellular,tangshan_man1,7.149710929404341
唐山-0266,118.090171,39.539038,唐山市,laptop,Ethernet,tangshan_man2,1.7973680622252552
唐山-0267,118.047583,39.728349,唐山市,PC,Wifi,tangshan_man1,3.5236015670709726
唐山-0268,118.411625,39.694035,唐山市,传感器,Wifi,tangshan_man1,2.5667337586337133
唐山-0269,118.097086,39.637441,唐山市,传感器,Ethernet,tangshan_man2,1.6777078959988674
唐山-0270,118.160969,39.602807,唐山市,PC,Cellular,tangshan_man2,1.6298418651894457
唐山-0271,118.218585,39.636153,唐山市,laptop,Ethernet,tangshan_man2,1.6730090969856106
唐山-0272,118.091715,39.688447,唐山市,传感器,Wifi,tangshan_man2,3.9870101771471576
唐山-0273,118.189499,39.633517,唐山市,PC,Cellular,tangshan_man2,2.6547802437700168
唐山-0274,118.179992,39.629999,唐山市,PC,Wifi,tangshan_man2,1.5769969847059349
唐山-0275,118.180077,39.630146,唐山市,手机,Cellular,tangshan_man2,2.268589806511298
唐山-0276,118.181051,39.631862,唐山市,laptop,Cellular,tangshan_man2,5.239450379483651
唐山-0277,118.099113,39.636209,唐山市,laptop,Wifi,tangshan_man2,2.9393213006947403
唐山-0278,118.169754,39.624909,唐山市,PC,Ethernet,tangshan_man2,1.3016599637894597
唐山-0279,118.228901,39.631283,唐山市,laptop,Ethernet,tangshan_man2,1.2322844577166414
唐山-0280,118.15255,39.593359,唐山市,手机,Ethernet,tangshan_man2,1.4044197967038108
唐山-0281,118.129884,39.650497,唐山市,PC,Cellular,tangshan_man2,4.518915976727376
唐山-0282,118.14856,39.639369,唐山市,PC,Cellular,tangshan_man2,5.839361430659438
唐山-0283,118.180552,39.630191,唐山市,传感器,Cellular,tangshan_man2,7.178430743002303
唐山-0284,118.529084,39.596999,唐山市,手机,Ethernet,tangshan_man2,1.465238626975241
唐山-0285,118.177218,39.632304,唐山市,laptop,Cellular,tangshan_man2,6.392944237520608
唐山-0286,118.175921,39.623364,唐山市,PC,Cellular,tangshan_man2,2.524719595910498
唐山-0287,118.180592,39.630138,唐山市,PC,Wifi,tangshan_man2,4.925919576270065
唐山-0288,118.326862,39.622992,唐山市,PC,Wifi,tangshan_man2,1.3173169838959038
唐山-0289,117.955301,39.877732,唐山市,laptop,Wifi,tangshan_man1,4.637517402795712
唐山-0290,118.171063,39.630247,唐山市,PC,Cellular,tangshan_man2,4.299432301451992
唐山-0291,118.170483,39.597348,唐山市,手机,Ethernet,tangshan_man2,1.0073405177877075
唐山-0292,118.045311,39.928851,唐山市,PC,Cellular,tangshan_man1,7.199533119840328
唐山-0293,118.181127,39.630391,唐山市,传感器,Ethernet,tangshan_man2,1.9813713896180611
唐山-0294,118.282165,39.634478,唐山市,laptop,Ethernet,tangshan_man2,1.4089398005374747
唐山-0295,118.308319,39.488737,唐山市,PC,Ethernet,tangshan_man2,1.0279518986646186
唐山-0296,118.194855,39.647723,唐山市,laptop,Cellular,tangshan_man2,1.803029141191701
唐山-0297,118.182534,39.627681,唐山市,laptop,Cellular,tangshan_man2,7.428387672419811
唐山-0298,118.216752,39.565758,唐山市,PC,Ethernet,tangshan_man2,1.8844778841573213
唐山-0299,118.405408,39.54037,唐山市,传感器,Ethernet,tangshan_man2,1.7835830698380781
唐山-0300,118.151296,39.619296,唐山市,传感器,Cellular,tangshan_man2,4.3963279338721595
唐山-0301,118.020982,39.845859,唐山市,laptop,Wifi,tangshan_man1,2.3760791157037877
唐山-0302,118.19756,39.638001,唐山市,手机,Ethernet,tangshan_man2,1.501279705636509
唐山-0303,117.98133,39.370607,唐山市,传感器,Wifi,tianjin_man1,2.7542779252765577
唐山-0304,118.207351,39.603728,唐山市,手机,Cellular,tangshan_man2,5.271958859366724
唐山-0305,118.29241,39.678137,唐山市,传感器,Wifi,tangshan_man2,4.602876518437779
唐山-0306,118.224591,39.690301,唐山市,PC,Ethernet,tangshan_man2,1.2105823527254924
唐山-0307,118.294757,39.643932,唐山市,手机,Ethernet,tangshan_man2,1.1398442609371384
唐山-0308,118.058542,39.318814,唐山市,PC,Ethernet,tianjin_man1,1.5077684785906313
唐山-0309,117.937224,39.483033,唐山市,手机,Wifi,tangshan_man2,3.6015986542529728
唐山-0310,118.190853,39.613689,唐山市,PC,Cellular,tangshan_man2,3.4275678294208123
唐山-0311,118.180405,39.713785,唐山市,PC,Wifi,tangshan_man1,3.3720954049180416
唐山-0312,118.551747,39.611465,唐山市,PC,Cellular,tangshan_man2,7.681798391449821
唐山-0313,118.340734,39.613833,唐山市,laptop,Cellular,tangshan_man2,6.944192226142328
唐山-0314,118.140714,39.470159,唐山市,laptop,Ethernet,tangshan_man2,1.1422980216468708
唐山-0315,117.989093,39.514426,唐山市,PC,Cellular,tangshan_man2,5.591712357173764
唐山-0316,118.187622,39.64295,唐山市,手机,Ethernet,tangshan_man2,1.7061421051668595
唐山-0317,118.12236,39.648912,唐山市,laptop,Wifi,tangshan_man2,2.842603256466416
唐山-0318,118.151294,39.669017,唐山市,laptop,Wifi,tangshan_man2,4.868392072239879
唐山-0319,118.17993,39.629807,唐山市,PC,Wifi,tangshan_man2,1.4044233613492763
唐山-0320,118.126139,39.895445,唐山市,laptop,Ethernet,tangshan_man1,1.4031992586032254
唐山-0321,118.307262,39.606963,唐山市,laptop,Wifi,tangshan_man2,4.95130789138166
唐山-0322,118.095618,39.949835,唐山市,PC,Ethernet,tangshan_man1,1.4820781784989845
唐山-0323,118.179514,39.630121,唐山市,laptop,Cellular,tangshan_man2,5.784399710567364
唐山-0324,118.169234,39.681257,唐山市,PC,Cellular,tangshan_man2,3.3877667486965124
唐山-0325,118.166529,39.608472,唐山市,PC,Wifi,tangshan_man2,4.212018923590134
唐山-0326,118.18218,39.522219,唐山市,PC,Cellular,tangshan_man2,3.8755589322960167
唐山-0327,117.981328,39.456649,唐山市,手机,Cellular,tangshan_man2,5.980576649151609
唐山-0328,118.143204,39.685547,唐山市,传感器,Ethernet,tangshan_man2,1.9298551637892456
唐山-0329,118.032588,39.653889,唐山市,PC,Ethernet,tangshan_man2,1.133963035935453
唐山-0330,118.239242,39.578356,唐山市,PC,Cellular,tangshan_man2,5.900454656130799
唐山-0331,118.171693,39.640264,唐山市,传感器,Wifi,tangshan_man2,3.6873949637297914
唐山-0332,117.750435,39.674135,唐山市,laptop,Ethernet,tangshan_man2,1.8029098099147545
唐山-0333,118.179964,39.629559,唐山市,PC,Ethernet,tangshan_man2,1.0408980553133533
唐山-0334,118.067142,39.483254,唐山市,laptop,Ethernet,tangshan_man2,1.0366576780844643
唐山-0335,118.211374,39.566182,唐山市,laptop,Ethernet,tangshan_man2,1.5325469659083208
唐山-0336,118.179648,39.630273,唐山市,手机,Wifi,tangshan_man2,3.5768116178964924
唐山-0337,118.138946,39.979522,唐山市,laptop,Ethernet,tangshan_man1,1.7073240685893882
唐山-0338,118.179972,39.629999,唐山市,手机,Ethernet,tangshan_man2,1.393841054418174
唐山-0339,118.182042,39.657756,唐山市,传感器,Ethernet,tangshan_man2,1.8993500077291179
唐山-0340,117.939097,39.59891,唐山市,手机,Ethernet,tangshan_man2,1.0854369856026156
唐山-0341,118.182627,39.644545,唐山市,手机,Wifi,tangshan_man2,1.2893061655235165
唐山-0342,118.206025,39.63113,唐山市,PC,Ethernet,tangshan_man2,1.8748385665660168
唐山-0343,118.177922,39.631234,唐山市,laptop,Wifi,tangshan_man2,3.113054982825572
唐山-0344,118.467572,39.795244,唐山市,laptop,Ethernet,tangshan_man1,1.248199747948799
唐山-0345,118.180262,39.609244,唐山市,手机,Cellular,tangshan_man2,3.961458580881842
唐山-0346,118.186769,39.578596,唐山市,laptop,Cellular,tangshan_man2,2.056227096658681
唐山-0347,118.414061,39.59824,唐山市,传感器,Cellular,tangshan_man2,1.7899180608522345
唐山-0348,118.488583,39.637044,唐山市,PC,Wifi,tangshan_man2,2.8944997912288812
唐山-0349,118.282484,39.571799,唐山市,laptop,Wifi,tangshan_man2,1.9252136597880645
唐山-0350,118.177988,39.628899,唐山市,手机,Cellular,tangshan_man2,5.215625118800715
唐山-0351,118.179682,39.629918,唐山市,传感器,Cellular,tangshan_man2,1.3687549162072776
唐山-0352,118.27932,39.687932,唐山市,PC,Wifi,tangshan_man1,2.8534450453787246
唐山-0353,118.178869,39.629582,唐山市,手机,Wifi,tangshan_man2,2.6931210901087215
廊坊-0001,116.739899,39.570024,廊坊市,laptop,Wifi,langfang_man1,1.7031336216126114
廊坊-0002,116.516164,39.626102,廊坊市,laptop,Cellular,beijing_man1,1.0116246722358961
廊坊-0003,116.755869,39.558703,廊坊市,传感器,Ethernet,langfang_man1,1.7286860057035716
廊坊-0004,116.677702,39.619404,廊坊市,传感器,Cellular,langfang_man1,5.92264982639959
廊坊-0005,116.738407,39.56906,廊坊市,PC,Wifi,langfang_man1,3.718707567392666
廊坊-0006,116.734862,39.668543,廊坊市,PC,Ethernet,langfang_man1,1.153156150148769
廊坊-0007,116.745323,39.56955,廊坊市,手机,Cellular,langfang_man1,2.4045440795482462
廊坊-0008,116.705941,39.548445,廊坊市,PC,Ethernet,langfang_man1,1.9987780143962561
廊坊-0009,116.978042,39.677554,廊坊市,PC,Wifi,langfang_man2,3.862060961956177
廊坊-0010,116.754651,39.571732,廊坊市,传感器,Cellular,langfang_man1,5.082696636688921
廊坊-0011,116.465941,39.476953,廊坊市,手机,Cellular,langfang_man1,7.1074866058136745
廊坊-0012,116.740032,39.569996,廊坊市,手机,Ethernet,langfang_man1,1.978850733296697
廊坊-0013,116.73999,39.570008,廊坊市,手机,Wifi,langfang_man1,4.256823922959825
廊坊-0014,116.427887,39.522068,廊坊市,laptop,Ethernet,beijing_man1,1.008713993563933
廊坊-0015,116.743828,39.612468,廊坊市,手机,Cellular,langfang_man1,4.888730626293666
廊坊-0016,116.735277,39.560852,廊坊市,手机,Cellular,langfang_man1,2.496172690063318
廊坊-0017,116.742593,39.570235,廊坊市,laptop,Cellular,langfang_man1,2.825299973925589
廊坊-0018,116.785898,39.6049,廊坊市,传感器,Cellular,langfang_man1,5.053500374170862
廊坊-0019,116.557429,39.670358,廊坊市,PC,Wifi,beijing_man1,3.397880936098166
廊坊-0020,116.73992,39.570047,廊坊市,手机,Wifi,langfang_man1,3.206147464719967
廊坊-0021,116.708296,39.462325,廊坊市,手机,Ethernet,langfang_man1,1.5305829460791358
廊坊-0022,116.742486,39.577476,廊坊市,传感器,Cellular,langfang_man1,7.563600712128384
廊坊-0023,116.739255,39.572898,廊坊市,laptop,Cellular,langfang_man1,7.4095995084473385
廊坊-0024,116.773954,39.429411,廊坊市,传感器,Ethernet,langfang_man1,1.1067201231025492
廊坊-0025,116.740073,39.569258,廊坊市,手机,Ethernet,langfang_man1,1.5794745607639817
廊坊-0026,116.750281,39.618031,廊坊市,laptop,Wifi,langfang_man1,3.0704215809499784
廊坊-0027,116.650009,39.489599,廊坊市,手机,Ethernet,langfang_man1,1.0856735921404292
廊坊-0028,116.719316,39.554403,廊坊市,手机,Ethernet,langfang_man1,1.3844704970423871
廊坊-0029,116.735665,39.571582,廊坊市,手机,Cellular,langfang_man1,4.834158967449879
廊坊-0030,116.861359,39.552537,廊坊市,PC,Cellular,langfang_man1,6.568581020922721
廊坊-0031,116.741868,39.562457,廊坊市,传感器,Wifi,langfang_man1,1.1702144399633303
廊坊-0032,116.733043,39.580685,廊坊市,手机,Ethernet,langfang_man1,1.6545540147739262
廊坊-0033,116.427336,39.529,廊坊市,PC,Cellular,beijing_man1,1.6059692133037349
廊坊-0034,116.566552,39.800957,廊坊市,传感器,Cellular,beijing_man1,6.358920490066884
廊坊-0035,116.740894,39.571747,廊坊市,laptop,Cellular,langfang_man1,3.900724323292852
廊坊-0036,116.698475,39.402518,廊坊市,手机,Wifi,langfang_man1,1.907064504287597
廊坊-0037,117.004573,39.745523,廊坊市,PC,Ethernet,langfang_man2,1.6295926459271692
廊坊-0038,116.55005,39.613932,廊坊市,传感器,Ethernet,langfang_man1,1.6042922179833072
廊坊-0039,116.74484,39.614151,廊坊市,laptop,Cellular,langfang_man1,1.154931881768689
廊坊-0040,116.762023,39.596875,廊坊市,laptop,Wifi,langfang_man1,2.4296867259362878
廊坊-0041,116.516241,39.520701,廊坊市,PC,Wifi,langfang_man1,4.242481241272637
廊坊-0042,116.503476,39.569709,廊坊市,laptop,Cellular,langfang_man1,5.673811774168817
廊坊-0043,116.92833,39.410405,廊坊市,传感器,Wifi,langfang_man1,4.102504440064713
廊坊-0044,116.650253,39.662628,廊坊市,PC,Wifi,langfang_man1,3.227721640852572
廊坊-0045,116.941002,39.503616,廊坊市,PC,Cellular,langfang_man1,7.340105085860435
廊坊-0046,116.688625,39.585258,廊坊市,手机,Wifi,langfang_man1,1.0153829128902405
廊坊-0047,116.739805,39.570908,廊坊市,传感器,Cellular,langfang_man1,2.552803488022186
廊坊-0048,116.604187,39.508553,廊坊市,laptop,Cellular,langfang_man1,4.415611769242429
廊坊-0049,116.774866,39.586786,廊坊市,手机,Wifi,langfang_man1,4.4047509642276195
廊坊-0050,116.74069,39.569895,廊坊市,laptop,Ethernet,langfang_man1,1.0956203828651674
廊坊-0051,116.727426,39.576763,廊坊市,手机,Cellular,langfang_man1,5.244083147312469
廊坊-0052,116.756283,39.558532,廊坊市,PC,Cellular,langfang_man1,5.077466831853416
廊坊-0053,116.741251,39.573414,廊坊市,PC,Wifi,langfang_man1,1.386250939069217
廊坊-0054,116.741808,39.68711,廊坊市,PC,Ethernet,langfang_man1,1.0196417912355358
廊坊-0055,116.7454,39.567047,廊坊市,PC,Cellular,langfang_man1,2.253116294821904
廊坊-0056,116.963757,39.636327,廊坊市,传感器,Cellular,langfang_man1,6.045513846415727
廊坊-0057,116.739888,39.569954,廊坊市,手机,Ethernet,langfang_man1,1.3901061695852515
廊坊-0058,116.740565,39.569332,廊坊市,PC,Ethernet,langfang_man1,1.086612535848619
廊坊-0059,116.889598,39.61217,廊坊市,laptop,Ethernet,langfang_man1,1.1860998384380856
廊坊-0060,116.706184,39.507769,廊坊市,传感器,Ethernet,langfang_man1,1.6608803307796949
廊坊-0061,116.663937,39.585923,廊坊市,手机,Wifi,langfang_man1,1.4588457024925363
廊坊-0062,116.740195,39.569907,廊坊市,手机,Ethernet,langfang_man1,1.1656892217867347
廊坊-0063,116.53836,39.509196,廊坊市,传感器,Ethernet,langfang_man1,1.3298725828420406
廊坊-0064,116.764701,39.583087,廊坊市,传感器,Cellular,langfang_man1,2.546543261213182
廊坊-0065,116.740169,39.569678,廊坊市,laptop,Ethernet,langfang_man1,1.6341095961611232
廊坊-0066,116.936141,39.696724,廊坊市,手机,Wifi,langfang_man2,3.1444598410441227
廊坊-0067,116.550871,39.468757,廊坊市,laptop,Ethernet,langfang_man1,1.1181034458993024
廊坊-0068,116.771351,39.489645,廊坊市,传感器,Wifi,langfang_man1,1.5021947184449882
廊坊-0069,116.786694,39.700226,廊坊市,传感器,Wifi,langfang_man1,1.5485994692676077
廊坊-0070,116.736856,39.523703,廊坊市,手机,Cellular,langfang_man1,5.9743238846498326
廊坊-0071,116.980965,39.447313,廊坊市,laptop,Ethernet,langfang_man1,1.4665317410871959
廊坊-0072,116.910768,39.704647,廊坊市,传感器,Wifi,langfang_man2,1.1002182261492766
廊坊-0073,116.736779,39.461444,廊坊市,传感器,Ethernet,langfang_man1,1.7227344469408867
廊坊-0074,116.734987,39.595031,廊坊市,laptop,Ethernet,langfang_man1,1.6990469560199422
廊坊-0075,116.664962,39.544209,廊坊市,PC,Wifi,langfang_man1,4.138865173071727
廊坊-0076,116.633215,39.583298,廊坊市,传感器,Ethernet,langfang_man1,1.2924245395696001
廊坊-0077,116.741969,39.570088,廊坊市,laptop,Cellular,langfang_man1,4.772364998326341
廊坊-0078,116.889221,39.386451,廊坊市,laptop,Ethernet,langfang_man1,1.138509420673714
廊坊-0079,116.771106,39.571136,廊坊市,PC,Wifi,langfang_man1,4.604539407395038
廊坊-0080,116.702851,39.722801,廊坊市,手机,Wifi,beijing_man1,4.3907792160131205
廊坊-0081,116.7639,39.558918,廊坊市,传感器,Ethernet,langfang_man1,1.030595003697416
廊坊-0082,116.729691,39.57196,廊坊市,laptop,Ethernet,langfang_man1,1.2707177817145814
廊坊-0083,116.72067,39.571696,廊坊市,手机,Wifi,langfang_man1,2.797629822253677
廊坊-0084,116.798069,39.575052,廊坊市,laptop,Cellular,langfang_man1,2.3912006559965775
廊坊-0085,116.694139,39.518499,廊坊市,手机,Wifi,langfang_man1,4.8163459244883065
廊坊-0086,116.918586,39.52529,廊坊市,PC,Ethernet,langfang_man1,1.9342519848095967
廊坊-0087,117.00269,39.450436,廊坊市,手机,Cellular,langfang_man1,7.097554433618485
廊坊-0088,116.745648,39.586337,廊坊市,laptop,Wifi,langfang_man1,3.3199276184232236
廊坊-0089,116.751424,39.569621,廊坊市,PC,Ethernet,langfang_man1,1.8371970759379597
廊坊-0090,116.73809,39.567979,廊坊市,手机,Ethernet,langfang_man1,1.3739624501465437
廊坊-0091,116.746249,39.557924,廊坊市,laptop,Wifi,langfang_man1,3.006156919739418
廊坊-0092,116.739954,39.570001,廊坊市,传感器,Ethernet,langfang_man1,1.2793310901326571
廊坊-0093,116.716408,39.580615,廊坊市,手机,Wifi,langfang_man1,2.0516579890335787
廊坊-0094,116.740062,39.569873,廊坊市,传感器,Ethernet,langfang_man1,1.6451401007001805
廊坊-0095,116.739239,39.584875,廊坊市,laptop,Wifi,langfang_man1,2.176963723750087
廊坊-0096,116.518938,39.520447,廊坊市,laptop,Cellular,langfang_man1,1.2931024923080408
廊坊-0097,116.817064,39.514006,廊坊市,PC,Ethernet,langfang_man1,1.5052626728412846
廊坊-0098,116.738081,39.572305,廊坊市,传感器,Ethernet,langfang_man1,1.5412960718006397
廊坊-0099,116.662564,39.603972,廊坊市,传感器,Ethernet,langfang_man1,1.0248781795033524
廊坊-0100,116.502082,39.626756,廊坊市,手机,Wifi,beijing_man1,2.698332303039092
廊坊-0101,116.740719,39.567805,廊坊市,手机,Wifi,langfang_man1,3.552433665961834
廊坊-0102,116.843275,39.492652,廊坊市,传感器,Ethernet,langfang_man1,1.4142139531819462
廊坊-0103,116.741877,39.574737,廊坊市,PC,Cellular,langfang_man1,1.8963512134175042
廊坊-0104,116.564288,39.421895,廊坊市,传感器,Wifi,langfang_man1,1.013604188619675
廊坊-0105,116.74025,39.571312,廊坊市,PC,Cellular,langfang_man1,2.2399828391113825
廊坊-0106,116.725011,39.568867,廊坊市,手机,Cellular,langfang_man1,3.2161797006218724
廊坊-0107,116.927842,39.533162,廊坊市,传感器,Wifi,langfang_man1,4.614239394069887
廊坊-0108,116.74,39.57,廊坊市,PC,Ethernet,langfang_man1,1.7748265950161883
廊坊-0109,116.594664,39.510865,廊坊市,传感器,Cellular,langfang_man1,4.407370053182442
廊坊-0110,116.739344,39.5705,廊坊市,传感器,Ethernet,langfang_man1,1.0806851370906032
廊坊-0111,116.820616,39.418274,廊坊市,PC,Ethernet,langfang_man1,1.6999638015487246
廊坊-0112,116.735412,39.57093,廊坊市,laptop,Ethernet,langfang_man1,1.555285378089107
廊坊-0113,116.790829,39.563586,廊坊市,传感器,Wifi,langfang_man1,4.23183404112294
廊坊-0114,116.699976,39.491059,廊坊市,手机,Ethernet,langfang_man1,1.4446416656055905
廊坊-0115,116.744664,39.599502,廊坊市,手机,Wifi,langfang_man1,4.900001004034893
廊坊-0116,116.740331,39.568787,廊坊市,PC,Ethernet,langfang_man1,1.9852248272276896
廊坊-0117,116.788085,39.600374,廊坊市,传感器,Ethernet,langfang_man1,1.684390545942731
廊坊-0118,116.700363,39.547472,廊坊市,PC,Wifi,langfang_man1,2.1218283490570293
廊坊-0119,116.768278,39.645806,廊坊市,laptop,Wifi,langfang_man1,1.0606957778267052
廊坊-0120,116.74568,39.442589,廊坊市,传感器,Wifi,langfang_man1,1.2351752231682998
廊坊-0121,116.736526,39.581318,廊坊市,手机,Cellular,langfang_man1,7.4233488457880465
廊坊-0122,116.739997,39.569989,廊坊市,PC,Wifi,langfang_man1,4.908239532994365
廊坊-0123,116.733541,39.511464,廊坊市,laptop,Cellular,langfang_man1,7.189183376016681
廊坊-0124,116.740622,39.569511,廊坊市,传感器,Wifi,langfang_man1,3.8155542494324752
廊坊-0125,116.739985,39.570053,廊坊市,PC,Cellular,langfang_man1,4.765297687198639
廊坊-0126,116.750775,39.569047,廊坊市,PC,Cellular,langfang_man1,5.988315883268013
廊坊-0127,116.741978,39.568457,廊坊市,PC,Cellular,langfang_man1,7.6836029356228925
廊坊-0128,116.731169,39.612048,廊坊市,laptop,Ethernet,langfang_man1,1.1897375220283597
廊坊-0129,116.826237,39.449457,廊坊市,传感器,Wifi,langfang_man1,1.9919324411502184
廊坊-0130,116.739374,39.569777,廊坊市,laptop,Ethernet,langfang_man1,1.1551830730407329
廊坊-0131,116.65267,39.513555,廊坊市,传感器,Ethernet,langfang_man1,1.6365430293204386
廊坊-0132,116.680886,39.567164,廊坊市,laptop,Ethernet,langfang_man1,1.165797861042115
廊坊-0133,116.74,39.57,廊坊市,手机,Cellular,langfang_man1,3.988342996459326
廊坊-0134,116.739999,39.569997,廊坊市,PC,Cellular,langfang_man1,1.6875191556924465
廊坊-0135,116.778919,39.585186,廊坊市,PC,Wifi,langfang_man1,4.67807291050748
廊坊-0136,116.739994,39.569859,廊坊市,手机,Cellular,langfang_man1,7.861862522966785
廊坊-0137,116.788435,39.541868,廊坊市,laptop,Wifi,langfang_man1,1.0487437978776297
廊坊-0138,116.764295,39.388893,廊坊市,传感器,Ethernet,langfang_man1,1.6756480657114463
廊坊-0139,116.743764,39.757584,廊坊市,手机,Ethernet,beijing_man1,1.8691983425331036
廊坊-0140,116.698242,39.561157,廊坊市,PC,Cellular,langfang_man1,5.940513148525572
廊坊-0141,116.441993,39.432158,廊坊市,手机,Cellular,langfang_man1,4.965178183391448
廊坊-0142,116.749953,39.579674,廊坊市,传感器,Cellular,langfang_man1,3.004918432039462
廊坊-0143,116.588657,39.640512,廊坊市,传感器,Cellular,langfang_man1,1.3161540226442277
廊坊-0144,116.755237,39.556701,廊坊市,laptop,Wifi,langfang_man1,4.436083020439051
廊坊-0145,116.739714,39.558866,廊坊市,laptop,Wifi,langfang_man1,1.3235902822221761
廊坊-0146,116.906114,39.390393,廊坊市,PC,Wifi,langfang_man1,1.6247211595757056
廊坊-0147,116.74931,39.554788,廊坊市,手机,Wifi,langfang_man1,3.599694677365488
廊坊-0148,117.042607,39.62891,廊坊市,手机,Cellular,tianjin_man1,5.789347429010619
廊坊-0149,116.741493,39.555837,廊坊市,PC,Wifi,langfang_man1,2.6076892848007898
廊坊-0150,116.740115,39.570061,廊坊市,传感器,Cellular,langfang_man1,6.787921289566729
廊坊-0151,116.741062,39.582832,廊坊市,PC,Wifi,langfang_man1,3.498882216471735
廊坊-0152,116.715961,39.593129,廊坊市,laptop,Ethernet,langfang_man1,1.3872996796771009
廊坊-0153,116.648125,39.640551,廊坊市,laptop,Cellular,langfang_man1,4.853809762537628
廊坊-0154,116.761762,39.589082,廊坊市,传感器,Wifi,langfang_man1,4.731599966101173
廊坊-0155,116.7097,39.524694,廊坊市,PC,Ethernet,langfang_man1,1.6651993799670255
廊坊-0156,116.742583,39.565987,廊坊市,手机,Wifi,langfang_man1,3.484228175973065
廊坊-0157,116.728471,39.570329,廊坊市,传感器,Wifi,langfang_man1,1.2167869092711534
廊坊-0158,116.739959,39.569886,廊坊市,传感器,Wifi,langfang_man1,2.543666532272552
廊坊-0159,116.743949,39.572929,廊坊市,手机,Ethernet,langfang_man1,1.4123435586391473
廊坊-0160,116.735574,39.570783,廊坊市,laptop,Cellular,langfang_man1,5.356283226510265
廊坊-0161,116.793165,39.631383,廊坊市,PC,Cellular,langfang_man1,7.348746875936193
廊坊-0162,116.741492,39.56826,廊坊市,传感器,Cellular,langfang_man1,2.4831050531276797
廊坊-0163,116.738396,39.570942,廊坊市,传感器,Ethernet,langfang_man1,1.5342284765597576
廊坊-0164,116.992251,39.394364,廊坊市,PC,Ethernet,langfang_man1,1.0163884440033195
廊坊-0165,116.739879,39.570038,廊坊市,传感器,Cellular,langfang_man1,3.9242355548859797
廊坊-0166,116.602222,39.505594,廊坊市,手机,Cellular,langfang_man1,5.067056109904332
廊坊-0167,116.740235,39.574829,廊坊市,laptop,Wifi,langfang_man1,2.2820341478294353
廊坊-0168,116.666259,39.631674,廊坊市,手机,Cellular,langfang_man1,1.3560194905046214
廊坊-0169,117.007422,39.696171,廊坊市,laptop,Cellular,langfang_man2,5.875606464838452
廊坊-0170,116.75614,39.638709,廊坊市,PC,Ethernet,langfang_man1,1.2831271540062703
廊坊-0171,116.786651,39.820159,廊坊市,laptop,Ethernet,beijing_man1,1.093502521397804
廊坊-0172,116.738837,39.554974,廊坊市,手机,Cellular,langfang_man1,3.407652338974885
廊坊-0173,116.739974,39.570023,廊坊市,laptop,Cellular,langfang_man1,3.3710544040228076
廊坊-0174,116.70403,39.542984,廊坊市,手机,Wifi,langfang_man1,2.449923363354724
廊坊-0175,116.672951,39.544933,廊坊市,PC,Cellular,langfang_man1,5.096433088056254
廊坊-0176,116.450826,39.549882,廊坊市,PC,Wifi,beijing_man1,1.6123410886241496
廊坊-0177,116.740407,39.569415,廊坊市,手机,Ethernet,langfang_man1,1.7248347615491557
廊坊-0178,116.725185,39.589942,廊坊市,PC,Wifi,langfang_man1,4.841514246378555
廊坊-0179,116.707315,39.636245,廊坊市,传感器,Cellular,langfang_man1,5.766891711402559
廊坊-0180,116.657373,39.696924,廊坊市,PC,Ethernet,langfang_man1,1.8180477573124127
廊坊-0181,116.74048,39.569965,廊坊市,传感器,Wifi,langfang_man1,4.445343124873027
廊坊-0182,116.825399,39.561608,廊坊市,手机,Wifi,langfang_man1,3.848451323627732
廊坊-0183,116.74,39.569999,廊坊市,laptop,Cellular,langfang_man1,5.607174616032426
廊坊-0184,116.740039,39.570048,廊坊市,传感器,Cellular,langfang_man1,1.2571852354124968
廊坊-0185,116.740443,39.569496,廊坊市,laptop,Cellular,langfang_man1,6.479797231961143
廊坊-0186,116.736852,39.570034,廊坊市,手机,Ethernet,langfang_man1,1.2388899322730147
廊坊-0187,116.819704,39.563414,廊坊市,传感器,Wifi,langfang_man1,2.169704819586885
廊坊-0188,116.740001,39.57,廊坊市,手机,Cellular,langfang_man1,4.382985466950464
廊坊-0189,116.790283,39.561144,廊坊市,laptop,Ethernet,langfang_man1,1.791572468291734
廊坊-0190,116.732843,39.585107,廊坊市,PC,Wifi,langfang_man1,3.5570479390532332
廊坊-0191,116.994404,39.456682,廊坊市,手机,Ethernet,langfang_man1,1.4663859686444582
廊坊-0192,116.855858,39.588672,廊坊市,laptop,Wifi,langfang_man1,3.3117397836218445
廊坊-0193,116.740127,39.570272,廊坊市,手机,Wifi,langfang_man1,2.613631770403429
廊坊-0194,116.603641,39.345991,廊坊市,手机,Cellular,langfang_man1,4.445263523194878
廊坊-0195,116.639124,39.714655,廊坊市,手机,Cellular,beijing_man1,6.162539100018031
廊坊-0196,116.745892,39.564433,廊坊市,传感器,Cellular,langfang_man1,2.728014433496278
廊坊-0197,116.639624,39.524743,廊坊市,laptop,Wifi,langfang_man1,1.0606199469781368
廊坊-0198,116.545732,39.76079,廊坊市,PC,Wifi,beijing_man1,3.6693355933054432
廊坊-0199,116.759441,39.580642,廊坊市,laptop,Wifi,langfang_man1,3.253582860724738
廊坊-0200,117.027613,39.431701,廊坊市,PC,Ethernet,langfang_man1,1.2358958573859555
廊坊-0201,116.72901,39.578655,廊坊市,传感器,Cellular,langfang_man1,1.3611928404642146
廊坊-0202,116.588899,39.433021,廊坊市,PC,Cellular,langfang_man1,2.0491486117540907
廊坊-0203,116.863329,39.791574,廊坊市,PC,Wifi,langfang_man2,4.236685368731424
廊坊-0204,116.739701,39.570053,廊坊市,手机,Ethernet,langfang_man1,1.710130831858586
廊坊-0205,116.711256,39.653367,廊坊市,laptop,Wifi,langfang_man1,1.922289085312943
廊坊-0206,116.74,39.57,廊坊市,laptop,Wifi,langfang_man1,1.5932731649274339
廊坊-0207,116.480904,39.516905,廊坊市,laptop,Wifi,langfang_man1,1.7596609224844553
廊坊-0208,116.745451,39.571365,廊坊市,PC,Cellular,langfang_man1,3.4047396306174704
廊坊-0209,116.738325,39.569436,廊坊市,PC,Wifi,langfang_man1,1.9396876292545593
廊坊-0210,116.761699,39.636655,廊坊市,手机,Cellular,langfang_man1,5.146729884529805
廊坊-0211,116.733401,39.577331,廊坊市,手机,Wifi,langfang_man1,4.532572179715769
廊坊-0212,116.745329,39.570029,廊坊市,PC,Ethernet,langfang_man1,1.0115373493193094
廊坊-0213,116.41068,39.524631,廊坊市,手机,Cellular,beijing_man1,2.3262920863172853
廊坊-0214,116.821057,39.485645,廊坊市,手机,Cellular,langfang_man1,7.501004522409823
廊坊-0215,116.73066,39.581198,廊坊市,手机,Wifi,langfang_man1,4.717197289476738
廊坊-0216,116.738938,39.56276,廊坊市,PC,Wifi,langfang_man1,1.5775011081501784
廊坊-0217,116.776921,39.793752,廊坊市,PC,Wifi,beijing_man1,1.7275977687669646
廊坊-0218,116.722843,39.570804,廊坊市,手机,Wifi,langfang_man1,4.499110294213995
廊坊-0219,116.600897,39.590824,廊坊市,手机,Ethernet,langfang_man1,1.1794006001389725
廊坊-0220,116.740939,39.569814,廊坊市,手机,Cellular,langfang_man1,3.9891155338278885
廊坊-0221,116.993092,39.697162,廊坊市,手机,Ethernet,langfang_man2,1.6877629633178297
廊坊-0222,116.713893,39.587884,廊坊市,传感器,Ethernet,langfang_man1,1.9201992405988946
廊坊-0223,116.742865,39.570977,廊坊市,PC,Ethernet,langfang_man1,1.1486763960989559
廊坊-0224,116.966006,39.642916,廊坊市,laptop,Ethernet,langfang_man2,1.8694540901631558
廊坊-0225,116.727854,39.575504,廊坊市,laptop,Cellular,langfang_man1,2.0168838624969982
廊坊-0226,116.746112,39.571594,廊坊市,传感器,Ethernet,langfang_man1,1.2440597390111405
廊坊-0227,116.690732,39.464989,廊坊市,PC,Cellular,langfang_man1,3.154204518969823
廊坊-0228,116.838303,39.362005,廊坊市,laptop,Cellular,langfang_man1,2.1351661243180904
廊坊-0229,116.740981,39.571898,廊坊市,传感器,Cellular,langfang_man1,3.536010426043383
廊坊-0230,116.74,39.56996,廊坊市,传感器,Wifi,langfang_man1,4.661408316417754
廊坊-0231,116.849402,39.512222,廊坊市,laptop,Ethernet,langfang_man1,1.988596145591132
廊坊-0232,116.740051,39.570068,廊坊市,laptop,Cellular,langfang_man1,2.5100518126102074
廊坊-0233,116.739509,39.570111,廊坊市,传感器,Wifi,langfang_man1,4.868514696709014
廊坊-0234,116.695449,39.620068,廊坊市,laptop,Wifi,langfang_man1,2.798939871159593
廊坊-0235,116.739506,39.569964,廊坊市,传感器,Cellular,langfang_man1,5.4990332562691036
廊坊-0236,116.733741,39.654657,廊坊市,laptop,Wifi,langfang_man1,3.1117298116654304
廊坊-0237,116.736885,39.494108,廊坊市,传感器,Cellular,langfang_man1,4.17712873047113
廊坊-0238,116.739983,39.570004,廊坊市,PC,Cellular,langfang_man1,5.051848740240423
廊坊-0239,116.444419,39.706285,廊坊市,PC,Ethernet,beijing_man1,1.6493289609364026
廊坊-0240,116.623867,39.701034,廊坊市,laptop,Wifi,beijing_man1,3.888008515242554
廊坊-0241,116.739315,39.569305,廊坊市,laptop,Ethernet,langfang_man1,1.3694153510903342
廊坊-0242,116.740025,39.570144,廊坊市,手机,Ethernet,langfang_man1,1.801427526430707
廊坊-0243,116.739994,39.570045,廊坊市,PC,Wifi,langfang_man1,2.385503192956722
廊坊-0244,116.776985,39.432946,廊坊市,手机,Cellular,langfang_man1,4.8969621351232115
廊坊-0245,116.791049,39.35133,廊坊市,传感器,Wifi,langfang_man1,1.320173024889924
廊坊-0246,116.719188,39.580002,廊坊市,传感器,Cellular,langfang_man1,3.5161053099388706
廊坊-0247,116.736622,39.57866,廊坊市,传感器,Cellular,langfang_man1,4.0587755768505565
廊坊-0248,116.841598,39.313658,廊坊市,手机,Ethernet,langfang_man1,1.713876810441048
廊坊-0249,116.739974,39.569872,廊坊市,传感器,Ethernet,langfang_man1,1.5169023942322224
廊坊-0250,116.76592,39.583142,廊坊市,传感器,Wifi,langfang_man1,3.349051337685785
保定-0001,115.297038,38.701908,保定市,laptop,Cellular,baoding_man1,4.526802771215872
保定-0002,115.592958,38.581684,保定市,手机,Wifi,cangzhou_man2,4.976683134657202
保定-0003,115.461218,38.87346,保定市,传感器,Wifi,baoding_man1,3.875703721976467
保定-0004,115.453338,38.871352,保定市,手机,Ethernet,baoding_man1,1.9346644034444922
保定-0005,115.43597,38.890345,保定市,传感器,Ethernet,baoding_man1,1.186730007331155
保定-0006,115.476599,38.870538,保定市,PC,Ethernet,baoding_man1,1.0549090529813747
保定-0007,115.462549,38.868017,保定市,PC,Wifi,baoding_man1,1.4573085561074914
保定-0008,115.539662,38.89145,保定市,传感器,Wifi,baoding_man1,2.3680125658430997
保定-0009,115.661489,39.00424,保定市,传感器,Wifi,baoding_man2,2.0806524166589817
保定-0010,115.459851,38.86977,保定市,手机,Wifi,baoding_man1,1.2768346993088606
保定-0011,115.165539,38.877722,保定市,手机,Ethernet,baoding_man1,1.264178800495859
保定-0012,115.377241,38.978354,保定市,PC,Wifi,baoding_man1,1.3953478774711994
保定-0013,115.525732,39.001753,保定市,传感器,Cellular,baoding_man2,3.107813372817655
保定-0014,115.459979,38.87001,保定市,laptop,Wifi,baoding_man1,2.782466456556355
保定-0015,115.42685,38.871129,保定市,PC,Wifi,baoding_man1,1.3343193239789692
保定-0016,115.463108,38.90924,保定市,手机,Ethernet,baoding_man1,1.218947419555267
保定-0017,115.461588,38.877414,保定市,laptop,Cellular,baoding_man1,5.4839463817336584
保定-0018,115.004247,38.965198,保定市,laptop,Wifi,baoding_man1,1.8551314094293994
保定-0019,115.45836,38.870212,保定市,传感器,Wifi,baoding_man1,1.4921708273630796
保定-0020,115.288111,38.65554,保定市,传感器,Ethernet,baoding_man1,1.6918474664891345
保定-0021,115.42143,38.682444,保定市,PC,Cellular,baoding_man1,5.511854998746545
保定-0022,115.462128,38.868711,保定市,传感器,Wifi,baoding_man1,3.547977206552372
保定-0023,115.47395,38.866671,保定市,PC,Cellular,baoding_man1,1.1395017810413415
保定-0024,115.503492,38.911924,保定市,手机,Cellular,baoding_man1,2.1834107343232736
保定-0025,115.463612,38.869908,保定市,传感器,Cellular,baoding_man1,1.6190295346762822
保定-0026,115.533559,38.921536,保定市,传感器,Cellular,baoding_man1,4.989475148847558
保定-0027,115.282897,39.068282,保定市,laptop,Cellular,baoding_man1,1.2967997685982813
保定-0028,115.445606,39.073701,保定市,laptop,Wifi,baoding_man2,1.6137398712269686
保定-0029,115.477583,38.87695,保定市,传感器,Wifi,baoding_man1,4.542065819330433
保定-0030,115.193608,38.571922,保定市,laptop,Ethernet,baoding_man1,1.5521297302106847
保定-0031,115.358456,38.89886,保定市,PC,Ethernet,baoding_man1,1.8602131265815989
保定-0032,115.111295,38.630818,保定市,传感器,Ethernet,baoding_man1,1.380646054732524
保定-0033,115.547409,39.114526,保定市,PC,Ethernet,baoding_man2,1.9971407315673289
保定-0034,115.158651,38.99821,保定市,PC,Wifi,baoding_man1,4.365620202923592
保定-0035,115.205421,39.123975,保定市,传感器,Wifi,baoding_man1,4.45713132956479
保定-0036,115.509441,38.91124,保定市,laptop,Cellular,baoding_man1,5.602767077566604
保定-0037,115.491049,38.898516,保定市,手机,Ethernet,baoding_man1,1.8452835991838326
保定-0038,115.376433,38.925809,保定市,PC,Ethernet,baoding_man1,1.4026726103935032
保定-0039,115.418452,38.788743,保定市,手机,Ethernet,baoding_man1,1.0070947655250329
保定-0040,115.433603,38.875176,保定市,传感器,Cellular,baoding_man1,2.1036998247333054
保定-0041,115.459985,38.872733,保定市,laptop,Cellular,baoding_man1,7.83531539811945
保定-0042,115.457671,39.255586,保定市,laptop,Ethernet,baoding_man2,1.9176922248015646
保定-0043,115.676961,38.828137,保定市,PC,Ethernet,baoding_man2,1.8758051078546862
保定-0044,115.459564,38.871441,保定市,传感器,Cellular,baoding_man1,4.258158395502843
保定-0045,115.903796,39.04026,保定市,laptop,Wifi,baoding_man2,1.8525908864922194
保定-0046,115.515888,38.859179,保定市,传感器,Ethernet,baoding_man1,1.696102901904227
保定-0047,115.539488,38.866475,保定市,手机,Cellular,baoding_man1,5.0708909164439255
保定-0048,115.458811,38.855867,保定市,PC,Cellular,baoding_man1,7.349165165292955
保定-0049,115.467627,38.865994,保定市,传感器,Wifi,baoding_man1,2.8370863790519287
保定-0050,115.474865,38.877284,保定市,PC,Cellular,baoding_man1,2.9076959665393725
保定-0051,115.412139,38.863856,保定市,PC,Wifi,baoding_man1,1.374589413131143
保定-0052,115.445578,38.860776,保定市,laptop,Wifi,baoding_man1,3.10086436735126
保定-0053,115.459795,38.869926,保定市,PC,Cellular,baoding_man1,1.8872531948706648
保定-0054,115.47415,38.892253,保定市,传感器,Cellular,baoding_man1,5.618829597251684
保定-0055,115.460449,38.869269,保定市,手机,Wifi,baoding_man1,2.870774485699052
保定-0056,115.685574,38.806298,保定市,laptop,Ethernet,cangzhou_man2,1.7385772370840722
保定-0057,115.682468,38.613736,保定市,手机,Wifi,cangzhou_man2,3.4147387400710607
保定-0058,115.383819,38.847589,保定市,PC,Wifi,baoding_man1,2.503929970762069
保定-0059,115.557262,39.000171,保定市,传感器,Ethernet,baoding_man2,1.531434180808306
保定-0060,115.463102,38.869728,保定市,laptop,Wifi,baoding_man1,2.669622536610237
保定-0061,115.09583,38.989235,保定市,手机,Cellular,baoding_man1,3.958599155725086
保定-0062,115.377172,38.540028,保定市,PC,Cellular,baoding_man1,3.7260282047230477
保定-0063,115.461812,38.902898,保定市,手机,Wifi,baoding_man1,1.258274329821853
保定-0064,115.428063,38.899229,保定市,PC,Ethernet,baoding_man1,1.7486755852870721
保定-0065,115.45479,38.783664,保定市,PC,Ethernet,baoding_man1,1.935452642802496
保定-0066,115.516702,38.705585,保定市,手机,Cellular,baoding_man1,2.8115513146279643
保定-0067,115.460042,38.870042,保定市,laptop,Ethernet,baoding_man1,1.1464659974827276
保定-0068,115.750817,38.899841,保定市,手机,Ethernet,baoding_man2,1.7217882082028644
保定-0069,115.458801,38.869576,保定市,laptop,Wifi,baoding_man1,1.5217956383077977
保定-0070,115.460939,38.868296,保定市,laptop,Cellular,baoding_man1,1.4695884174671185
保定-0071,115.475276,38.845809,保定市,PC,Ethernet,baoding_man1,1.0485859594347695
保定-0072,115.414609,38.818328,保定市,手机,Wifi,baoding_man1,1.143323970438185
保定-0073,115.465978,38.431035,保定市,手机,Wifi,hengshui_man2,4.8738696552622995
保定-0074,115.485333,38.844758,保定市,PC,Cellular,baoding_man1,6.504489005852024
保定-0075,115.926943,38.794901,保定市,PC,Wifi,cangzhou_man2,2.1286346541517713
保定-0076,115.460237,38.870107,保定市,传感器,Cellular,baoding_man1,1.7621664992830948
保定-0077,115.500094,38.783051,保定市,手机,Wifi,baoding_man1,1.3936458397887885
保定-0078,115.541492,38.820384,保定市,手机,Cellular,baoding_man1,5.1865712670825594
保定-0079,115.458459,38.870186,保定市,PC,Cellular,baoding_man1,2.343370299926457
保定-0080,115.44102,38.889993,保定市,传感器,Wifi,baoding_man1,4.734929215179822
保定-0081,115.466894,38.872685,保定市,传感器,Wifi,baoding_man1,4.156858440809787
保定-0082,115.466932,38.855622,保定市,手机,Ethernet,baoding_man1,1.5542001782761665
保定-0083,115.459956,38.870063,保定市,PC,Wifi,baoding_man1,2.7158379468960514
保定-0084,115.469848,38.880233,保定市,laptop,Wifi,baoding_man1,3.6436346913277404
保定-0085,115.470792,38.885726,保定市,传感器,Cellular,baoding_man1,1.7333953141351546
保定-0086,115.45657,38.866397,保定市,传感器,Ethernet,baoding_man1,1.236179227374163
保定-0087,115.459999,38.870002,保定市,PC,Cellular,baoding_man1,4.286283040280988
保定-0088,115.45333,38.895633,保定市,laptop,Wifi,baoding_man1,4.785425348203965
保定-0089,115.314285,39.000566,保定市,laptop,Ethernet,baoding_man1,1.628960748522118
保定-0090,115.406135,38.706252,保定市,PC,Ethernet,baoding_man1,1.94398291429289
保定-0091,115.461071,38.865941,保定市,手机,Ethernet,baoding_man1,1.1020478765996904
保定-0092,115.419255,38.780613,保定市,手机,Ethernet,baoding_man1,1.1080899829865816
保定-0093,115.461972,38.821646,保定市,传感器,Ethernet,baoding_man1,1.6658246618035877
保定-0094,115.627578,38.514582,保定市,传感器,Cellular,cangzhou_man2,5.633598321764112
保定-0095,115.575558,38.613909,保定市,laptop,Wifi,cangzhou_man2,1.5479681132612293
保定-0096,115.399102,38.545834,保定市,PC,Cellular,baoding_man1,4.136093109504669
保定-0097,115.450758,38.89459,保定市,laptop,Cellular,baoding_man1,7.228863807683913
保定-0098,115.457874,38.849501,保定市,手机,Cellular,baoding_man1,1.7264807312798365
保定-0099,115.473708,38.880468,保定市,laptop,Ethernet,baoding_man1,1.5946784684692434
保定-0100,115.46,38.87,保定市,laptop,Ethernet,baoding_man1,1.1457760808698594
保定-0101,115.459705,38.870497,保定市,PC,Cellular,baoding_man1,2.233385755307041
保定-0102,115.302069,38.698917,保定市,手机,Wifi,baoding_man1,1.6014748707681363
保定-0103,115.355883,38.603156,保定市,laptop,Cellular,baoding_man1,5.210498171036602
保定-0104,115.386305,39.145263,保定市,PC,Ethernet,baoding_man2,1.360465073801179
保定-0105,115.459933,38.870196,保定市,PC,Ethernet,baoding_man1,1.8348171381085316
保定-0106,115.465892,38.866937,保定市,PC,Wifi,baoding_man1,2.1602708302500204
保定-0107,115.490038,38.878252,保定市,laptop,Cellular,baoding_man1,2.008963791596111
保定-0108,115.4382,38.868574,保定市,传感器,Ethernet,baoding_man1,1.0159669180209905
保定-0109,115.445257,38.897639,保定市,PC,Wifi,baoding_man1,2.4304155536219976
保定-0110,115.537744,38.735649,保定市,PC,Cellular,baoding_man1,6.967959450788463
保定-0111,115.459711,38.869964,保定市,laptop,Cellular,baoding_man1,2.2304944580155643
保定-0112,115.061588,39.077993,保定市,PC,Cellular,baoding_man1,6.367497303306785
保定-0113,115.459998,38.869995,保定市,传感器,Ethernet,baoding_man1,1.7516646832004343
保定-0114,115.442021,39.040663,保定市,传感器,Cellular,baoding_man2,1.1715977653545533
保定-0115,115.458039,38.87159,保定市,传感器,Wifi,baoding_man1,4.447921366744215
保定-0116,115.552152,38.973931,保定市,PC,Cellular,baoding_man2,6.393155246906127
保定-0117,115.469147,38.851,保定市,传感器,Cellular,baoding_man1,1.5768354836616094
保定-0118,115.760874,38.507597,保定市,手机,Cellular,cangzhou_man2,1.9575760322854483
保定-0119,115.690591,38.754085,保定市,传感器,Ethernet,cangzhou_man2,1.008615368130597
保定-0120,115.403935,38.904763,保定市,PC,Wifi,baoding_man1,1.8080739193194115
保定-0121,115.324895,38.889296,保定市,手机,Cellular,baoding_man1,6.049974425076963
保定-0122,115.43153,38.8332,保定市,传感器,Ethernet,baoding_man1,1.3576632442529972
保定-0123,115.605664,38.727931,保定市,laptop,Cellular,baoding_man1,2.74173635858268
保定-0124,115.347472,38.532223,保定市,laptop,Wifi,baoding_man1,1.1572022566112348
保定-0125,115.872422,38.841504,保定市,PC,Wifi,cangzhou_man2,3.8927447703936817
保定-0126,115.028662,38.957768,保定市,手机,Cellular,baoding_man1,1.4446629623676113
保定-0127,115.460075,38.870093,保定市,PC,Cellular,baoding_man1,1.2914368757843402
保定-0128,115.437059,38.861011,保定市,传感器,Wifi,baoding_man1,2.895075739835411
保定-0129,115.456425,38.866019,保定市,PC,Ethernet,baoding_man1,1.471862918711024
保定-0130,115.596731,38.828371,保定市,传感器,Ethernet,baoding_man1,1.4274814173386452
保定-0131,115.222952,38.965918,保定市,传感器,Ethernet,baoding_man1,1.8140225685633888
保定-0132,115.46293,38.877566,保定市,手机,Cellular,baoding_man1,2.27412392025068
保定-0133,115.461752,38.868169,保定市,PC,Ethernet,baoding_man1,1.0177160649935824
保定-0134,115.887433,39.058861,保定市,PC,Cellular,baoding_man2,3.8567363349709805
保定-0135,115.501054,38.585244,保定市,传感器,Wifi,baoding_man1,3.6473305903018765
保定-0136,115.491183,38.919695,保定市,laptop,Wifi,baoding_man1,2.5413195097106325
保定-0137,115.460016,38.869989,保定市,PC,Cellular,baoding_man1,7.168219177582174
保定-0138,115.348255,39.211514,保定市,传感器,Cellular,baoding_man2,5.556961759585668
保定-0139,115.458448,38.872346,保定市,传感器,Ethernet,baoding_man1,1.1180195969644462
保定-0140,115.484682,38.88662,保定市,PC,Wifi,baoding_man1,2.314894249433313
保定-0141,115.661525,38.935665,保定市,手机,Ethernet,baoding_man2,1.0328788856649878
保定-0142,115.727169,39.19698,保定市,手机,Ethernet,baoding_man2,1.3631999162406339
保定-0143,115.618068,38.948062,保定市,laptop,Cellular,baoding_man2,5.104491710552738
保定-0144,115.456722,38.891025,保定市,PC,Wifi,baoding_man1,4.065984090229643
保定-0145,115.553258,38.916961,保定市,laptop,Cellular,baoding_man1,7.315422598185657
保定-0146,115.481203,38.84532,保定市,传感器,Wifi,baoding_man1,3.5230167148890947
保定-0147,115.875825,38.966667,保定市,传感器,Ethernet,baoding_man2,1.8500677573772735
保定-0148,115.4528,38.874686,保定市,laptop,Ethernet,baoding_man1,1.8693303603572362
保定-0149,115.460712,38.868968,保定市,手机,Cellular,baoding_man1,1.663034443203164
保定-0150,115.436568,38.848251,保定市,laptop,Wifi,baoding_man1,2.1205060063855417
保定-0151,115.611144,38.642673,保定市,手机,Ethernet,cangzhou_man2,1.4704197955297618
保定-0152,115.197739,38.699354,保定市,传感器,Cellular,baoding_man1,4.704799372112679
保定-0153,115.460001,38.870264,保定市,传感器,Ethernet,baoding_man1,1.606199104482195
保定-0154,115.592811,38.962282,保定市,PC,Ethernet,baoding_man2,1.7782580728941833
保定-0155,115.200356,38.64433,保定市,PC,Wifi,baoding_man1,1.8435872007054486
保定-0156,115.43771,38.959732,保定市,PC,Ethernet,baoding_man1,1.0399385572835764
保定-0157,115.458509,38.872742,保定市,手机,Cellular,baoding_man1,5.886447142011564
保定-0158,115.46022,38.869888,保定市,传感器,Ethernet,baoding_man1,1.0840360699148128
保定-0159,115.46089,38.870058,保定市,传感器,Ethernet,baoding_man1,1.8699501468597037
保定-0160,114.944867,39.051194,保定市,PC,Wifi,baoding_man1,2.539270527845661
保定-0161,115.472089,38.951791,保定市,传感器,Cellular,baoding_man1,4.277287339168899
保定-0162,115.465559,38.866239,保定市,laptop,Ethernet,baoding_man1,1.5839271224595437
保定-0163,115.459983,38.870269,保定市,传感器,Cellular,baoding_man1,5.891078643460695
保定-0164,115.461203,38.871805,保定市,PC,Wifi,baoding_man1,2.3647630034706624
保定-0165,115.452787,38.886119,保定市,手机,Wifi,baoding_man1,3.53371665798245
保定-0166,115.456166,38.852756,保定市,传感器,Cellular,baoding_man1,7.7727051515133
保定-0167,115.210845,39.246652,保定市,传感器,Ethernet,baoding_man2,1.6785559202873923
保定-0168,115.451399,38.874365,保定市,laptop,Wifi,baoding_man1,2.5255586588144214
保定-0169,115.550739,38.712378,保定市,手机,Wifi,baoding_man1,1.3924001030177324
保定-0170,115.461975,38.777177,保定市,PC,Wifi,baoding_man1,2.537400473467348
保定-0171,115.414815,38.890901,保定市,传感器,Cellular,baoding_man1,1.948986856994839
保定-0172,115.447368,38.875854,保定市,laptop,Wifi,baoding_man1,2.5252590497829353
保定-0173,115.461366,38.870744,保定市,手机,Cellular,baoding_man1,6.0111628605201215
保定-0174,115.461878,38.869068,保定市,传感器,Cellular,baoding_man1,2.371723924856994
保定-0175,115.338909,38.618791,保定市,传感器,Cellular,baoding_man1,4.252444588755986
保定-0176,115.459868,38.870027,保定市,传感器,Cellular,baoding_man1,4.116898322065671
保定-0177,115.585443,38.664524,保定市,手机,Wifi,cangzhou_man2,2.4721179435633163
保定-0178,115.487634,38.890549,保定市,传感器,Ethernet,baoding_man1,1.597903121118335
保定-0179,115.645016,38.544423,保定市,laptop,Wifi,cangzhou_man2,3.4200929504603126
保定-0180,115.434882,38.877187,保定市,PC,Cellular,baoding_man1,5.519657075088007
保定-0181,115.175885,38.637888,保定市,PC,Wifi,baoding_man1,4.1005710008611835
保定-0182,115.620987,38.718109,保定市,传感器,Ethernet,cangzhou_man2,1.4534298279373419
保定-0183,115.475882,38.828282,保定市,传感器,Wifi,baoding_man1,3.976713825610703
保定-0184,115.355143,38.577228,保定市,传感器,Cellular,baoding_man1,4.345854010823416
保定-0185,115.492106,38.937901,保定市,手机,Wifi,baoding_man1,1.8069300113663709
保定-0186,115.30501,38.614483,保定市,PC,Wifi,baoding_man1,2.5085569397126473
保定-0187,115.88449,38.90036,保定市,手机,Cellular,baoding_man2,6.07925668246836
保定-0188,115.130169,38.848996,保定市,手机,Cellular,baoding_man1,7.307320920244306
保定-0189,115.526677,38.674001,保定市,传感器,Wifi,baoding_man1,1.9620104029479948
保定-0190,115.545082,38.826542,保定市,手机,Ethernet,baoding_man1,1.1008687299563509
保定-0191,115.801514,38.584528,保定市,传感器,Cellular,cangzhou_man2,2.455840514364488
保定-0192,115.433321,38.872443,保定市,传感器,Wifi,baoding_man1,3.241120690372275
保定-0193,115.561371,39.093739,保定市,laptop,Cellular,baoding_man2,3.2865997294882536
保定-0194,115.663257,38.721264,保定市,laptop,Ethernet,cangzhou_man2,1.2403105059334376
保定-0195,115.453691,38.872568,保定市,手机,Wifi,baoding_man1,2.6308111652389705
保定-0196,115.461071,38.871442,保定市,PC,Cellular,baoding_man1,4.8733747855153
保定-0197,115.459297,38.86964,保定市,手机,Cellular,baoding_man1,4.456641215165597
保定-0198,115.205937,38.734665,保定市,laptop,Ethernet,baoding_man1,1.6813817121076502
保定-0199,115.897865,39.045023,保定市,手机,Cellular,baoding_man2,6.353391036209178
保定-0200,115.457724,38.872447,保定市,手机,Wifi,baoding_man1,4.706821641055596
保定-0201,115.452976,38.872137,保定市,手机,Cellular,baoding_man1,2.9298055045418065
保定-0202,115.136255,39.172717,保定市,传感器,Cellular,baoding_man1,6.551281038654051
保定-0203,115.564301,38.955267,保定市,手机,Cellular,baoding_man2,1.5938644347426094
保定-0204,115.555664,38.914565,保定市,传感器,Cellular,baoding_man1,6.055191033459955
保定-0205,115.460291,38.869503,保定市,PC,Ethernet,baoding_man1,1.1495619994146264
保定-0206,115.463824,38.870169,保定市,传感器,Ethernet,baoding_man1,1.7507390246844627
保定-0207,115.419928,38.848373,保定市,laptop,Wifi,baoding_man1,3.640985741935773
保定-0208,115.459986,38.870042,保定市,传感器,Wifi,baoding_man1,1.5387419390884025
保定-0209,115.470057,38.856784,保定市,传感器,Cellular,baoding_man1,5.010719965507629
保定-0210,115.557114,38.89425,保定市,PC,Wifi,baoding_man1,1.4471124896261687
保定-0211,115.508579,39.217366,保定市,PC,Cellular,baoding_man2,3.7531085098385013
保定-0212,115.46125,38.870572,保定市,laptop,Wifi,baoding_man1,4.71585614855702
保定-0213,115.383334,38.840246,保定市,传感器,Cellular,baoding_man1,6.880078828955503
保定-0214,115.292703,39.058676,保定市,PC,Wifi,baoding_man1,4.550523555491222
保定-0215,115.442746,38.868552,保定市,传感器,Ethernet,baoding_man1,1.1025498588680096
保定-0216,115.087354,38.854279,保定市,laptop,Cellular,baoding_man1,4.804216322320173
保定-0217,115.353034,38.881254,保定市,手机,Cellular,baoding_man1,5.0201598503014875
保定-0218,115.459225,38.868817,保定市,传感器,Ethernet,baoding_man1,1.8696012066716565
保定-0219,115.460066,38.870398,保定市,laptop,Ethernet,baoding_man1,1.9611009176413439
保定-0220,115.430586,38.772591,保定市,laptop,Cellular,baoding_man1,1.845465097500353
保定-0221,115.533135,38.938993,保定市,laptop,Wifi,baoding_man2,2.1727595572686567
保定-0222,115.456366,38.871386,保定市,laptop,Ethernet,baoding_man1,1.7174380871273884
保定-0223,115.221953,38.831781,保定市,手机,Wifi,baoding_man1,1.5495784051419554
保定-0224,115.08102,39.104959,保定市,PC,Wifi,baoding_man1,3.6456759895801953
保定-0225,115.236737,38.607857,保定市,传感器,Ethernet,baoding_man1,1.479197383574696
保定-0226,115.46069,38.871443,保定市,传感器,Wifi,baoding_man1,4.834132682834173
保定-0227,115.462368,38.870403,保定市,手机,Cellular,baoding_man1,5.390347239312556
保定-0228,115.912268,38.820962,保定市,PC,Wifi,cangzhou_man2,4.524006890365867
保定-0229,115.462413,38.868125,保定市,laptop,Wifi,baoding_man1,4.151936133085288
保定-0230,115.413168,38.902779,保定市,PC,Ethernet,baoding_man1,1.6750553089624651
保定-0231,115.805538,38.905974,保定市,传感器,Ethernet,baoding_man2,1.3156665693061083
保定-0232,115.574517,39.036196,保定市,laptop,Cellular,baoding_man2,7.9999900538813495
保定-0233,114.98379,38.820869,保定市,手机,Ethernet,baoding_man1,1.3518978528871104
保定-0234,115.503089,38.994827,保定市,手机,Cellular,baoding_man2,2.604817002537844
保定-0235,115.468885,38.865261,保定市,laptop,Cellular,baoding_man1,2.119589135097427
保定-0236,115.684383,38.715104,保定市,laptop,Cellular,cangzhou_man2,2.497287449413462
保定-0237,115.554628,38.853364,保定市,手机,Cellular,baoding_man1,5.223474740409256
保定-0238,115.461966,38.872883,保定市,手机,Wifi,baoding_man1,3.9315116215764734
保定-0239,115.468372,38.878147,保定市,手机,Wifi,baoding_man1,1.5943803144959654
保定-0240,115.536197,38.965782,保定市,传感器,Cellular,baoding_man2,3.0641422529713522
保定-0241,115.456759,38.871616,保定市,laptop,Wifi,baoding_man1,3.5720472481504286
保定-0242,115.455341,38.872761,保定市,手机,Ethernet,baoding_man1,1.6383141425794951
保定-0243,115.468512,39.048838,保定市,手机,Ethernet,baoding_man2,1.04345752463272
保定-0244,115.17939,38.925688,保定市,laptop,Cellular,baoding_man1,2.8656982363906356
保定-0245,115.403476,39.037083,保定市,手机,Ethernet,baoding_man1,1.3817736472340254
保定-0246,115.461433,38.870923,保定市,laptop,Cellular,baoding_man1,6.948406302515018
保定-0247,115.430009,38.679733,保定市,传感器,Ethernet,baoding_man1,1.759613258842317
保定-0248,115.202793,39.094666,保定市,手机,Ethernet,baoding_man1,1.5598046602331679
保定-0249,115.467591,38.89315,保定市,PC,Wifi,baoding_man1,3.843279044217736
保定-0250,115.461688,38.94735,保定市,laptop,Cellular,baoding_man1,5.927151180903246
保定-0251,115.557048,38.845868,保定市,手机,Cellular,baoding_man1,4.447974578750995
保定-0252,115.450999,38.869066,保定市,传感器,Ethernet,baoding_man1,1.9941893793122218
保定-0253,115.44427,38.830043,保定市,laptop,Wifi,baoding_man1,4.529295840955161
保定-0254,115.459935,38.8701,保定市,laptop,Wifi,baoding_man1,1.405635770245389
保定-0255,115.460126,38.869931,保定市,PC,Ethernet,baoding_man1,1.5878919236589715
保定-0256,115.459433,38.870121,保定市,laptop,Ethernet,baoding_man1,1.8197440195220211
保定-0257,115.426941,38.820008,保定市,手机,Wifi,baoding_man1,1.5550449882623707
保定-0258,115.463987,38.869261,保定市,手机,Cellular,baoding_man1,7.795457127719624
保定-0259,115.45943,38.870487,保定市,laptop,Ethernet,baoding_man1,1.116597706263751
保定-0260,115.46,38.87,保定市,传感器,Cellular,baoding_man1,6.3787327057918075
保定-0261,115.142936,39.16149,保定市,传感器,Wifi,baoding_man1,2.3640317923185314
保定-0262,115.474164,38.895525,保定市,laptop,Wifi,baoding_man1,3.7485067123240894
保定-0263,115.015894,39.004431,保定市,laptop,Cellular,baoding_man1,5.696251469118012
保定-0264,115.466033,38.874034,保定市,laptop,Ethernet,baoding_man1,1.9346392755162585
保定-0265,115.455236,38.812722,保定市,手机,Ethernet,baoding_man1,1.1039603084822815
保定-0266,115.625369,38.93572,保定市,laptop,Ethernet,baoding_man2,1.992385877829938
保定-0267,115.514678,38.812913,保定市,传感器,Wifi,baoding_man1,2.2791241956890005
保定-0268,115.433778,38.74044,保定市,手机,Ethernet,baoding_man1,1.006059526307312
保定-0269,115.611148,38.933113,保定市,laptop,Cellular,baoding_man2,7.418919423428134
保定-0270,115.382182,38.766625,保定市,laptop,Wifi,baoding_man1,4.019497690074124
保定-0271,115.528653,38.934133,保定市,PC,Wifi,baoding_man1,1.1231527645398374
保定-0272,115.450412,38.876702,保定市,PC,Ethernet,baoding_man1,1.000674811783532
保定-0273,115.507309,38.829324,保定市,传感器,Cellular,baoding_man1,1.8869051010620033
保定-0274,115.54332,38.713363,保定市,PC,Ethernet,baoding_man1,1.6541787486070954
保定-0275,115.599501,38.827376,保定市,传感器,Cellular,baoding_man1,2.9084337905529813
保定-0276,115.641475,38.988827,保定市,PC,Ethernet,baoding_man2,1.617159069445048
保定-0277,115.466694,38.895373,保定市,laptop,Cellular,baoding_man1,7.199891801025344
保定-0278,115.459376,38.8701,保定市,laptop,Ethernet,baoding_man1,1.4101984902419775
保定-0279,115.457442,38.868728,保定市,PC,Cellular,baoding_man1,5.722381997962577
保定-0280,115.540296,38.852701,保定市,PC,Wifi,baoding_man1,4.889233720126329
保定-0281,115.779893,38.816164,保定市,传感器,Wifi,cangzhou_man2,3.682444908857669
保定-0282,115.31215,39.178207,保定市,手机,Ethernet,baoding_man2,1.5235769471608092
保定-0283,115.429447,38.87692,保定市,手机,Ethernet,baoding_man1,1.294291346204242
保定-0284,115.437714,38.873096,保定市,传感器,Cellular,baoding_man1,2.703270716663888
保定-0285,115.536648,38.58053,保定市,PC,Ethernet,baoding_man1,1.636606153763361
保定-0286,115.424323,39.05418,保定市,传感器,Wifi,baoding_man2,4.656984696053816
保定-0287,115.459986,38.870006,保定市,laptop,Wifi,baoding_man1,4.0562781945305915
保定-0288,115.470896,38.851946,保定市,laptop,Cellular,baoding_man1,2.4720523994696815
保定-0289,115.456897,38.876575,保定市,PC,Wifi,baoding_man1,2.752720233574565
保定-0290,115.455601,38.876049,保定市,传感器,Ethernet,baoding_man1,1.773675620008128
保定-0291,115.461794,38.881189,保定市,PC,Wifi,baoding_man1,4.512374294204609
保定-0292,115.377761,38.884589,保定市,laptop,Wifi,baoding_man1,2.6647489493855394
保定-0293,115.452792,38.866549,保定市,传感器,Cellular,baoding_man1,6.721558564037759
保定-0294,115.607457,39.079263,保定市,PC,Wifi,baoding_man2,1.6158542583599829
保定-0295,115.460704,38.870286,保定市,laptop,Wifi,baoding_man1,4.293115529191822
保定-0296,115.200604,39.222681,保定市,手机,Wifi,baoding_man1,3.0632808891562124
保定-0297,115.01832,39.038908,保定市,手机,Ethernet,baoding_man1,1.6095310864957315
保定-0298,115.451845,38.880597,保定市,laptop,Wifi,baoding_man1,2.5476584771362325
保定-0299,115.459997,38.870006,保定市,laptop,Wifi,baoding_man1,2.055487479678992
保定-0300,115.837116,38.930002,保定市,laptop,Wifi,baoding_man2,2.0460709121999328
保定-0301,115.154174,39.125685,保定市,传感器,Wifi,baoding_man1,4.850678320617243
保定-0302,115.454044,38.864982,保定市,手机,Ethernet,baoding_man1,1.8526786415593908
保定-0303,115.592124,39.009022,保定市,PC,Cellular,baoding_man2,5.215791081105555
保定-0304,115.472394,38.853443,保定市,传感器,Cellular,baoding_man1,2.6823113563249223
保定-0305,115.443589,38.733531,保定市,手机,Wifi,baoding_man1,2.7146960114484866
保定-0306,115.423857,38.852126,保定市,PC,Wifi,baoding_man1,2.3473198044206227
保定-0307,115.494013,38.836277,保定市,PC,Cellular,baoding_man1,2.1618648147201522
保定-0308,115.465841,38.876402,保定市,手机,Wifi,baoding_man1,4.972840173191926
保定-0309,115.459893,38.870005,保定市,PC,Ethernet,baoding_man1,1.8204316636623745
保定-0310,115.450263,38.885706,保定市,手机,Cellular,baoding_man1,1.1840196483400782
保定-0311,115.361654,38.994266,保定市,手机,Cellular,baoding_man1,1.8866902269042265
保定-0312,115.442044,38.804824,保定市,laptop,Cellular,baoding_man1,5.3448328987521645
保定-0313,115.217479,38.585033,保定市,laptop,Ethernet,baoding_man1,1.459311615224998
保定-0314,114.922483,38.902982,保定市,PC,Cellular,baoding_man1,2.8707798758080734
保定-0315,115.440381,38.870857,保定市,手机,Ethernet,baoding_man1,1.5678875165967971
保定-0316,115.459924,38.869946,保定市,laptop,Ethernet,baoding_man1,1.650994009445621
保定-0317,115.459968,38.871359,保定市,传感器,Ethernet,baoding_man1,1.3216465120756018
保定-0318,115.573113,38.905071,保定市,laptop,Ethernet,baoding_man2,1.8303407657742934
保定-0319,115.44985,38.846145,保定市,laptop,Ethernet,baoding_man1,1.6812178081631979
保定-0320,115.478496,38.814949,保定市,PC,Wifi,baoding_man1,4.3771610301892405
保定-0321,115.460196,38.86967,保定市,PC,Wifi,baoding_man1,1.65340358879878
保定-0322,115.461669,38.864835,保定市,手机,Cellular,baoding_man1,6.237946101537244
保定-0323,115.468848,38.862687,保定市,传感器,Ethernet,baoding_man1,1.0851847657022056
保定-0324,115.462664,38.875135,保定市,手机,Wifi,baoding_man1,1.9839676360841145
保定-0325,115.473884,38.85156,保定市,手机,Ethernet,baoding_man1,1.5469597083293014
保定-0326,115.572784,38.91081,保定市,PC,Ethernet,baoding_man2,1.2094592016309451
保定-0327,115.461746,38.868946,保定市,手机,Cellular,baoding_man1,6.93686385501667
保定-0328,115.457798,38.868404,保定市,传感器,Cellular,baoding_man1,7.327856192436405
保定-0329,115.339531,38.899277,保定市,laptop,Ethernet,baoding_man1,1.4329824380630756
保定-0330,115.457449,38.874458,保定市,传感器,Wifi,baoding_man1,3.3642276147426795
保定-0331,115.417027,38.854402,保定市,手机,Ethernet,baoding_man1,1.7059106300189026
保定-0332,115.396306,38.942559,保定市,传感器,Ethernet,baoding_man1,1.7521427365544138
保定-0333,115.464423,38.869778,保定市,手机,Cellular,baoding_man1,2.2384231056684882
保定-0334,115.526197,38.838356,保定市,PC,Wifi,baoding_man1,3.3018797007753937
保定-0335,115.460321,38.875758,保定市,PC,Cellular,baoding_man1,3.701860476826525
保定-0336,115.465623,38.883144,保定市,手机,Wifi,baoding_man1,4.4621825855192965
保定-0337,115.165496,38.643668,保定市,laptop,Wifi,baoding_man1,3.3384060134775457
保定-0338,115.466848,38.864542,保定市,传感器,Wifi,baoding_man1,1.6693281874182802
保定-0339,115.46,38.870001,保定市,PC,Ethernet,baoding_man1,1.34295559655399
保定-0340,115.451145,38.870183,保定市,PC,Cellular,baoding_man1,6.788983652240388
保定-0341,115.460946,38.868535,保定市,laptop,Wifi,baoding_man1,2.2615513968742613
保定-0342,115.464595,38.85982,保定市,手机,Wifi,baoding_man1,4.500054628183875
保定-0343,115.453556,38.888477,保定市,传感器,Cellular,baoding_man1,3.2123435436276915
保定-0344,115.517221,39.22823,保定市,laptop,Ethernet,baoding_man2,1.2233445409728094
保定-0345,115.459346,38.87234,保定市,手机,Cellular,baoding_man1,1.8232731338727153
保定-0346,115.500099,38.858621,保定市,laptop,Wifi,baoding_man1,2.6651607765120207
保定-0347,115.208368,38.851686,保定市,手机,Wifi,baoding_man1,3.0907265650742306
保定-0348,115.632851,38.838849,保定市,laptop,Cellular,baoding_man1,4.420703026557852
保定-0349,115.47258,38.871814,保定市,传感器,Wifi,baoding_man1,1.9307734647895916
保定-0350,115.851067,38.838766,保定市,PC,Ethernet,cangzhou_man2,1.8172926003884213
保定-0351,115.391045,38.884028,保定市,手机,Wifi,baoding_man1,1.9666201870081816
保定-0352,115.47578,38.873325,保定市,手机,Ethernet,baoding_man1,1.0203790971516424
保定-0353,115.460444,38.87017,保定市,传感器,Ethernet,baoding_man1,1.6745750119867977
保定-0354,115.428976,38.893146,保定市,laptop,Ethernet,baoding_man1,1.0273144606079003
保定-0355,115.535422,38.945865,保定市,传感器,Wifi,baoding_man2,3.7537948601696525
保定-0356,115.413153,38.77627,保定市,PC,Cellular,baoding_man1,4.7486247273428885
保定-0357,115.462995,38.885322,保定市,laptop,Cellular,baoding_man1,3.7558597886854823
保定-0358,115.452439,38.67244,保定市,PC,Cellular,baoding_man1,4.723102323262289
保定-0359,115.050025,38.873647,保定市,传感器,Cellular,baoding_man1,3.1240082709279893
保定-0360,115.455855,38.903529,保定市,PC,Ethernet,baoding_man1,1.8862378758989116
保定-0361,115.482989,38.872668,保定市,手机,Wifi,baoding_man1,4.92902226488758
保定-0362,115.443435,38.908951,保定市,PC,Ethernet,baoding_man1,1.1409445925685127
保定-0363,115.599928,38.799913,保定市,手机,Ethernet,baoding_man1,1.6718005362892143
保定-0364,115.461489,38.869248,保定市,手机,Cellular,baoding_man1,3.2188759083214284
保定-0365,115.706487,38.677748,保定市,PC,Ethernet,cangzhou_man2,1.4165869499725834
保定-0366,115.780731,38.830205,保定市,传感器,Wifi,cangzhou_man2,2.9188990244174677
保定-0367,115.460004,38.870007,保定市,传感器,Cellular,baoding_man1,2.9039083767123772
保定-0368,115.46,38.870001,保定市,laptop,Wifi,baoding_man1,2.679553971903075
保定-0369,115.462022,38.83884,保定市,PC,Cellular,baoding_man1,6.955292475676021
保定-0370,115.475181,38.966205,保定市,手机,Cellular,baoding_man1,5.159670685295249
保定-0371,115.119808,39.031961,保定市,手机,Wifi,baoding_man1,3.5757635980350595
保定-0372,115.516579,38.887696,保定市,手机,Ethernet,baoding_man1,1.1539042712327867
保定-0373,115.459929,38.869987,保定市,PC,Wifi,baoding_man1,4.289143163344393
保定-0374,115.491178,38.858511,保定市,laptop,Cellular,baoding_man1,5.306760409212599
保定-0375,115.419356,38.9598,保定市,laptop,Ethernet,baoding_man1,1.3216992445380291
保定-0376,115.460004,38.869982,保定市,手机,Ethernet,baoding_man1,1.3856141098825352
保定-0377,115.461114,38.86759,保定市,手机,Ethernet,baoding_man1,1.085603652729512
保定-0378,115.896286,38.796842,保定市,PC,Ethernet,cangzhou_man2,1.3456251702122584
保定-0379,115.468999,38.928103,保定市,laptop,Ethernet,baoding_man1,1.7119936930850232
保定-0380,115.28391,38.823375,保定市,PC,Ethernet,baoding_man1,1.8538355689993053
保定-0381,115.460851,38.87203,保定市,laptop,Cellular,baoding_man1,7.862465332048634
保定-0382,115.788496,38.640505,保定市,PC,Cellular,cangzhou_man2,1.1924598376017583
保定-0383,115.460017,38.870007,保定市,传感器,Cellular,baoding_man1,7.310217611661869
保定-0384,115.096724,38.895117,保定市,传感器,Wifi,baoding_man1,4.989016730232082
保定-0385,115.461833,38.874048,保定市,laptop,Cellular,baoding_man1,6.258747716256219
保定-0386,115.085489,38.835685,保定市,传感器,Cellular,baoding_man1,7.570880094030544
保定-0387,115.45827,38.868461,保定市,laptop,Ethernet,baoding_man1,1.999914021972998
保定-0388,115.492179,39.066661,保定市,传感器,Cellular,baoding_man2,2.3622152010094313
保定-0389,115.454985,38.87063,保定市,传感器,Wifi,baoding_man1,2.8243384429115834
保定-0390,115.453321,38.799927,保定市,传感器,Ethernet,baoding_man1,1.8308693603018396
保定-0391,115.46,38.870007,保定市,PC,Ethernet,baoding_man1,1.3187339808900982
保定-0392,115.468141,38.877949,保定市,laptop,Cellular,baoding_man1,3.820245868631293
保定-0393,115.426416,39.055712,保定市,手机,Wifi,baoding_man2,4.604901364860648
保定-0394,115.449896,38.877986,保定市,laptop,Ethernet,baoding_man1,1.2809289057012037
保定-0395,115.335662,38.918532,保定市,传感器,Ethernet,baoding_man1,1.013176469551824
保定-0396,115.467452,38.897513,保定市,手机,Wifi,baoding_man1,2.6429393915714443
保定-0397,115.268992,38.658828,保定市,传感器,Wifi,baoding_man1,2.6851874396735624
保定-0398,115.409146,38.847527,保定市,laptop,Ethernet,baoding_man1,1.1303273830866634
保定-0399,115.466997,38.868299,保定市,laptop,Cellular,baoding_man1,6.012825419942378
保定-0400,115.429837,39.010815,保定市,laptop,Ethernet,baoding_man1,1.5845505232113317
保定-0401,115.222081,38.765943,保定市,laptop,Cellular,baoding_man1,4.120403642757294
保定-0402,115.467633,38.877203,保定市,PC,Wifi,baoding_man1,4.423884650478959
保定-0403,115.693031,38.751227,保定市,laptop,Cellular,cangzhou_man2,4.163910336804931
保定-0404,115.505389,38.835645,保定市,laptop,Wifi,baoding_man1,2.198797431115159
保定-0405,115.624104,38.801859,保定市,传感器,Wifi,baoding_man1,4.676471363140697
保定-0406,115.554077,38.79255,保定市,PC,Ethernet,baoding_man1,1.3968461797493603
保定-0407,115.438336,38.845765,保定市,传感器,Ethernet,baoding_man1,1.766788403794985
保定-0408,115.455659,38.871263,保定市,手机,Wifi,baoding_man1,4.022663731341247
保定-0409,115.462826,38.863866,保定市,laptop,Wifi,baoding_man1,2.708230837366708
保定-0410,115.457907,38.871366,保定市,laptop,Cellular,baoding_man1,7.077024640193747
保定-0411,115.459797,38.870082,保定市,laptop,Wifi,baoding_man1,1.594189068202744
保定-0412,115.570096,38.658041,保定市,PC,Wifi,baoding_man1,2.401538915711324
保定-0413,115.46,38.87,保定市,手机,Wifi,baoding_man1,3.134028017205731
保定-0414,115.520809,38.614825,保定市,laptop,Ethernet,baoding_man1,1.1966997315577315
保定-0415,115.230633,39.226388,保定市,PC,Cellular,baoding_man2,3.1540308554754857
保定-0416,115.46,38.87,保定市,PC,Cellular,baoding_man1,4.830230497335284
保定-0417,115.468293,38.884596,保定市,传感器,Ethernet,baoding_man1,1.222514543071779
保定-0418,115.460312,38.870593,保定市,手机,Wifi,baoding_man1,1.5686035488626735
保定-0419,115.251173,38.480031,保定市,PC,Wifi,baoding_man1,2.3796808092989052
保定-0420,115.459861,38.869986,保定市,手机,Ethernet,baoding_man1,1.8160251960396132
保定-0421,115.34006,38.941349,保定市,laptop,Cellular,baoding_man1,4.14493525326078
保定-0422,115.260756,38.875992,保定市,laptop,Ethernet,baoding_man1,1.304938194041235
保定-0423,115.463044,38.870531,保定市,手机,Wifi,baoding_man1,1.6933870019075603
保定-0424,115.278,38.894365,保定市,PC,Ethernet,baoding_man1,1.066753463557589
保定-0425,115.139897,38.626633,保定市,PC,Ethernet,baoding_man1,1.819710114775801
保定-0426,115.463092,38.868089,保定市,PC,Ethernet,baoding_man1,1.3119744171048384
保定-0427,115.441867,38.760435,保定市,PC,Ethernet,baoding_man1,1.0796948299262925
保定-0428,115.457844,38.869443,保定市,传感器,Cellular,baoding_man1,2.822709368969479
保定-0429,115.460756,38.870364,保定市,PC,Cellular,baoding_man1,1.6154634046130534
保定-0430,115.447561,38.87921,保定市,传感器,Ethernet,baoding_man1,1.140698336289204
保定-0431,115.542775,38.88248,保定市,传感器,Cellular,baoding_man1,3.218105271041197
保定-0432,115.834578,38.566238,保定市,PC,Ethernet,cangzhou_man2,1.6936416839237896
保定-0433,115.314653,39.100313,保定市,laptop,Wifi,baoding_man1,2.721712870942635
保定-0434,115.45418,38.872504,保定市,传感器,Ethernet,baoding_man1,1.8796853756454768
保定-0435,115.11042,39.140223,保定市,laptop,Wifi,baoding_man1,2.933502887506579
保定-0436,115.463148,38.878441,保定市,手机,Ethernet,baoding_man1,1.6864241464022596
保定-0437,115.43808,39.050972,保定市,PC,Cellular,baoding_man2,2.543126114145036
保定-0438,115.46,38.87,保定市,PC,Wifi,baoding_man1,2.7078487314819073
保定-0439,115.620346,39.142736,保定市,PC,Cellular,baoding_man2,7.069377114050706
保定-0440,115.631723,38.918651,保定市,手机,Cellular,baoding_man2,1.0222017352423902
保定-0441,115.45994,38.881733,保定市,PC,Cellular,baoding_man1,2.151275427256002
保定-0442,115.526446,38.833825,保定市,传感器,Cellular,baoding_man1,4.100434374824597
保定-0443,115.469431,38.897452,保定市,传感器,Ethernet,baoding_man1,1.0094620308916997
保定-0444,115.459935,38.874445,保定市,手机,Ethernet,baoding_man1,1.8260121934984628
保定-0445,115.982029,38.733124,保定市,PC,Wifi,cangzhou_man2,1.0453274996804462
保定-0446,115.459972,38.870008,保定市,laptop,Ethernet,baoding_man1,1.6236370218711127
保定-0447,115.425453,38.918892,保定市,传感器,Ethernet,baoding_man1,1.8374747245093659
保定-0448,115.445016,38.864236,保定市,laptop,Ethernet,baoding_man1,1.2006446306317797
保定-0449,115.467869,38.876697,保定市,传感器,Ethernet,baoding_man1,1.8099644068854939
保定-0450,115.383858,38.833211,保定市,手机,Ethernet,baoding_man1,1.106803002590767
保定-0451,115.448245,38.870548,保定市,手机,Ethernet,baoding_man1,1.2246930872009472
保定-0452,115.459972,38.869982,保定市,手机,Cellular,baoding_man1,6.311703830130476
保定-0453,115.521549,38.897481,保定市,laptop,Cellular,baoding_man1,6.405502326654848
保定-0454,115.418811,38.855565,保定市,手机,Wifi,baoding_man1,2.752230142881034
保定-0455,115.005155,39.104442,保定市,laptop,Ethernet,baoding_man1,1.5792158096400692
保定-0456,115.466557,38.863104,保定市,传感器,Ethernet,baoding_man1,1.9792022884814031
保定-0457,114.928176,38.821981,保定市,laptop,Ethernet,baoding_man1,1.691314944125111
保定-0458,115.458933,38.867736,保定市,传感器,Ethernet,baoding_man1,1.2000166139058095
保定-0459,115.389587,38.767015,保定市,laptop,Wifi,baoding_man1,4.371058129237036
保定-0460,115.752725,38.798533,保定市,传感器,Cellular,cangzhou_man2,4.834566359224771
保定-0461,115.467448,38.85481,保定市,传感器,Wifi,baoding_man1,2.2007131376900255
保定-0462,115.459475,38.869601,保定市,PC,Wifi,baoding_man1,1.5706529281807953
保定-0463,115.605956,38.705923,保定市,PC,Ethernet,cangzhou_man2,1.0959559313056029
保定-0464,115.401706,38.566135,保定市,传感器,Cellular,baoding_man1,5.417300250861029
保定-0465,115.082855,38.868963,保定市,laptop,Cellular,baoding_man1,7.89625487676388
保定-0466,115.467731,38.886066,保定市,手机,Ethernet,baoding_man1,1.4005208684857697
保定-0467,115.267807,38.921921,保定市,PC,Cellular,baoding_man1,1.3872402786303222
保定-0468,115.536835,38.900001,保定市,laptop,Ethernet,baoding_man1,1.924052015573806
保定-0469,115.460792,38.86981,保定市,传感器,Cellular,baoding_man1,4.399617633449047
保定-0470,115.173957,38.90885,保定市,传感器,Wifi,baoding_man1,1.4536526651962403
保定-0471,115.361834,39.145687,保定市,PC,Ethernet,baoding_man2,1.0351931143218187
保定-0472,115.45882,38.866258,保定市,传感器,Cellular,baoding_man1,7.240288380844265
保定-0473,115.330768,39.139053,保定市,手机,Wifi,baoding_man2,3.1139959175632734
保定-0474,115.468426,38.872725,保定市,PC,Ethernet,baoding_man1,1.1310343666681235
保定-0475,115.458691,38.867838,保定市,手机,Cellular,baoding_man1,2.7924894295329237
保定-0476,115.262196,38.544421,保定市,手机,Wifi,baoding_man1,3.970300279989938
保定-0477,115.460013,38.869999,保定市,手机,Ethernet,baoding_man1,1.7285326858921657
保定-0478,115.058254,38.627157,保定市,手机,Wifi,baoding_man1,4.101554816276198
保定-0479,115.313795,38.699393,保定市,传感器,Wifi,baoding_man1,4.620777344694764
保定-0480,115.442994,38.876758,保定市,laptop,Cellular,baoding_man1,6.834585969545249
保定-0481,115.478688,38.848588,保定市,传感器,Cellular,baoding_man1,2.340590495444697
保定-0482,115.358972,38.910991,保定市,传感器,Cellular,baoding_man1,5.160919504930089
保定-0483,115.564747,38.855128,保定市,手机,Cellular,baoding_man1,4.40117149362913
保定-0484,115.381301,38.910698,保定市,手机,Wifi,baoding_man1,4.30614188233681
保定-0485,115.608521,38.840652,保定市,手机,Ethernet,baoding_man1,1.33394475766992
保定-0486,115.475296,38.817224,保定市,手机,Cellular,baoding_man1,1.2282590679068055
保定-0487,115.460005,38.87,保定市,laptop,Cellular,baoding_man1,5.600499346132237
保定-0488,115.459972,38.870014,保定市,传感器,Ethernet,baoding_man1,1.6628350114614339
保定-0489,115.488714,38.893492,保定市,laptop,Ethernet,baoding_man1,1.9548102253481696
保定-0490,115.507283,38.897117,保定市,laptop,Ethernet,baoding_man1,1.8708136476311399
保定-0491,115.643244,38.625162,保定市,手机,Ethernet,cangzhou_man2,1.944592187844417
保定-0492,115.510275,38.884882,保定市,PC,Wifi,baoding_man1,1.8936400630318673
保定-0493,115.682651,38.752441,保定市,传感器,Ethernet,cangzhou_man2,1.3939993053915445
保定-0494,115.46,38.87,保定市,laptop,Wifi,baoding_man1,1.5086900239567624
保定-0495,115.459574,38.868562,保定市,传感器,Cellular,baoding_man1,5.931200679775729
保定-0496,115.460017,38.870228,保定市,laptop,Ethernet,baoding_man1,1.5658784895202715
保定-0497,115.521979,39.117836,保定市,手机,Cellular,baoding_man2,2.880129342643612
保定-0498,115.446969,38.858129,保定市,传感器,Wifi,baoding_man1,2.7617693596745228
保定-0499,115.637016,38.631993,保定市,手机,Cellular,cangzhou_man2,2.7062509142736344
保定-0500,115.21223,38.855929,保定市,PC,Cellular,baoding_man1,1.9397837293443323
保定-0501,115.599098,38.979288,保定市,PC,Wifi,baoding_man2,4.897796238666148
保定-0502,115.459161,38.86682,保定市,PC,Cellular,baoding_man1,6.904654592407043
保定-0503,115.618971,38.869053,保定市,PC,Wifi,baoding_man2,1.4400349446056162
保定-0504,115.450069,38.853368,保定市,传感器,Ethernet,baoding_man1,1.8755872702526717
保定-0505,115.460028,38.869971,保定市,手机,Wifi,baoding_man1,3.055549551336616
保定-0506,115.893711,38.707034,保定市,手机,Wifi,cangzhou_man2,4.307784354366176
保定-0507,115.383181,38.812716,保定市,手机,Wifi,baoding_man1,3.27676606732233
保定-0508,115.59507,39.111985,保定市,手机,Cellular,baoding_man2,3.446463567621099
保定-0509,115.450377,38.873085,保定市,PC,Ethernet,baoding_man1,1.7763066371819662
保定-0510,115.477383,38.867496,保定市,PC,Ethernet,baoding_man1,1.5569218384999202
保定-0511,115.567793,38.785376,保定市,传感器,Ethernet,baoding_man1,1.8645357352744534
保定-0512,115.457,38.868423,保定市,手机,Wifi,baoding_man1,1.6876832760194103
保定-0513,115.452842,38.87003,保定市,laptop,Ethernet,baoding_man1,1.9339158548562994
保定-0514,115.459012,38.868908,保定市,PC,Cellular,baoding_man1,2.727319865056399
保定-0515,115.454266,38.867584,保定市,传感器,Wifi,baoding_man1,1.2790785955980417
保定-0516,115.460105,38.868048,保定市,laptop,Wifi,baoding_man1,4.716080234905068
保定-0517,115.529516,38.862195,保定市,PC,Cellular,baoding_man1,1.1792934740958816
保定-0518,115.478888,38.859603,保定市,laptop,Ethernet,baoding_man1,1.8380322232609434
保定-0519,115.462386,38.868292,保定市,传感器,Ethernet,baoding_man1,1.6235060100506817
保定-0520,115.852898,38.739948,保定市,手机,Cellular,cangzhou_man2,5.689332396184589
保定-0521,115.460035,38.869939,保定市,手机,Wifi,baoding_man1,1.9357401943494308
保定-0522,115.452037,38.916527,保定市,PC,Wifi,baoding_man1,4.298027044430363
保定-0523,115.544039,39.046082,保定市,PC,Cellular,baoding_man2,5.875230278921939
衡水-0001,115.674278,37.726712,衡水市,传感器,Ethernet,hengshui_man1,1.7010047224840952
衡水-0002,115.754403,37.79754,衡水市,PC,Cellular,hengshui_man2,5.740874348161221
衡水-0003,115.677756,37.721788,衡水市,手机,Ethernet,hengshui_man1,1.7027578626487894
衡水-0004,115.871497,37.743819,衡水市,PC,Wifi,hengshui_man1,4.383886246080217
衡水-0005,115.618003,37.615453,衡水市,传感器,Wifi,hengshui_man1,4.820825840834667
衡水-0006,115.701776,37.721727,衡水市,PC,Wifi,hengshui_man1,3.7593611174536843
衡水-0007,115.657109,37.621753,衡水市,传感器,Ethernet,hengshui_man1,1.011159926806365
衡水-0008,115.811939,37.937396,衡水市,手机,Cellular,hengshui_man2,6.1952736765728735
衡水-0009,115.704863,37.723023,衡水市,laptop,Ethernet,hengshui_man1,1.3148577234144627
衡水-0010,115.640428,37.754828,衡水市,laptop,Ethernet,hengshui_man1,1.1327297891014965
衡水-0011,115.63572,37.724341,衡水市,手机,Wifi,hengshui_man1,4.0134227779680405
衡水-0012,115.659654,37.981668,衡水市,PC,Cellular,hengshui_man2,7.072909092616595
衡水-0013,115.673193,37.741164,衡水市,手机,Cellular,hengshui_man1,3.508191562619949
衡水-0014,115.369798,37.696874,衡水市,laptop,Ethernet,hengshui_man1,1.8063492106569579
衡水-0015,115.756211,37.669965,衡水市,传感器,Ethernet,hengshui_man1,1.4520920677007525
衡水-0016,115.650024,37.801878,衡水市,laptop,Ethernet,hengshui_man2,1.4765903862087109
衡水-0017,115.674946,37.731012,衡水市,PC,Cellular,hengshui_man1,6.693396194740663
衡水-0018,115.773448,37.70348,衡水市,手机,Cellular,hengshui_man1,4.2242992023534
衡水-0019,115.7904,37.871425,衡水市,laptop,Cellular,hengshui_man2,4.833135236730362
衡水-0020,115.66998,37.739994,衡水市,PC,Wifi,hengshui_man1,3.722217034428798
衡水-0021,115.67,37.74,衡水市,传感器,Cellular,hengshui_man1,3.4957442622197483
衡水-0022,115.850625,37.551445,衡水市,传感器,Cellular,hengshui_man1,4.171291579736148
衡水-0023,115.795217,37.616753,衡水市,手机,Wifi,hengshui_man1,3.009207194759663
衡水-0024,115.694175,37.725693,衡水市,传感器,Cellular,hengshui_man1,7.919549140159711
衡水-0025,115.669057,37.72138,衡水市,PC,Cellular,hengshui_man1,5.83768617354922
衡水-0026,115.797366,37.59669,衡水市,传感器,Wifi,hengshui_man1,1.2402119751862108
衡水-0027,115.717883,37.68151,衡水市,laptop,Wifi,hengshui_man1,3.183744027381247
衡水-0028,115.603318,37.676313,衡水市,PC,Ethernet,hengshui_man1,1.8939818804177424
衡水-0029,115.769234,37.858569,衡水市,laptop,Cellular,hengshui_man2,6.167868627266752
衡水-0030,115.768965,37.887014,衡水市,手机,Wifi,hengshui_man2,4.984882419891306
衡水-0031,115.587287,37.92197,衡水市,laptop,Cellular,hengshui_man2,6.277784386188623
衡水-0032,115.830046,37.609977,衡水市,PC,Cellular,hengshui_man1,3.8586327541890855
衡水-0033,115.687339,37.739055,衡水市,手机,Wifi,hengshui_man1,2.3177083579507736
衡水-0034,115.67712,37.736325,衡水市,laptop,Cellular,hengshui_man1,7.825649630287166
衡水-0035,115.669999,37.74,衡水市,laptop,Cellular,hengshui_man1,4.4974532458993925
衡水-0036,115.670004,37.785235,衡水市,laptop,Wifi,hengshui_man2,1.199640888234641
衡水-0037,115.691281,37.729023,衡水市,PC,Cellular,hengshui_man1,1.3873412054137284
衡水-0038,115.764715,37.746354,衡水市,传感器,Cellular,hengshui_man1,2.195842235942219
衡水-0039,115.665752,37.772989,衡水市,手机,Ethernet,hengshui_man1,1.4654173241589172
衡水-0040,115.668019,37.690024,衡水市,传感器,Wifi,hengshui_man1,1.0367277022168344
衡水-0041,115.664826,37.741076,衡水市,手机,Ethernet,hengshui_man1,1.6153856921860088
衡水-0042,115.67001,37.739974,衡水市,手机,Wifi,hengshui_man1,2.938683093341219
衡水-0043,115.63932,37.785674,衡水市,传感器,Cellular,hengshui_man2,3.347910114402557
衡水-0044,115.670069,37.739784,衡水市,PC,Cellular,hengshui_man1,3.476943096742983
衡水-0045,115.729719,37.598928,衡水市,传感器,Ethernet,hengshui_man1,1.1440478534307357
衡水-0046,115.678575,37.749227,衡水市,laptop,Wifi,hengshui_man1,4.8372919014743285
衡水-0047,115.708017,37.741964,衡水市,laptop,Wifi,hengshui_man1,1.0918763521358232
衡水-0048,115.702429,37.72627,衡水市,手机,Ethernet,hengshui_man1,1.7179450981706434
衡水-0049,115.67002,37.755096,衡水市,PC,Ethernet,hengshui_man1,1.9448305817330893
衡水-0050,115.651392,37.734636,衡水市,PC,Wifi,hengshui_man1,4.182078296519215
衡水-0051,115.61726,37.754752,衡水市,传感器,Cellular,hengshui_man1,1.5776587807740285
衡水-0052,115.640266,37.622858,衡水市,laptop,Ethernet,hengshui_man1,1.518439504716212
衡水-0053,115.669916,37.740056,衡水市,PC,Wifi,hengshui_man1,2.588393669820056
衡水-0054,115.662231,37.737138,衡水市,laptop,Wifi,hengshui_man1,3.1694693595923886
衡水-0055,115.977981,37.812876,衡水市,laptop,Cellular,hengshui_man2,6.059327272506506
衡水-0056,115.672259,37.751759,衡水市,传感器,Cellular,hengshui_man1,6.462763826440766
衡水-0057,115.567966,37.754199,衡水市,laptop,Ethernet,hengshui_man1,1.0067295660215878
衡水-0058,115.667041,37.734517,衡水市,laptop,Cellular,hengshui_man1,1.0292025843188886
衡水-0059,115.796818,37.791846,衡水市,PC,Wifi,hengshui_man2,1.617202307759539
衡水-0060,115.831921,37.757801,衡水市,传感器,Ethernet,hengshui_man1,1.026121295850996
衡水-0061,115.754493,37.683917,衡水市,PC,Cellular,hengshui_man1,7.85345396504026
衡水-0062,115.639683,37.77877,衡水市,手机,Cellular,hengshui_man2,4.8624842547459615
衡水-0063,115.675729,37.743979,衡水市,laptop,Cellular,hengshui_man1,6.57435557126638
衡水-0064,115.67092,37.738343,衡水市,laptop,Wifi,hengshui_man1,3.5695136100573146
衡水-0065,115.670583,37.749869,衡水市,传感器,Cellular,hengshui_man1,1.2461247841866507
衡水-0066,115.605029,37.726834,衡水市,PC,Wifi,hengshui_man1,4.608118109036136
衡水-0067,115.570443,37.582391,衡水市,PC,Ethernet,hengshui_man1,1.2679342390842392
衡水-0068,115.670557,37.740815,衡水市,laptop,Cellular,hengshui_man1,6.238141911417109
衡水-0069,115.668975,37.736494,衡水市,传感器,Wifi,hengshui_man1,2.425567515345953
衡水-0070,115.67,37.74,衡水市,传感器,Ethernet,hengshui_man1,1.5830565379993162
衡水-0071,115.670031,37.739956,衡水市,手机,Cellular,hengshui_man1,2.4038704007871714
衡水-0072,115.670603,37.738037,衡水市,传感器,Ethernet,hengshui_man1,1.3681696478564738
衡水-0073,115.609549,37.689023,衡水市,laptop,Cellular,hengshui_man1,7.941789428724775
衡水-0074,115.934611,37.626776,衡水市,手机,Wifi,hengshui_man1,1.9887135416055028
衡水-0075,115.67262,37.739188,衡水市,传感器,Wifi,hengshui_man1,3.1637292833961546
衡水-0076,115.656264,37.732071,衡水市,手机,Ethernet,hengshui_man1,1.5120048760661193
衡水-0077,115.557567,37.537137,衡水市,PC,Wifi,hengshui_man1,4.749411933428236
衡水-0078,115.66619,37.807234,衡水市,laptop,Cellular,hengshui_man2,4.945911285309542
衡水-0079,115.731676,37.545687,衡水市,手机,Wifi,hengshui_man1,3.9130218135053476
衡水-0080,115.72658,37.787636,衡水市,PC,Ethernet,hengshui_man2,1.0749503825791489
衡水-0081,115.6124,37.721739,衡水市,PC,Cellular,hengshui_man1,6.434447333476933
衡水-0082,115.621645,37.725808,衡水市,手机,Wifi,hengshui_man1,4.831978558247241
衡水-0083,115.593089,37.71162,衡水市,手机,Ethernet,hengshui_man1,1.2398980191208615
衡水-0084,115.679773,37.834187,衡水市,传感器,Wifi,hengshui_man2,2.627547530647946
衡水-0085,115.508057,37.845189,衡水市,laptop,Wifi,hengshui_man2,3.372437110186567
衡水-0086,115.674665,37.532647,衡水市,手机,Ethernet,hengshui_man1,1.6120683464350605
衡水-0087,115.669798,37.746169,衡水市,laptop,Ethernet,hengshui_man1,1.932686713785689
衡水-0088,115.682325,37.757948,衡水市,手机,Ethernet,hengshui_man1,1.5761638054519707
衡水-0089,115.670035,37.739985,衡水市,laptop,Ethernet,hengshui_man1,1.4673668519263448
衡水-0090,115.622404,37.779899,衡水市,PC,Wifi,hengshui_man2,1.9558425984775747
衡水-0091,115.642675,37.717912,衡水市,PC,Cellular,hengshui_man1,1.2654446249119076
衡水-0092,115.670402,37.739917,衡水市,手机,Wifi,hengshui_man1,2.922325305741218
衡水-0093,115.662545,37.605223,衡水市,手机,Cellular,hengshui_man1,3.3286982469426105
衡水-0094,115.671595,37.89875,衡水市,手机,Wifi,hengshui_man2,3.2246707453141603
衡水-0095,115.672135,37.738779,衡水市,PC,Wifi,hengshui_man1,3.6392717316177583
衡水-0096,115.676188,37.749191,衡水市,laptop,Wifi,hengshui_man1,2.1868259333969027
衡水-0097,115.676259,37.738189,衡水市,PC,Cellular,hengshui_man1,1.9574660290333963
衡水-0098,115.747804,37.581949,衡水市,手机,Cellular,hengshui_man1,7.437066138632303
衡水-0099,115.672793,37.730632,衡水市,laptop,Wifi,hengshui_man1,2.0993311605499363
衡水-0100,115.644818,37.717578,衡水市,手机,Wifi,hengshui_man1,3.4714908839325793
衡水-0101,115.696999,37.740812,衡水市,传感器,Cellular,hengshui_man1,3.9359261849325775
衡水-0102,115.687025,37.612928,衡水市,laptop,Ethernet,hengshui_man1,1.5065529663104438
衡水-0103,115.629059,37.813631,衡水市,传感器,Cellular,hengshui_man2,3.324252964261248
衡水-0104,115.919376,37.708044,衡水市,PC,Wifi,hengshui_man1,3.717765479316433
衡水-0105,115.70813,37.691463,衡水市,laptop,Cellular,hengshui_man1,4.909894344468274
衡水-0106,115.671723,37.663805,衡水市,laptop,Cellular,hengshui_man1,5.219115365467081
衡水-0107,115.670384,37.740738,衡水市,laptop,Cellular,hengshui_man1,4.132888956738292
衡水-0108,115.679228,37.737071,衡水市,PC,Wifi,hengshui_man1,1.217968942927222
衡水-0109,115.670316,37.740422,衡水市,laptop,Wifi,hengshui_man1,2.878913988621136
衡水-0110,115.673889,37.743352,衡水市,手机,Wifi,hengshui_man1,1.8158435386910758
衡水-0111,115.463498,37.734268,衡水市,手机,Cellular,hengshui_man1,2.7147286834498363
衡水-0112,115.68374,37.763424,衡水市,手机,Cellular,hengshui_man1,1.1152147779319943
衡水-0113,115.677678,37.742074,衡水市,传感器,Cellular,hengshui_man1,4.858751846753703
衡水-0114,115.562531,37.683617,衡水市,laptop,Wifi,hengshui_man1,2.594806796632893
衡水-0115,115.73396,37.770818,衡水市,PC,Cellular,hengshui_man1,5.880916950070234
衡水-0116,115.714657,37.755684,衡水市,手机,Wifi,hengshui_man1,4.114811078450132
衡水-0117,115.669981,37.740055,衡水市,手机,Wifi,hengshui_man1,3.3298220986427585
衡水-0118,115.643189,37.755973,衡水市,PC,Wifi,hengshui_man1,2.4177686262076357
衡水-0119,115.667946,37.849555,衡水市,手机,Ethernet,hengshui_man2,1.9317876517791308
衡水-0120,115.672191,37.753021,衡水市,手机,Cellular,hengshui_man1,3.2475721038001435
衡水-0121,115.688322,37.727757,衡水市,laptop,Ethernet,hengshui_man1,1.5883642126864244
衡水-0122,115.61207,37.701228,衡水市,传感器,Ethernet,hengshui_man1,1.5582715878309925
衡水-0123,115.671619,37.73766,衡水市,PC,Cellular,hengshui_man1,2.46913801885518
衡水-0124,115.703807,37.644798,衡水市,laptop,Wifi,hengshui_man1,1.4007401577003642
衡水-0125,115.609849,37.736745,衡水市,laptop,Cellular,hengshui_man1,2.327289348041946
衡水-0126,115.580592,37.708065,衡水市,传感器,Wifi,hengshui_man1,2.797153342345072
衡水-0127,115.795785,37.884817,衡水市,PC,Wifi,hengshui_man2,2.0407130812824534
衡水-0128,115.670795,37.740286,衡水市,PC,Wifi,hengshui_man1,3.5806459934502803
衡水-0129,115.632257,37.78857,衡水市,传感器,Wifi,hengshui_man2,1.490231790497309
衡水-0130,115.613739,37.755834,衡水市,laptop,Ethernet,hengshui_man1,1.6929912598825374
衡水-0131,115.664534,37.743033,衡水市,传感器,Ethernet,hengshui_man1,1.682063575623364
衡水-0132,115.575982,37.663674,衡水市,手机,Wifi,hengshui_man1,3.575914164288964
衡水-0133,115.573369,37.763449,衡水市,laptop,Ethernet,hengshui_man1,1.031170162417792
衡水-0134,115.669726,37.739222,衡水市,PC,Ethernet,hengshui_man1,1.6058762542879568
衡水-0135,115.624464,37.582784,衡水市,传感器,Cellular,hengshui_man1,5.717183977079963
衡水-0136,115.668643,37.738147,衡水市,laptop,Cellular,hengshui_man1,4.737934521627494
衡水-0137,115.695338,37.60614,衡水市,laptop,Wifi,hengshui_man1,4.117560373061133
衡水-0138,115.809781,37.766025,衡水市,laptop,Cellular,hengshui_man1,1.6765547812093364
衡水-0139,115.665354,37.743668,衡水市,手机,Ethernet,hengshui_man1,1.5807857119595363
衡水-0140,115.671334,37.742252,衡水市,传感器,Wifi,hengshui_man1,1.4166932420463336
衡水-0141,115.669787,37.740189,衡水市,手机,Cellular,hengshui_man1,4.064118296665509
衡水-0142,115.678744,37.74761,衡水市,传感器,Ethernet,hengshui_man1,1.7520360595686149
衡水-0143,115.742833,37.591722,衡水市,PC,Ethernet,hengshui_man1,1.7636432404604327
衡水-0144,115.669887,37.739634,衡水市,laptop,Ethernet,hengshui_man1,1.3535952248385072
衡水-0145,115.636288,37.731152,衡水市,传感器,Cellular,hengshui_man1,1.532962717032583
衡水-0146,115.67,37.74,衡水市,laptop,Wifi,hengshui_man1,2.661017120581396
衡水-0147,115.484041,37.718858,衡水市,手机,Cellular,hengshui_man1,6.229256247965735
衡水-0148,115.668419,37.745117,衡水市,手机,Wifi,hengshui_man1,3.7976329523607837
衡水-0149,115.67,37.74,衡水市,手机,Wifi,hengshui_man1,4.414256846611762
衡水-0150,115.79448,37.840764,衡水市,PC,Wifi,hengshui_man2,1.786535825804954
衡水-0151,115.670212,37.740444,衡水市,PC,Wifi,hengshui_man1,4.19452953139184
衡水-0152,115.668857,37.738441,衡水市,手机,Ethernet,hengshui_man1,1.4485453366448549
衡水-0153,115.695396,37.715757,衡水市,PC,Cellular,hengshui_man1,3.736970609250291
衡水-0154,115.663531,37.736809,衡水市,传感器,Ethernet,hengshui_man1,1.4284180118331564
衡水-0155,115.502001,37.629276,衡水市,laptop,Ethernet,hengshui_man1,1.3035484324846012
衡水-0156,115.670001,37.740001,衡水市,PC,Cellular,hengshui_man1,6.429841021946799
衡水-0157,115.700679,37.714559,衡水市,传感器,Wifi,hengshui_man1,1.0687069566830911
衡水-0158,115.670316,37.737688,衡水市,传感器,Ethernet,hengshui_man1,1.0391100603620007
衡水-0159,115.721571,37.933708,衡水市,手机,Cellular,hengshui_man2,2.1066550918051323
衡水-0160,115.694123,37.734057,衡水市,传感器,Cellular,hengshui_man1,2.9706600355283515
衡水-0161,115.67618,37.753003,衡水市,laptop,Ethernet,hengshui_man1,1.3854894686434582
衡水-0162,115.572314,37.827252,衡水市,手机,Wifi,hengshui_man2,2.7814425760844648
衡水-0163,115.666692,37.731407,衡水市,手机,Wifi,hengshui_man1,4.875218270771146
衡水-0164,115.684998,37.657846,衡水市,PC,Cellular,hengshui_man1,5.968556377531908
衡水-0165,115.678369,37.751044,衡水市,laptop,Wifi,hengshui_man1,4.4961189425293835
衡水-0166,115.67005,37.740024,衡水市,传感器,Wifi,hengshui_man1,2.9660687974216
衡水-0167,115.884688,37.781787,衡水市,传感器,Ethernet,hengshui_man1,1.280543690299052
衡水-0168,115.86271,37.881434,衡水市,laptop,Wifi,hengshui_man2,4.978578169856474
衡水-0169,115.669545,37.739807,衡水市,手机,Wifi,hengshui_man1,2.9981705350024392
衡水-0170,115.674723,37.730332,衡水市,laptop,Wifi,hengshui_man1,3.503993951886007
衡水-0171,115.674515,37.739169,衡水市,PC,Wifi,hengshui_man1,3.966798150830321
衡水-0172,115.641552,37.755262,衡水市,手机,Ethernet,hengshui_man1,1.1661083391371068
衡水-0173,115.802885,37.859989,衡水市,laptop,Wifi,hengshui_man2,3.655263330602756
衡水-0174,115.536605,37.791332,衡水市,手机,Wifi,hengshui_man2,1.3965059846500458
衡水-0175,115.777349,37.850475,衡水市,PC,Ethernet,hengshui_man2,1.4967920784474091
衡水-0176,115.671435,37.696035,衡水市,传感器,Cellular,hengshui_man1,1.3392608714622924
衡水-0177,115.626078,37.707535,衡水市,laptop,Ethernet,hengshui_man1,1.5259995928976902
衡水-0178,115.631043,37.704992,衡水市,PC,Wifi,hengshui_man1,2.1776467543223075
衡水-0179,115.789374,37.704131,衡水市,laptop,Ethernet,hengshui_man1,1.9681424192381172
衡水-0180,115.722074,37.703237,衡水市,laptop,Cellular,hengshui_man1,3.0543178826162434
衡水-0181,115.678684,37.736616,衡水市,手机,Cellular,hengshui_man1,5.022703624670339
衡水-0182,115.682037,37.743378,衡水市,传感器,Ethernet,hengshui_man1,1.7872128530627118
衡水-0183,115.668339,37.815253,衡水市,手机,Cellular,hengshui_man2,5.939270718807663
衡水-0184,115.812051,37.773444,衡水市,传感器,Cellular,hengshui_man1,7.981101804679691
衡水-0185,115.692173,37.745839,衡水市,传感器,Ethernet,hengshui_man1,1.3853525729741318
衡水-0186,115.69154,37.732887,衡水市,PC,Ethernet,hengshui_man1,1.9533231190758071
衡水-0187,115.431808,37.817963,衡水市,传感器,Wifi,hengshui_man2,3.1736608934071953
衡水-0188,115.677047,37.73629,衡水市,手机,Ethernet,hengshui_man1,1.4847753415737577
衡水-0189,115.670002,37.740033,衡水市,PC,Cellular,hengshui_man1,7.765060108791323
衡水-0190,115.635547,37.689336,衡水市,PC,Wifi,hengshui_man1,2.984738608522692
秦皇-0001,119.498758,40.160618,秦皇岛市,laptop,Wifi,qhd_man2,3.5711271539634417
秦皇-0002,119.795327,40.034392,秦皇岛市,laptop,Wifi,qhd_man2,1.319825347864076
秦皇-0003,119.749985,40.009996,秦皇岛市,传感器,Ethernet,qhd_man2,1.223832403274249
秦皇-0004,119.755108,39.941415,秦皇岛市,传感器,Wifi,qhd_man2,1.488067636680317
秦皇-0005,119.749561,40.016501,秦皇岛市,laptop,Wifi,qhd_man2,4.679471374919393
秦皇-0006,119.675102,40.050706,秦皇岛市,PC,Ethernet,qhd_man2,1.3280909318122658
秦皇-0007,119.808176,40.033595,秦皇岛市,传感器,Ethernet,qhd_man2,1.7214676978365515
秦皇-0008,119.978532,40.22067,秦皇岛市,传感器,Ethernet,qhd_man2,1.5259664392020071
秦皇-0009,119.750156,40.009803,秦皇岛市,PC,Ethernet,qhd_man2,1.2902452142710557
秦皇-0010,119.748482,40.009281,秦皇岛市,传感器,Wifi,qhd_man2,2.080915236921063
秦皇-0011,119.82174,40.090407,秦皇岛市,手机,Wifi,qhd_man2,4.302198097179707
秦皇-0012,119.789427,39.981998,秦皇岛市,PC,Cellular,qhd_man2,2.0116587972508366
秦皇-0013,119.634218,39.970313,秦皇岛市,laptop,Ethernet,qhd_man2,1.6390608318824431
秦皇-0014,119.774437,39.998471,秦皇岛市,手机,Ethernet,qhd_man2,1.4480059938893648
秦皇-0015,119.926774,40.125675,秦皇岛市,传感器,Ethernet,qhd_man2,1.1904821942796167
秦皇-0016,119.609942,40.123969,秦皇岛市,传感器,Cellular,qhd_man2,4.422628374008109
秦皇-0017,119.73034,40.009488,秦皇岛市,laptop,Wifi,qhd_man2,1.349947514544354
秦皇-0018,119.6727,40.031088,秦皇岛市,传感器,Ethernet,qhd_man2,1.9484844823348624
秦皇-0019,119.709229,39.995628,秦皇岛市,传感器,Ethernet,qhd_man2,1.891679970275748
秦皇-0020,119.623664,39.801356,秦皇岛市,传感器,Ethernet,qhd_man1,1.9258390378905577
秦皇-0021,119.776787,39.941193,秦皇岛市,传感器,Cellular,qhd_man2,6.625631846426867
秦皇-0022,119.779374,40.001592,秦皇岛市,传感器,Cellular,qhd_man2,7.092915797225254
秦皇-0023,119.784041,40.046913,秦皇岛市,手机,Ethernet,qhd_man2,1.8249987109985295
秦皇-0024,119.639246,40.025492,秦皇岛市,laptop,Wifi,qhd_man2,1.7793703491308404
秦皇-0025,119.38353,40.048095,秦皇岛市,传感器,Ethernet,qhd_man1,1.516778391152254
秦皇-0026,119.720079,40.028364,秦皇岛市,laptop,Ethernet,qhd_man2,1.9041203693539468
秦皇-0027,119.650754,40.172482,秦皇岛市,PC,Ethernet,qhd_man2,1.7278520909786148
秦皇-0028,119.526626,40.215042,秦皇岛市,手机,Ethernet,qhd_man2,1.5304962891258058
秦皇-0029,119.634961,39.912762,秦皇岛市,laptop,Ethernet,qhd_man2,1.8018637716729318
秦皇-0030,119.785596,40.115736,秦皇岛市,传感器,Cellular,qhd_man2,2.68894694497272
秦皇-0031,119.597715,39.977801,秦皇岛市,PC,Wifi,qhd_man2,1.479191365202737
秦皇-0032,119.953846,39.939299,秦皇岛市,传感器,Wifi,qhd_man2,3.1809958360927046
秦皇-0033,119.749943,40.010068,秦皇岛市,手机,Ethernet,qhd_man2,1.5620748191964098
秦皇-0034,119.678448,39.801961,秦皇岛市,laptop,Cellular,qhd_man1,4.0311106194861415
秦皇-0035,119.81279,40.005529,秦皇岛市,手机,Cellular,qhd_man2,3.1052084220256013
秦皇-0036,119.527023,39.797383,秦皇岛市,传感器,Ethernet,qhd_man1,1.4908450806050575
秦皇-0037,119.505759,40.068289,秦皇岛市,laptop,Ethernet,qhd_man2,1.6299197651802315
秦皇-0038,119.523636,40.138838,秦皇岛市,传感器,Ethernet,qhd_man2,1.033479403267386
秦皇-0039,119.760228,40.007123,秦皇岛市,传感器,Cellular,qhd_man2,2.3345685628780695
秦皇-0040,119.750197,40.010152,秦皇岛市,PC,Ethernet,qhd_man2,1.4416775636536983
秦皇-0041,119.761027,40.008952,秦皇岛市,手机,Wifi,qhd_man2,3.7624614972206976
秦皇-0042,119.74838,40.011985,秦皇岛市,手机,Ethernet,qhd_man2,1.1288591445578988
秦皇-0043,119.758786,40.010789,秦皇岛市,laptop,Cellular,qhd_man2,6.67519662326966
秦皇-0044,119.640217,40.012485,秦皇岛市,传感器,Cellular,qhd_man2,3.202037215350094
秦皇-0045,119.751148,40.009512,秦皇岛市,手机,Wifi,qhd_man2,4.925969695712483
秦皇-0046,119.759931,40.001663,秦皇岛市,laptop,Wifi,qhd_man2,4.654191987429431
秦皇-0047,119.924495,39.989355,秦皇岛市,传感器,Ethernet,qhd_man2,1.565037261982496
秦皇-0048,119.746981,40.010254,秦皇岛市,手机,Ethernet,qhd_man2,1.6987318754488028
秦皇-0049,119.47986,40.210147,秦皇岛市,PC,Ethernet,qhd_man2,1.1576709538515086
秦皇-0050,119.75,40.01,秦皇岛市,PC,Ethernet,qhd_man2,1.12205875976121
秦皇-0051,119.878973,39.997132,秦皇岛市,传感器,Wifi,qhd_man2,2.1664968014345383
秦皇-0052,119.728151,40.006062,秦皇岛市,传感器,Wifi,qhd_man2,4.2332515241351
秦皇-0053,119.739273,40.010761,秦皇岛市,传感器,Ethernet,qhd_man2,1.786303307584236
秦皇-0054,119.775932,39.980975,秦皇岛市,PC,Cellular,qhd_man2,7.219628229579663
秦皇-0055,119.752232,40.011124,秦皇岛市,PC,Ethernet,qhd_man2,1.6016436638640061
秦皇-0056,119.684407,40.133403,秦皇岛市,手机,Ethernet,qhd_man2,1.2725730152082422
秦皇-0057,119.683763,39.834771,秦皇岛市,传感器,Ethernet,qhd_man1,1.4532261004075802
秦皇-0058,119.516114,39.89077,秦皇岛市,PC,Ethernet,qhd_man1,1.3357511416053423
秦皇-0059,119.750498,40.0051,秦皇岛市,手机,Wifi,qhd_man2,2.2748999366197356
秦皇-0060,119.750029,40.010217,秦皇岛市,laptop,Cellular,qhd_man2,3.9918428635860845
秦皇-0061,119.752285,40.007783,秦皇岛市,手机,Cellular,qhd_man2,7.232059073588713
秦皇-0062,119.739631,40.129357,秦皇岛市,laptop,Wifi,qhd_man2,4.0783742340106635
秦皇-0063,119.588837,40.085389,秦皇岛市,laptop,Wifi,qhd_man2,2.082401147087828
秦皇-0064,119.832231,39.966655,秦皇岛市,laptop,Cellular,qhd_man2,3.278447218606751
秦皇-0065,119.744722,40.025562,秦皇岛市,手机,Cellular,qhd_man2,2.205079504559286
秦皇-0066,119.74263,40.090631,秦皇岛市,手机,Cellular,qhd_man2,1.628952805520757
秦皇-0067,120.010852,40.220537,秦皇岛市,PC,Cellular,qhd_man2,2.9783598567673186
秦皇-0068,119.720641,40.017075,秦皇岛市,手机,Ethernet,qhd_man2,1.4448403967432886
秦皇-0069,119.767254,40.002057,秦皇岛市,laptop,Cellular,qhd_man2,5.117657780528246
秦皇-0070,119.56368,39.981007,秦皇岛市,PC,Ethernet,qhd_man1,1.2215239746466113
秦皇-0071,119.784244,40.021411,秦皇岛市,laptop,Wifi,qhd_man2,1.9982898480477544
秦皇-0072,119.499394,40.023625,秦皇岛市,laptop,Wifi,qhd_man1,3.7628642579520846
秦皇-0073,119.751119,40.001145,秦皇岛市,手机,Cellular,qhd_man2,1.4130436286091264
秦皇-0074,119.75196,40.075836,秦皇岛市,laptop,Wifi,qhd_man2,4.473499663619423
秦皇-0075,119.75,40.01,秦皇岛市,laptop,Ethernet,qhd_man2,1.286343435123484
秦皇-0076,120.002643,40.04133,秦皇岛市,传感器,Ethernet,qhd_man2,1.9811962750847592
秦皇-0077,119.750229,40.009256,秦皇岛市,传感器,Cellular,qhd_man2,1.2965093024731857
秦皇-0078,119.713832,40.03403,秦皇岛市,手机,Ethernet,qhd_man2,1.286589705601249
秦皇-0079,119.749992,40.010007,秦皇岛市,传感器,Wifi,qhd_man2,4.204866609484087
秦皇-0080,120.008811,40.192031,秦皇岛市,laptop,Ethernet,qhd_man2,1.4561606887433753
秦皇-0081,119.608462,39.967347,秦皇岛市,PC,Cellular,qhd_man2,3.6119049562389764
秦皇-0082,119.749971,40.010266,秦皇岛市,PC,Ethernet,qhd_man2,1.1281956082142564
秦皇-0083,119.749711,40.009535,秦皇岛市,laptop,Wifi,qhd_man2,3.123204616821711
秦皇-0084,119.762526,40.023688,秦皇岛市,手机,Cellular,qhd_man2,6.5830250525895515
秦皇-0085,119.718081,40.002056,秦皇岛市,手机,Cellular,qhd_man2,1.8377271108268451
秦皇-0086,119.963192,39.727629,秦皇岛市,PC,Cellular,qhd_man2,6.206707781079986
秦皇-0087,119.763807,40.012761,秦皇岛市,传感器,Ethernet,qhd_man2,1.7241696844747323
秦皇-0088,119.789397,39.935197,秦皇岛市,手机,Wifi,qhd_man2,2.863508887881329
秦皇-0089,119.774153,40.097905,秦皇岛市,laptop,Wifi,qhd_man2,2.5681908025963747
秦皇-0090,119.750397,40.01025,秦皇岛市,传感器,Wifi,qhd_man2,1.8431045774786377
秦皇-0091,119.584877,40.003157,秦皇岛市,传感器,Ethernet,qhd_man2,1.9532772369943214
秦皇-0092,119.749127,40.010139,秦皇岛市,传感器,Ethernet,qhd_man2,1.3470999552021221
秦皇-0093,119.73525,39.981682,秦皇岛市,PC,Wifi,qhd_man2,3.707746826161844
秦皇-0094,119.672532,40.170648,秦皇岛市,laptop,Wifi,qhd_man2,4.9684188282676995
秦皇-0095,119.752514,40.018588,秦皇岛市,laptop,Wifi,qhd_man2,3.905776156271461
秦皇-0096,119.758778,40.021092,秦皇岛市,传感器,Ethernet,qhd_man2,1.8087629256836446
秦皇-0097,119.750439,40.010052,秦皇岛市,PC,Wifi,qhd_man2,3.286210457107206
秦皇-0098,119.749243,40.010122,秦皇岛市,传感器,Ethernet,qhd_man2,1.3413452873797538
秦皇-0099,119.549958,39.875796,秦皇岛市,PC,Cellular,qhd_man1,5.664999116807735
秦皇-0100,119.689348,39.960964,秦皇岛市,手机,Wifi,qhd_man2,4.602525411834858
秦皇-0101,119.393526,40.204123,秦皇岛市,手机,Cellular,qhd_man2,4.399348683341518
秦皇-0102,119.757921,40.019105,秦皇岛市,PC,Cellular,qhd_man2,2.804473226955589
秦皇-0103,119.75,40.01,秦皇岛市,PC,Cellular,qhd_man2,5.684434191547314
秦皇-0104,119.68329,40.076854,秦皇岛市,传感器,Cellular,qhd_man2,2.304696421024016
秦皇-0105,119.743094,39.999556,秦皇岛市,传感器,Wifi,qhd_man2,3.3058309359913514
秦皇-0106,119.922751,40.028686,秦皇岛市,laptop,Wifi,qhd_man2,3.1495918976350312
秦皇-0107,119.753293,40.05781,秦皇岛市,手机,Wifi,qhd_man2,1.0053471298226357
秦皇-0108,119.760085,40.005581,秦皇岛市,laptop,Ethernet,qhd_man2,1.3378931452364913
秦皇-0109,119.737095,40.014656,秦皇岛市,PC,Wifi,qhd_man2,2.8448021939922836
秦皇-0110,119.883305,40.004887,秦皇岛市,手机,Wifi,qhd_man2,3.8470862711145184
秦皇-0111,119.733732,40.00341,秦皇岛市,PC,Ethernet,qhd_man2,1.6530781480170087
秦皇-0112,119.735057,40.030319,秦皇岛市,PC,Wifi,qhd_man2,3.6083171755305603
秦皇-0113,119.411646,40.209322,秦皇岛市,laptop,Cellular,qhd_man2,7.619424817613972
秦皇-0114,119.732419,40.020037,秦皇岛市,传感器,Ethernet,qhd_man2,1.6808600931244508
秦皇-0115,119.751462,40.008828,秦皇岛市,laptop,Cellular,qhd_man2,5.507823181488706
秦皇-0116,119.556325,40.109635,秦皇岛市,手机,Cellular,qhd_man2,4.625631993639638
秦皇-0117,119.75033,40.010114,秦皇岛市,laptop,Cellular,qhd_man2,2.965049826235452
秦皇-0118,119.737506,40.343911,秦皇岛市,传感器,Cellular,qhd_man2,5.14313543165116
秦皇-0119,119.845655,39.977305,秦皇岛市,手机,Wifi,qhd_man2,2.513224800391393
秦皇-0120,119.911032,39.852362,秦皇岛市,laptop,Wifi,qhd_man2,3.4963561117372826
秦皇-0121,120.000949,39.907832,秦皇岛市,手机,Ethernet,qhd_man2,1.0041141655495776
秦皇-0122,119.625171,39.97789,秦皇岛市,PC,Ethernet,qhd_man2,1.283116477516341
秦皇-0123,119.765701,40.005327,秦皇岛市,laptop,Cellular,qhd_man2,2.908778017762026
秦皇-0124,119.753961,40.014556,秦皇岛市,传感器,Cellular,qhd_man2,6.082108694734455
秦皇-0125,119.752778,40.009102,秦皇岛市,手机,Cellular,qhd_man2,7.439572481250423
秦皇-0126,119.779959,40.044749,秦皇岛市,laptop,Wifi,qhd_man2,3.7716163902144513
秦皇-0127,119.74934,40.010607,秦皇岛市,传感器,Ethernet,qhd_man2,1.086313868804204
秦皇-0128,119.714172,39.997704,秦皇岛市,PC,Cellular,qhd_man2,3.782302184756544
秦皇-0129,119.803303,40.085679,秦皇岛市,手机,Wifi,qhd_man2,4.1536999868782
秦皇-0130,119.749791,40.009175,秦皇岛市,手机,Cellular,qhd_man2,3.9694091022722935
秦皇-0131,119.754246,40.019951,秦皇岛市,手机,Wifi,qhd_man2,1.7511093853201447
秦皇-0132,119.751725,40.001189,秦皇岛市,传感器,Ethernet,qhd_man2,1.921871513917298
秦皇-0133,119.768901,39.92082,秦皇岛市,传感器,Wifi,qhd_man2,1.1049013138262929
秦皇-0134,119.563591,39.828581,秦皇岛市,PC,Ethernet,qhd_man1,1.221286381527602
秦皇-0135,119.712877,40.049611,秦皇岛市,手机,Wifi,qhd_man2,1.9587248737814682
秦皇-0136,119.748645,40.009109,秦皇岛市,传感器,Wifi,qhd_man2,3.948275591168014
秦皇-0137,119.749996,40.01,秦皇岛市,laptop,Cellular,qhd_man2,3.45051649004222
秦皇-0138,119.677499,39.844235,秦皇岛市,PC,Ethernet,qhd_man1,1.8599397941502027
秦皇-0139,119.761104,39.967376,秦皇岛市,传感器,Wifi,qhd_man2,3.5921109947526464
秦皇-0140,119.69513,39.927417,秦皇岛市,laptop,Cellular,qhd_man2,7.322882075999002
秦皇-0141,119.693931,40.094286,秦皇岛市,laptop,Cellular,qhd_man2,5.822102828345875
秦皇-0142,119.653861,39.975041,秦皇岛市,传感器,Cellular,qhd_man2,3.836231151800063
秦皇-0143,119.750005,40.009997,秦皇岛市,传感器,Wifi,qhd_man2,4.625227793911238
秦皇-0144,119.806241,40.026451,秦皇岛市,laptop,Wifi,qhd_man2,2.9620149361311783
秦皇-0145,119.837774,40.081384,秦皇岛市,传感器,Wifi,qhd_man2,1.2732131778966718
秦皇-0146,119.789229,40.021128,秦皇岛市,手机,Wifi,qhd_man2,3.836216553559622
秦皇-0147,119.770228,39.842984,秦皇岛市,PC,Cellular,qhd_man2,1.7726868197868924
秦皇-0148,119.77285,39.880262,秦皇岛市,传感器,Wifi,qhd_man2,3.870625938602053
秦皇-0149,119.747433,40.009739,秦皇岛市,手机,Wifi,qhd_man2,2.2181035864496605
秦皇-0150,120.101716,39.795873,秦皇岛市,传感器,Wifi,qhd_man2,2.2457183372700524
秦皇-0151,119.631416,40.018638,秦皇岛市,PC,Cellular,qhd_man2,7.472695596114853
秦皇-0152,119.636178,40.008688,秦皇岛市,PC,Ethernet,qhd_man2,1.7087468030153257
秦皇-0153,119.748278,40.013911,秦皇岛市,PC,Cellular,qhd_man2,2.094969526695931
秦皇-0154,119.758576,39.690961,秦皇岛市,手机,Cellular,qhd_man1,1.0873322508961873
秦皇-0155,119.750037,40.010563,秦皇岛市,手机,Wifi,qhd_man2,2.7012199168030704
秦皇-0156,119.589696,39.974707,秦皇岛市,传感器,Cellular,qhd_man2,7.008828851472142
秦皇-0157,119.785939,39.980101,秦皇岛市,PC,Ethernet,qhd_man2,1.0943326442352639
秦皇-0158,119.771466,39.674313,秦皇岛市,传感器,Cellular,qhd_man1,2.0731550942191745
秦皇-0159,119.8564,39.99547,秦皇岛市,PC,Wifi,qhd_man2,3.5726897516001137
秦皇-0160,119.734515,40.047735,秦皇岛市,PC,Wifi,qhd_man2,2.6560954664060312
秦皇-0161,119.784167,39.998489,秦皇岛市,laptop,Ethernet,qhd_man2,1.4522826140099152
秦皇-0162,119.750399,40.009766,秦皇岛市,laptop,Ethernet,qhd_man2,1.7423260419918405
秦皇-0163,119.845781,39.886439,秦皇岛市,传感器,Ethernet,qhd_man2,1.114927534500775
秦皇-0164,119.752624,40.012419,秦皇岛市,手机,Ethernet,qhd_man2,1.0706633146108304
秦皇-0165,119.749998,40.010001,秦皇岛市,手机,Cellular,qhd_man2,4.911930324413964
秦皇-0166,119.756127,40.004934,秦皇岛市,手机,Wifi,qhd_man2,2.91903694044096
秦皇-0167,119.71999,39.95799,秦皇岛市,手机,Ethernet,qhd_man2,1.855171306684778
秦皇-0168,119.750266,40.00946,秦皇岛市,传感器,Cellular,qhd_man2,2.523486574668408
秦皇-0169,119.8952,39.741195,秦皇岛市,laptop,Cellular,qhd_man2,1.1630179696522653
秦皇-0170,119.873567,39.845829,秦皇岛市,laptop,Wifi,qhd_man2,1.4298436006768278
秦皇-0171,119.764221,39.987372,秦皇岛市,laptop,Cellular,qhd_man2,2.789227920580422
秦皇-0172,119.757917,40.019858,秦皇岛市,PC,Wifi,qhd_man2,3.9697514288006173
秦皇-0173,119.719658,40.054433,秦皇岛市,传感器,Wifi,qhd_man2,2.2485505961270573
秦皇-0174,119.750042,40.009587,秦皇岛市,PC,Wifi,qhd_man2,4.138744206321684
秦皇-0175,119.71981,39.964922,秦皇岛市,传感器,Cellular,qhd_man2,3.8946554729504
秦皇-0176,119.750698,40.009359,秦皇岛市,传感器,Ethernet,qhd_man2,1.5735442623683018
秦皇-0177,119.749759,40.007616,秦皇岛市,PC,Ethernet,qhd_man2,1.8230806856973745
秦皇-0178,119.465134,39.77514,秦皇岛市,laptop,Ethernet,qhd_man1,1.3621623464732224
秦皇-0179,119.717943,40.331057,秦皇岛市,laptop,Ethernet,qhd_man2,1.5896921930279162
秦皇-0180,120.12576,40.027712,秦皇岛市,PC,Wifi,qhd_man2,2.069926383613776
秦皇-0181,119.755396,40.008964,秦皇岛市,传感器,Wifi,qhd_man2,1.331321618001978
秦皇-0182,120.176404,40.131673,秦皇岛市,传感器,Wifi,qhd_man2,2.110802828739578
秦皇-0183,119.743649,40.025398,秦皇岛市,laptop,Wifi,qhd_man2,3.9953408554712433
秦皇-0184,119.573265,39.745584,秦皇岛市,laptop,Ethernet,qhd_man1,1.3702161547027791
秦皇-0185,119.658294,39.80323,秦皇岛市,手机,Cellular,qhd_man1,3.773443864601424
秦皇-0186,119.840313,40.275858,秦皇岛市,传感器,Ethernet,qhd_man2,1.8667714325380396
秦皇-0187,119.920648,39.797427,秦皇岛市,手机,Wifi,qhd_man2,2.9020594254065837
秦皇-0188,119.781483,40.041458,秦皇岛市,传感器,Ethernet,qhd_man2,1.6845798117421946
秦皇-0189,119.746622,40.006767,秦皇岛市,传感器,Cellular,qhd_man2,7.28246198226894
秦皇-0190,119.776803,40.004364,秦皇岛市,laptop,Ethernet,qhd_man2,1.0675852602668399
秦皇-0191,119.739171,40.024867,秦皇岛市,PC,Cellular,qhd_man2,3.9290982127024816
秦皇-0192,119.841565,39.987267,秦皇岛市,传感器,Wifi,qhd_man2,3.215860867518916
秦皇-0193,119.75451,40.013663,秦皇岛市,laptop,Cellular,qhd_man2,2.396367274335555
秦皇-0194,119.763722,40.007804,秦皇岛市,laptop,Ethernet,qhd_man2,1.0734984972711623
秦皇-0195,119.750211,40.010063,秦皇岛市,laptop,Cellular,qhd_man2,5.874885776137314
秦皇-0196,120.091206,39.979345,秦皇岛市,PC,Wifi,qhd_man2,1.1151481114293693
秦皇-0197,119.579596,39.825944,秦皇岛市,laptop,Ethernet,qhd_man1,1.7299624996657403
秦皇-0198,119.754673,40.00661,秦皇岛市,PC,Ethernet,qhd_man2,1.665262678346275
秦皇-0199,120.11903,40.047022,秦皇岛市,传感器,Wifi,qhd_man2,4.271202931506005
秦皇-0200,119.752895,40.012796,秦皇岛市,laptop,Cellular,qhd_man2,2.4862678724236122
秦皇-0201,120.111826,40.220913,秦皇岛市,PC,Cellular,qhd_man2,5.281778462731649
秦皇-0202,119.848389,40.282202,秦皇岛市,传感器,Ethernet,qhd_man2,1.6629598400630257
秦皇-0203,119.751902,40.021649,秦皇岛市,传感器,Cellular,qhd_man2,7.832307916149989
秦皇-0204,119.749909,40.00999,秦皇岛市,PC,Ethernet,qhd_man2,1.512852588010507
秦皇-0205,119.800262,40.08931,秦皇岛市,传感器,Ethernet,qhd_man2,1.0949310363482774
秦皇-0206,119.679167,40.063802,秦皇岛市,laptop,Ethernet,qhd_man2,1.3053847213111602
秦皇-0207,119.829295,39.716351,秦皇岛市,手机,Wifi,qhd_man2,1.0235167295484295
秦皇-0208,119.756748,40.018138,秦皇岛市,传感器,Ethernet,qhd_man2,1.2346504484305343
秦皇-0209,119.749192,40.009042,秦皇岛市,PC,Wifi,qhd_man2,2.199311399412034
秦皇-0210,119.727552,40.020634,秦皇岛市,手机,Wifi,qhd_man2,3.2730252838021117
秦皇-0211,119.760858,39.999592,秦皇岛市,手机,Cellular,qhd_man2,3.1149446773379905
秦皇-0212,119.749784,40.012434,秦皇岛市,PC,Ethernet,qhd_man2,1.5702397427977632
秦皇-0213,119.837905,39.91961,秦皇岛市,PC,Ethernet,qhd_man2,1.831416497262857
秦皇-0214,119.753792,40.012053,秦皇岛市,PC,Wifi,qhd_man2,1.1685370547566358
秦皇-0215,119.937489,39.785131,秦皇岛市,手机,Ethernet,qhd_man2,1.3831615522344178
秦皇-0216,119.930263,40.087251,秦皇岛市,传感器,Wifi,qhd_man2,3.77327912195567
秦皇-0217,119.761866,39.995407,秦皇岛市,传感器,Ethernet,qhd_man2,1.1876928769754072
秦皇-0218,119.563013,40.005853,秦皇岛市,PC,Cellular,qhd_man2,5.739351245205003
秦皇-0219,119.749749,40.0102,秦皇岛市,手机,Ethernet,qhd_man2,1.4382440645902714
秦皇-0220,119.865245,39.92548,秦皇岛市,传感器,Ethernet,qhd_man2,1.3061074054155672
秦皇-0221,119.706707,39.876404,秦皇岛市,laptop,Cellular,qhd_man2,4.643940328929596
秦皇-0222,119.74995,40.010012,秦皇岛市,laptop,Wifi,qhd_man2,3.472271816144413
秦皇-0223,119.799626,39.916128,秦皇岛市,手机,Wifi,qhd_man2,1.2449417038138164
秦皇-0224,119.775033,40.010358,秦皇岛市,laptop,Wifi,qhd_man2,2.006550291252368
秦皇-0225,119.752499,40.004863,秦皇岛市,传感器,Cellular,qhd_man2,3.3733447895161204
秦皇-0226,119.746178,39.98242,秦皇岛市,PC,Ethernet,qhd_man2,1.673351759685071
秦皇-0227,119.584074,40.050038,秦皇岛市,PC,Cellular,qhd_man2,4.704715036397936
秦皇-0228,119.968785,39.886188,秦皇岛市,传感器,Cellular,qhd_man2,3.8940744868591572
秦皇-0229,119.787757,40.320281,秦皇岛市,laptop,Ethernet,qhd_man2,1.4168639627743915
秦皇-0230,119.672736,39.944878,秦皇岛市,laptop,Cellular,qhd_man2,2.44578024110067
秦皇-0231,119.763259,40.005398,秦皇岛市,PC,Wifi,qhd_man2,1.5174899622305094
秦皇-0232,119.555887,39.9256,秦皇岛市,PC,Ethernet,qhd_man1,1.8138371245916804
秦皇-0233,120.065742,40.073506,秦皇岛市,laptop,Cellular,qhd_man2,1.0362008020593423
秦皇-0234,119.63492,39.880853,秦皇岛市,PC,Cellular,qhd_man1,7.878321725745065
秦皇-0235,119.744353,40.036922,秦皇岛市,PC,Cellular,qhd_man2,2.4438221099324657
秦皇-0236,120.027066,39.820807,秦皇岛市,传感器,Wifi,qhd_man2,3.566918879763942
秦皇-0237,119.74626,40.009593,秦皇岛市,手机,Wifi,qhd_man2,2.94321100645503
秦皇-0238,120.071134,39.823195,秦皇岛市,传感器,Wifi,qhd_man2,3.795712908192155
秦皇-0239,119.714301,40.074629,秦皇岛市,手机,Ethernet,qhd_man2,1.578714564996003
秦皇-0240,119.805524,40.009461,秦皇岛市,手机,Cellular,qhd_man2,6.877975403839808
秦皇-0241,119.762137,40.013527,秦皇岛市,PC,Wifi,qhd_man2,2.8944682936222046
秦皇-0242,119.754606,40.016805,秦皇岛市,传感器,Wifi,qhd_man2,4.009995060202772
秦皇-0243,119.736077,40.008401,秦皇岛市,传感器,Ethernet,qhd_man2,1.0302828939276398
秦皇-0244,119.752509,40.011689,秦皇岛市,laptop,Wifi,qhd_man2,3.2260474729800035
秦皇-0245,119.749908,40.009403,秦皇岛市,laptop,Cellular,qhd_man2,2.855815908376531
秦皇-0246,119.907483,40.175279,秦皇岛市,传感器,Ethernet,qhd_man2,1.5673967837849774
秦皇-0247,119.621293,39.9897,秦皇岛市,手机,Wifi,qhd_man2,2.176237711204439
秦皇-0248,119.752537,40.025668,秦皇岛市,laptop,Wifi,qhd_man2,3.2156597998867382
秦皇-0249,119.647938,40.226525,秦皇岛市,PC,Ethernet,qhd_man2,1.3573497746146854
秦皇-0250,119.708195,39.991369,秦皇岛市,PC,Cellular,qhd_man2,4.674191706644724
秦皇-0251,119.79557,40.011596,秦皇岛市,laptop,Cellular,qhd_man2,4.725489350447377
秦皇-0252,119.750001,40.010001,秦皇岛市,手机,Ethernet,qhd_man2,1.386185942198138
秦皇-0253,119.714543,40.015898,秦皇岛市,手机,Wifi,qhd_man2,2.8812865912511207
秦皇-0254,119.876766,40.067976,秦皇岛市,PC,Cellular,qhd_man2,7.749073268820408
秦皇-0255,119.825179,40.005083,秦皇岛市,PC,Wifi,qhd_man2,3.366131057448854
秦皇-0256,119.756445,39.987716,秦皇岛市,传感器,Cellular,qhd_man2,2.311457561272112
秦皇-0257,119.663879,40.04189,秦皇岛市,手机,Ethernet,qhd_man2,1.3603923284383115
秦皇-0258,119.467018,40.060893,秦皇岛市,laptop,Wifi,qhd_man1,4.710846833817548
秦皇-0259,119.84029,39.777875,秦皇岛市,手机,Cellular,qhd_man2,2.0791620612298134
秦皇-0260,119.82492,39.892324,秦皇岛市,laptop,Wifi,qhd_man2,4.124400257988704
秦皇-0261,119.759371,39.999642,秦皇岛市,传感器,Cellular,qhd_man2,3.6994859221534777
秦皇-0262,119.710672,40.037441,秦皇岛市,传感器,Cellular,qhd_man2,1.19858865551264
秦皇-0263,119.801978,39.913046,秦皇岛市,PC,Cellular,qhd_man2,6.749486140206045
秦皇-0264,119.751249,40.012422,秦皇岛市,laptop,Wifi,qhd_man2,1.2433946579720043
秦皇-0265,119.733115,39.916778,秦皇岛市,手机,Wifi,qhd_man2,2.164385718796709
秦皇-0266,119.74954,40.010303,秦皇岛市,laptop,Wifi,qhd_man2,1.524408135397152
秦皇-0267,119.468109,40.266409,秦皇岛市,PC,Cellular,qhd_man2,6.933511277470428
秦皇-0268,119.742628,39.959844,秦皇岛市,laptop,Cellular,qhd_man2,7.645014406532165
秦皇-0269,119.406594,39.8967,秦皇岛市,laptop,Wifi,qhd_man1,4.677987066736991
秦皇-0270,119.74086,40.010086,秦皇岛市,传感器,Cellular,qhd_man2,7.83098402511869
秦皇-0271,119.489374,39.977615,秦皇岛市,laptop,Cellular,qhd_man1,4.89345768998155
秦皇-0272,119.7435,40.007052,秦皇岛市,传感器,Wifi,qhd_man2,4.306910731997663
秦皇-0273,119.75,40.01,秦皇岛市,PC,Wifi,qhd_man2,3.4574337154012476
秦皇-0274,119.776057,40.009399,秦皇岛市,手机,Cellular,qhd_man2,3.911955425640041
秦皇-0275,119.571913,39.906296,秦皇岛市,laptop,Cellular,qhd_man1,1.7391562922251769
秦皇-0276,119.897518,39.904702,秦皇岛市,laptop,Cellular,qhd_man2,2.896733423639936
秦皇-0277,119.830388,40.190616,秦皇岛市,手机,Cellular,qhd_man2,4.048189883837422
秦皇-0278,119.672317,40.071264,秦皇岛市,laptop,Cellular,qhd_man2,1.0308234584045715
秦皇-0279,119.895621,40.016893,秦皇岛市,laptop,Ethernet,qhd_man2,1.2339435206670673
秦皇-0280,119.648907,40.34862,秦皇岛市,传感器,Wifi,qhd_man2,3.457146922119033
秦皇-0281,119.68356,39.984841,秦皇岛市,手机,Cellular,qhd_man2,3.683934094238249
秦皇-0282,119.936328,39.964412,秦皇岛市,laptop,Wifi,qhd_man2,4.78396664615523
秦皇-0283,119.795042,39.999947,秦皇岛市,传感器,Cellular,qhd_man2,6.862875627296596
秦皇-0284,119.791321,39.994615,秦皇岛市,传感器,Cellular,qhd_man2,1.7092794121083938
秦皇-0285,119.74995,40.007339,秦皇岛市,laptop,Cellular,qhd_man2,5.660380419495722
秦皇-0286,119.748064,40.012637,秦皇岛市,PC,Ethernet,qhd_man2,1.4474148279790908
秦皇-0287,119.861382,39.988315,秦皇岛市,手机,Ethernet,qhd_man2,1.3391757249136957
秦皇-0288,119.762248,40.091138,秦皇岛市,传感器,Ethernet,qhd_man2,1.3075945818310513
秦皇-0289,119.830007,40.101421,秦皇岛市,PC,Wifi,qhd_man2,3.93409821780549
秦皇-0290,119.749553,40.015866,秦皇岛市,PC,Cellular,qhd_man2,7.235959000529755
秦皇-0291,119.749979,40.010023,秦皇岛市,laptop,Ethernet,qhd_man2,1.016795798836747
秦皇-0292,119.74693,40.008265,秦皇岛市,手机,Wifi,qhd_man2,4.238164606277303
秦皇-0293,120.120644,39.833009,秦皇岛市,laptop,Ethernet,qhd_man2,1.8822488852545116
秦皇-0294,119.74996,40.010011,秦皇岛市,laptop,Wifi,qhd_man2,3.8317486283896165
秦皇-0295,119.736833,39.877227,秦皇岛市,手机,Cellular,qhd_man2,4.6341052151354996
秦皇-0296,119.75,40.01,秦皇岛市,传感器,Ethernet,qhd_man2,1.6850156274202925
秦皇-0297,119.749787,40.010363,秦皇岛市,传感器,Wifi,qhd_man2,4.116905524408395
秦皇-0298,119.747892,40.010877,秦皇岛市,PC,Ethernet,qhd_man2,1.1072383458470936
秦皇-0299,119.744519,39.998587,秦皇岛市,传感器,Cellular,qhd_man2,1.5755338403174473
秦皇-0300,119.763023,40.012165,秦皇岛市,传感器,Wifi,qhd_man2,2.5242430836001852
秦皇-0301,120.211821,40.060291,秦皇岛市,手机,Ethernet,qhd_man2,1.246311210901592
秦皇-0302,119.749099,40.01019,秦皇岛市,传感器,Cellular,qhd_man2,6.5730521497974985
秦皇-0303,119.783806,40.024342,秦皇岛市,laptop,Cellular,qhd_man2,6.323174479446293
秦皇-0304,119.576062,40.117083,秦皇岛市,传感器,Ethernet,qhd_man2,1.0989442398192266
秦皇-0305,119.701652,40.014117,秦皇岛市,手机,Cellular,qhd_man2,7.97129296490893
秦皇-0306,119.821735,40.037313,秦皇岛市,手机,Cellular,qhd_man2,1.2611345591501701
秦皇-0307,119.808456,40.034004,秦皇岛市,手机,Wifi,qhd_man2,2.5596753550374167
秦皇-0308,119.74218,40.010997,秦皇岛市,传感器,Ethernet,qhd_man2,1.5414594922359997
秦皇-0309,119.948683,39.95397,秦皇岛市,laptop,Cellular,qhd_man2,5.591613443005804
秦皇-0310,119.73672,39.989132,秦皇岛市,PC,Wifi,qhd_man2,2.4506056199477757
秦皇-0311,119.749935,40.010029,秦皇岛市,传感器,Cellular,qhd_man2,7.12376117988317
秦皇-0312,119.756306,40.00747,秦皇岛市,传感器,Wifi,qhd_man2,3.563755545145925
秦皇-0313,119.307297,39.984723,秦皇岛市,laptop,Cellular,qhd_man1,4.0914301004815155
秦皇-0314,119.37785,40.078101,秦皇岛市,传感器,Ethernet,qhd_man1,1.6085196842564542
秦皇-0315,119.757055,40.039128,秦皇岛市,传感器,Ethernet,qhd_man2,1.1086111880326028
秦皇-0316,119.959904,40.037157,秦皇岛市,laptop,Ethernet,qhd_man2,1.42081200818784
秦皇-0317,119.635633,40.069818,秦皇岛市,PC,Ethernet,qhd_man2,1.0582835898160647
秦皇-0318,119.750001,40.01,秦皇岛市,手机,Cellular,qhd_man2,6.149943138588149
秦皇-0319,119.92865,40.011881,秦皇岛市,传感器,Wifi,qhd_man2,1.1146236861823877
秦皇-0320,120.041013,40.149072,秦皇岛市,laptop,Cellular,qhd_man2,3.6757289700747178
秦皇-0321,120.117406,40.210587,秦皇岛市,laptop,Wifi,qhd_man2,3.7330943529581866
秦皇-0322,119.724782,40.019055,秦皇岛市,PC,Wifi,qhd_man2,2.216243758300238
秦皇-0323,119.754574,39.99367,秦皇岛市,传感器,Cellular,qhd_man2,1.4545651408792193
秦皇-0324,119.61743,39.96166,秦皇岛市,手机,Ethernet,qhd_man2,1.9562604806863695
秦皇-0325,120.016143,39.842485,秦皇岛市,PC,Ethernet,qhd_man2,1.219555865463891
秦皇-0326,119.811134,39.973069,秦皇岛市,传感器,Ethernet,qhd_man2,1.1915108624744022
秦皇-0327,119.750001,40.01,秦皇岛市,laptop,Ethernet,qhd_man2,1.4555207278701274
秦皇-0328,119.726535,40.007969,秦皇岛市,传感器,Wifi,qhd_man2,4.694185308636271
秦皇-0329,119.749105,40.019208,秦皇岛市,手机,Ethernet,qhd_man2,1.1105507741087601
秦皇-0330,119.760218,40.013336,秦皇岛市,laptop,Cellular,qhd_man2,7.429051668930657
秦皇-0331,119.754419,40.00805,秦皇岛市,手机,Cellular,qhd_man2,4.8839005329023255
秦皇-0332,119.720116,40.019224,秦皇岛市,手机,Cellular,qhd_man2,3.686043601612165
秦皇-0333,119.75,40.01,秦皇岛市,laptop,Wifi,qhd_man2,4.599498049239488
秦皇-0334,119.778687,40.008132,秦皇岛市,laptop,Cellular,qhd_man2,1.1832796458946884
秦皇-0335,119.870839,40.289119,秦皇岛市,手机,Ethernet,qhd_man2,1.4330880897483622
秦皇-0336,119.744915,40.002105,秦皇岛市,PC,Ethernet,qhd_man2,1.7010561366291095
秦皇-0337,119.779581,39.971801,秦皇岛市,PC,Cellular,qhd_man2,6.823030270382722
秦皇-0338,119.743322,39.96897,秦皇岛市,手机,Wifi,qhd_man2,1.5503032867054225
秦皇-0339,119.810362,39.996115,秦皇岛市,PC,Wifi,qhd_man2,2.938879569866526
秦皇-0340,119.592653,40.002176,秦皇岛市,PC,Wifi,qhd_man2,4.092078007304698
秦皇-0341,119.881856,39.717762,秦皇岛市,传感器,Cellular,qhd_man2,7.833738385763068
秦皇-0342,119.759525,40.027902,秦皇岛市,PC,Ethernet,qhd_man2,1.688654291640173
秦皇-0343,119.749943,40.009737,秦皇岛市,laptop,Wifi,qhd_man2,4.576634646984122
秦皇-0344,119.749873,40.012683,秦皇岛市,laptop,Wifi,qhd_man2,1.5041991502157352
秦皇-0345,119.877933,39.884601,秦皇岛市,传感器,Ethernet,qhd_man2,1.8314332240011384
秦皇-0346,119.750173,40.011327,秦皇岛市,传感器,Wifi,qhd_man2,4.515899715226414
秦皇-0347,119.922845,39.808107,秦皇岛市,传感器,Ethernet,qhd_man2,1.6329537698379741
秦皇-0348,119.998903,39.946935,秦皇岛市,PC,Cellular,qhd_man2,2.342583164283812
秦皇-0349,119.754889,39.938924,秦皇岛市,laptop,Ethernet,qhd_man2,1.2923169133751924
秦皇-0350,119.743035,40.014346,秦皇岛市,laptop,Wifi,qhd_man2,2.250087510145487
秦皇-0351,119.784422,40.026845,秦皇岛市,传感器,Ethernet,qhd_man2,1.4160840468579474
秦皇-0352,119.750215,40.010069,秦皇岛市,传感器,Cellular,qhd_man2,3.1758282574240013
秦皇-0353,119.958635,39.752363,秦皇岛市,手机,Cellular,qhd_man2,4.32512485489015
秦皇-0354,119.747557,40.010429,秦皇岛市,手机,Ethernet,qhd_man2,1.2635044752420854
秦皇-0355,119.750002,40.01,秦皇岛市,手机,Cellular,qhd_man2,4.983052420302402
秦皇-0356,119.473027,39.998817,秦皇岛市,PC,Wifi,qhd_man1,1.8941003664541438
秦皇-0357,119.748546,40.009354,秦皇岛市,laptop,Wifi,qhd_man2,2.391617447204391
秦皇-0358,119.735763,40.035735,秦皇岛市,laptop,Wifi,qhd_man2,2.9232012235445186
秦皇-0359,119.687767,40.020792,秦皇岛市,传感器,Cellular,qhd_man2,5.433742176667466
秦皇-0360,119.806669,40.075539,秦皇岛市,手机,Ethernet,qhd_man2,1.4264205263562555
秦皇-0361,119.763183,40.01843,秦皇岛市,laptop,Cellular,qhd_man2,7.055016654684102
秦皇-0362,119.750907,40.010081,秦皇岛市,PC,Wifi,qhd_man2,2.6194985742274266
秦皇-0363,119.750097,40.010055,秦皇岛市,PC,Wifi,qhd_man2,4.694450756809699
秦皇-0364,119.638557,39.983939,秦皇岛市,laptop,Ethernet,qhd_man2,1.553770480730972
秦皇-0365,120.073141,40.116544,秦皇岛市,PC,Cellular,qhd_man2,5.628524439562452
秦皇-0366,119.652175,39.9852,秦皇岛市,手机,Wifi,qhd_man2,3.441874453241333
秦皇-0367,119.823356,39.987943,秦皇岛市,手机,Wifi,qhd_man2,3.6654164257848127
秦皇-0368,119.812582,39.959479,秦皇岛市,手机,Wifi,qhd_man2,3.6698249880658524
秦皇-0369,119.704955,39.91883,秦皇岛市,PC,Wifi,qhd_man2,4.8163723724363985
秦皇-0370,119.782549,40.11448,秦皇岛市,传感器,Wifi,qhd_man2,2.595034625448428
秦皇-0371,119.698472,39.970741,秦皇岛市,手机,Wifi,qhd_man2,1.5612022392901714
秦皇-0372,119.663312,39.845409,秦皇岛市,laptop,Cellular,qhd_man1,6.686814621997043
秦皇-0373,119.725549,39.966964,秦皇岛市,手机,Ethernet,qhd_man2,1.766322200607775
秦皇-0374,119.73503,40.023033,秦皇岛市,PC,Wifi,qhd_man2,1.6929175877995735
秦皇-0375,119.757991,40.003,秦皇岛市,PC,Ethernet,qhd_man2,1.9783919503627292
秦皇-0376,119.658073,40.01545,秦皇岛市,PC,Cellular,qhd_man2,2.8374788869294845
秦皇-0377,119.63471,40.227079,秦皇岛市,laptop,Wifi,qhd_man2,1.743183670401347
秦皇-0378,119.744905,40.012728,秦皇岛市,手机,Wifi,qhd_man2,2.560098273315666
秦皇-0379,119.533537,40.259899,秦皇岛市,PC,Ethernet,qhd_man2,1.2288100042913173
秦皇-0380,119.752572,40.012418,秦皇岛市,laptop,Wifi,qhd_man2,4.97297428341154
秦皇-0381,119.612021,40.163029,秦皇岛市,PC,Ethernet,qhd_man2,1.358419517318681
秦皇-0382,119.813125,39.998955,秦皇岛市,传感器,Ethernet,qhd_man2,1.431935048482741
秦皇-0383,119.833417,40.090154,秦皇岛市,手机,Wifi,qhd_man2,3.1190928810009986
秦皇-0384,119.747374,40.011262,秦皇岛市,PC,Cellular,qhd_man2,2.9597952005280215
秦皇-0385,119.716104,39.985456,秦皇岛市,传感器,Cellular,qhd_man2,5.910435151566389
秦皇-0386,119.659834,39.846986,秦皇岛市,传感器,Wifi,qhd_man1,3.7514644632396816
秦皇-0387,119.295884,39.935365,秦皇岛市,laptop,Wifi,qhd_man1,1.5091798585218132
秦皇-0388,119.483084,40.160795,秦皇岛市,laptop,Wifi,qhd_man2,3.456316269825656
秦皇-0389,119.495108,40.073832,秦皇岛市,传感器,Wifi,qhd_man2,3.2794332709566287
秦皇-0390,119.711787,40.065714,秦皇岛市,laptop,Ethernet,qhd_man2,1.7873514105997657
秦皇-0391,119.685442,40.103706,秦皇岛市,手机,Cellular,qhd_man2,3.390396279067712
秦皇-0392,119.964167,39.965138,秦皇岛市,手机,Wifi,qhd_man2,3.500896822162171
秦皇-0393,119.723587,40.033921,秦皇岛市,PC,Wifi,qhd_man2,4.0442697353022385
秦皇-0394,119.39908,40.058299,秦皇岛市,PC,Ethernet,qhd_man1,1.8923867962345589
秦皇-0395,119.801154,40.091144,秦皇岛市,传感器,Wifi,qhd_man2,1.6329675651549733
秦皇-0396,119.305316,39.918516,秦皇岛市,laptop,Ethernet,qhd_man1,1.367331986483237
秦皇-0397,119.718046,40.266542,秦皇岛市,PC,Wifi,qhd_man2,3.782209570337811
秦皇-0398,119.754659,40.008875,秦皇岛市,PC,Ethernet,qhd_man2,1.4156896244896637
秦皇-0399,119.597958,39.843031,秦皇岛市,laptop,Wifi,qhd_man1,4.663007146517602
秦皇-0400,119.749421,40.010114,秦皇岛市,传感器,Ethernet,qhd_man2,1.122156515768867
秦皇-0401,119.750026,40.012475,秦皇岛市,手机,Ethernet,qhd_man2,1.205653774286776
秦皇-0402,119.749994,40.010142,秦皇岛市,传感器,Ethernet,qhd_man2,1.248097737958449
秦皇-0403,119.629204,39.926368,秦皇岛市,PC,Wifi,qhd_man2,2.163238004186993
秦皇-0404,119.745538,40.007649,秦皇岛市,laptop,Cellular,qhd_man2,3.559393459446795
秦皇-0405,119.565971,40.1736,秦皇岛市,传感器,Wifi,qhd_man2,4.066306103899441
秦皇-0406,119.749992,40.010005,秦皇岛市,PC,Wifi,qhd_man2,4.776535055057687
秦皇-0407,119.708198,40.023765,秦皇岛市,PC,Wifi,qhd_man2,4.268577126594947
秦皇-0408,119.73784,40.026643,秦皇岛市,传感器,Wifi,qhd_man2,3.976015288297573
秦皇-0409,119.97822,39.864315,秦皇岛市,laptop,Cellular,qhd_man2,4.776616211557136
秦皇-0410,119.749264,40.010358,秦皇岛市,传感器,Ethernet,qhd_man2,1.2693856056716486
秦皇-0411,119.710437,39.901003,秦皇岛市,手机,Ethernet,qhd_man2,1.5424118345503506
秦皇-0412,119.752491,40.008893,秦皇岛市,PC,Cellular,qhd_man2,3.355072046313804
秦皇-0413,119.74723,40.008038,秦皇岛市,传感器,Ethernet,qhd_man2,1.6478735156420945
秦皇-0414,119.7946,40.032096,秦皇岛市,传感器,Ethernet,qhd_man2,1.0328040740691
秦皇-0415,119.74999,40.009994,秦皇岛市,手机,Wifi,qhd_man2,1.1799758939203553
秦皇-0416,119.779521,39.973527,秦皇岛市,传感器,Ethernet,qhd_man2,1.0846695198945162
秦皇-0417,119.768275,39.916184,秦皇岛市,传感器,Ethernet,qhd_man2,1.1333232449201895
秦皇-0418,119.697985,40.014591,秦皇岛市,手机,Cellular,qhd_man2,5.695397020244629
秦皇-0419,119.751637,40.014201,秦皇岛市,laptop,Cellular,qhd_man2,2.5179293920926002
秦皇-0420,119.75184,40.005487,秦皇岛市,PC,Ethernet,qhd_man2,1.599739486219139
邯郸-0001,114.583567,36.599149,邯郸市,laptop,Wifi,handan_man1,4.790950679483702
邯郸-0002,114.53983,36.624963,邯郸市,laptop,Ethernet,handan_man1,1.6302998594404836
邯郸-0003,114.255394,36.673657,邯郸市,传感器,Ethernet,handan_man1,1.486714683122731
邯郸-0004,114.540057,36.625269,邯郸市,传感器,Wifi,handan_man1,3.215526105892407
邯郸-0005,114.711532,36.806714,邯郸市,手机,Cellular,handan_man2,6.8024968607790655
邯郸-0006,114.424048,36.646674,邯郸市,PC,Cellular,handan_man1,5.392541078988126
邯郸-0007,114.531923,36.647433,邯郸市,手机,Wifi,handan_man1,2.054076850225575
邯郸-0008,114.691418,36.619374,邯郸市,laptop,Cellular,handan_man2,7.183715909243913
邯郸-0009,114.540008,36.624995,邯郸市,PC,Wifi,handan_man1,2.750245573458933
邯郸-0010,114.401379,36.428845,邯郸市,传感器,Ethernet,handan_man1,1.531909840147225
邯郸-0011,114.652548,36.715711,邯郸市,传感器,Cellular,handan_man1,5.935527080506151
邯郸-0012,114.540881,36.625167,邯郸市,传感器,Wifi,handan_man1,4.859112255940096
邯郸-0013,114.541581,36.661024,邯郸市,laptop,Wifi,handan_man1,1.4526330141675885
邯郸-0014,114.544537,36.630909,邯郸市,传感器,Ethernet,handan_man1,1.4626466986513553
邯郸-0015,114.479587,36.649714,邯郸市,传感器,Wifi,handan_man1,4.20535026071425
邯郸-0016,114.5397,36.624591,邯郸市,PC,Ethernet,handan_man1,1.7565428023214875
邯郸-0017,114.544063,36.626939,邯郸市,PC,Cellular,handan_man1,6.158225080518168
邯郸-0018,114.545699,36.64012,邯郸市,手机,Ethernet,handan_man1,1.6035439392547777
邯郸-0019,114.554104,36.641199,邯郸市,手机,Wifi,handan_man1,1.0275783188174716
邯郸-0020,114.54,36.624999,邯郸市,PC,Ethernet,handan_man1,1.7083034610833523
邯郸-0021,114.384675,36.509146,邯郸市,laptop,Cellular,handan_man1,6.487926944895128
邯郸-0022,114.408806,36.661818,邯郸市,传感器,Cellular,handan_man1,1.435527419472045
邯郸-0023,114.540002,36.627159,邯郸市,laptop,Wifi,handan_man1,2.132473349377608
邯郸-0024,114.53261,36.584943,邯郸市,手机,Wifi,handan_man1,3.9972181383732694
邯郸-0025,114.621276,36.55938,邯郸市,PC,Ethernet,handan_man1,1.5830265424859935
邯郸-0026,114.512267,36.640864,邯郸市,传感器,Wifi,handan_man1,4.007671854712882
邯郸-0027,114.525471,36.733633,邯郸市,传感器,Cellular,handan_man1,4.182258649781501
邯郸-0028,114.530555,36.620729,邯郸市,laptop,Ethernet,handan_man1,1.0247718598279454
邯郸-0029,114.574535,36.575218,邯郸市,传感器,Ethernet,handan_man1,1.4781482611145709
邯郸-0030,114.544726,36.672009,邯郸市,laptop,Cellular,handan_man1,7.264627841443237
邯郸-0031,114.675826,36.435305,邯郸市,laptop,Ethernet,handan_man2,1.0852461584672917
邯郸-0032,114.586485,36.705452,邯郸市,传感器,Ethernet,handan_man1,1.4377183349546148
邯郸-0033,114.725608,36.664193,邯郸市,手机,Ethernet,handan_man2,1.0786335164217766
邯郸-0034,114.585484,36.513407,邯郸市,PC,Ethernet,handan_man1,1.4073650268774323
邯郸-0035,114.540239,36.625266,邯郸市,传感器,Ethernet,handan_man1,1.1640826150243553
邯郸-0036,114.539999,36.624998,邯郸市,PC,Ethernet,handan_man1,1.4192299991211967
邯郸-0037,114.551648,36.630317,邯郸市,传感器,Cellular,handan_man1,4.999167574056517
邯郸-0038,114.542349,36.632711,邯郸市,手机,Ethernet,handan_man1,1.7888653820623401
邯郸-0039,114.563804,36.592686,邯郸市,手机,Ethernet,handan_man1,1.559807527099871
邯郸-0040,114.336568,36.785874,邯郸市,传感器,Wifi,handan_man1,2.639569536906183
邯郸-0041,114.431241,36.637938,邯郸市,手机,Wifi,handan_man1,2.306641603330427
邯郸-0042,114.499236,36.682274,邯郸市,PC,Ethernet,handan_man1,1.5617306909013138
邯郸-0043,114.552624,36.633526,邯郸市,传感器,Wifi,handan_man1,2.1168680233791615
邯郸-0044,114.453793,36.619783,邯郸市,laptop,Cellular,handan_man1,1.3682937346676873
邯郸-0045,114.542865,36.623579,邯郸市,传感器,Cellular,handan_man1,5.29344598418796
邯郸-0046,114.49166,36.632473,邯郸市,PC,Wifi,handan_man1,4.671048659471001
邯郸-0047,114.508145,36.615004,邯郸市,手机,Wifi,handan_man1,3.6042749706414283
邯郸-0048,114.544314,36.610783,邯郸市,手机,Ethernet,handan_man1,1.0307463633850875
邯郸-0049,114.552626,36.611128,邯郸市,PC,Ethernet,handan_man1,1.4247020070327445
邯郸-0050,114.382091,36.604769,邯郸市,laptop,Cellular,handan_man1,6.335970141036544
邯郸-0051,114.282144,36.537125,邯郸市,PC,Ethernet,handan_man1,1.6409172344168228
邯郸-0052,114.368214,36.553663,邯郸市,手机,Ethernet,handan_man1,1.382351472124122
邯郸-0053,114.540318,36.624877,邯郸市,手机,Wifi,handan_man1,2.6533927616919044
邯郸-0054,114.524395,36.756883,邯郸市,手机,Cellular,handan_man1,7.718353564825771
邯郸-0055,114.767058,36.764432,邯郸市,laptop,Cellular,handan_man2,5.53353905009518
邯郸-0056,114.539977,36.624998,邯郸市,laptop,Cellular,handan_man1,2.4575137837023373
邯郸-0057,114.550126,36.85179,邯郸市,传感器,Wifi,xingtai_man1,4.261163518343784
邯郸-0058,114.539972,36.625015,邯郸市,PC,Cellular,handan_man1,5.814423689427448
邯郸-0059,114.736509,36.534451,邯郸市,PC,Cellular,handan_man2,2.4330739362613794
邯郸-0060,114.554008,36.630322,邯郸市,传感器,Ethernet,handan_man1,1.7482615490302214
邯郸-0061,114.589071,36.58296,邯郸市,PC,Wifi,handan_man1,4.46788082498043
邯郸-0062,114.539998,36.625002,邯郸市,PC,Wifi,handan_man1,3.9065504138182177
邯郸-0063,114.541776,36.673125,邯郸市,传感器,Ethernet,handan_man1,1.740617659442735
邯郸-0064,114.790584,36.678621,邯郸市,PC,Wifi,handan_man2,4.984375696787495
邯郸-0065,114.761577,36.57843,邯郸市,laptop,Ethernet,handan_man2,1.202815672959137
邯郸-0066,114.664877,36.632612,邯郸市,PC,Cellular,handan_man2,1.0832522560804647
邯郸-0067,114.780148,36.457563,邯郸市,PC,Cellular,handan_man2,3.4420263060991556
邯郸-0068,114.619342,36.491569,邯郸市,PC,Cellular,handan_man2,1.0997793901984823
邯郸-0069,114.473109,36.609875,邯郸市,PC,Wifi,handan_man1,2.3269080222182943
邯郸-0070,114.552786,36.615704,邯郸市,laptop,Wifi,handan_man1,1.1633585659270738
邯郸-0071,114.540366,36.624644,邯郸市,传感器,Ethernet,handan_man1,1.0239344847772356
邯郸-0072,114.560192,36.621609,邯郸市,PC,Ethernet,handan_man1,1.0428817682732794
邯郸-0073,114.534644,36.576746,邯郸市,PC,Cellular,handan_man1,5.06139234837345
邯郸-0074,114.538213,36.626133,邯郸市,传感器,Wifi,handan_man1,1.6127909794863702
邯郸-0075,114.540254,36.624711,邯郸市,PC,Ethernet,handan_man1,1.8598507956196748
邯郸-0076,114.551632,36.638604,邯郸市,传感器,Cellular,handan_man1,6.324051396237554
邯郸-0077,114.596552,36.49532,邯郸市,手机,Wifi,handan_man1,1.3181156626194483
邯郸-0078,114.640675,36.444872,邯郸市,手机,Wifi,handan_man2,1.7054789521520664
邯郸-0079,114.535108,36.627881,邯郸市,手机,Cellular,handan_man1,4.991028658835474
邯郸-0080,114.539765,36.624937,邯郸市,PC,Ethernet,handan_man1,1.7413987771416435
邯郸-0081,114.589721,36.699693,邯郸市,laptop,Cellular,handan_man1,7.50905088307321
邯郸-0082,114.563804,36.595976,邯郸市,手机,Ethernet,handan_man1,1.2567773927782806
邯郸-0083,114.534716,36.68482,邯郸市,laptop,Wifi,handan_man1,2.217164644221188
邯郸-0084,114.538542,36.626259,邯郸市,手机,Cellular,handan_man1,3.7164378306305372
邯郸-0085,114.535229,36.623946,邯郸市,PC,Wifi,handan_man1,2.0258195476772536
邯郸-0086,114.542174,36.627707,邯郸市,传感器,Ethernet,handan_man1,1.8340623362745814
邯郸-0087,114.380605,36.508281,邯郸市,传感器,Cellular,handan_man1,7.370630832570368
邯郸-0088,114.404309,36.659768,邯郸市,PC,Wifi,handan_man1,1.1502832104002714
邯郸-0089,114.502347,36.658288,邯郸市,laptop,Cellular,handan_man1,5.000031026467053
邯郸-0090,114.628327,36.57812,邯郸市,PC,Wifi,handan_man1,4.525034587541849
邯郸-0091,114.757257,36.573177,邯郸市,手机,Wifi,handan_man2,3.5314575529232575
邯郸-0092,114.585928,36.529413,邯郸市,laptop,Cellular,handan_man1,1.0454041831419267
邯郸-0093,114.540118,36.624411,邯郸市,手机,Wifi,handan_man1,2.1178696686690044
邯郸-0094,114.610709,36.700106,邯郸市,传感器,Wifi,handan_man1,2.8454603930757494
邯郸-0095,114.539252,36.625044,邯郸市,手机,Wifi,handan_man1,2.8026887692651026
邯郸-0096,114.610741,36.74148,邯郸市,laptop,Ethernet,handan_man1,1.9179251726516244
邯郸-0097,114.737443,36.442688,邯郸市,PC,Wifi,handan_man2,2.567553033997314
邯郸-0098,114.330377,36.654394,邯郸市,laptop,Cellular,handan_man1,6.4253949865640845
邯郸-0099,114.565932,36.619627,邯郸市,PC,Ethernet,handan_man1,1.9079915330503612
邯郸-0100,114.540269,36.624755,邯郸市,传感器,Cellular,handan_man1,3.0290510807573563
邯郸-0101,114.530369,36.63994,邯郸市,laptop,Ethernet,handan_man1,1.370322313494608
邯郸-0102,114.539957,36.624794,邯郸市,laptop,Cellular,handan_man1,4.70086468647753
邯郸-0103,114.60026,36.42496,邯郸市,PC,Cellular,handan_man2,4.501855576415987
邯郸-0104,114.539989,36.624948,邯郸市,手机,Ethernet,handan_man1,1.2408233296749787
邯郸-0105,114.5451,36.628444,邯郸市,PC,Cellular,handan_man1,5.3412010083047035
邯郸-0106,114.440546,36.636655,邯郸市,PC,Cellular,handan_man1,2.6292138410800394
邯郸-0107,114.541954,36.622101,邯郸市,laptop,Wifi,handan_man1,1.0476973260429219
邯郸-0108,114.539975,36.624967,邯郸市,PC,Ethernet,handan_man1,1.371363383792497
邯郸-0109,114.462304,36.609266,邯郸市,PC,Cellular,handan_man1,3.2661255059432728
邯郸-0110,114.569728,36.592739,邯郸市,PC,Wifi,handan_man1,1.900786314317156
邯郸-0111,114.519617,36.630987,邯郸市,laptop,Wifi,handan_man1,3.89274101939442
邯郸-0112,114.558306,36.65961,邯郸市,传感器,Ethernet,handan_man1,1.9610166999269563
邯郸-0113,114.393129,36.689236,邯郸市,传感器,Cellular,handan_man1,7.182972054266246
邯郸-0114,114.521876,36.580061,邯郸市,手机,Ethernet,handan_man1,1.596056528762524
邯郸-0115,114.608032,36.69229,邯郸市,传感器,Ethernet,handan_man1,1.2150525839759512
邯郸-0116,114.531431,36.730463,邯郸市,传感器,Wifi,handan_man1,1.3858062407835483
邯郸-0117,114.534179,36.639883,邯郸市,传感器,Cellular,handan_man1,1.6665589698707437
邯郸-0118,114.601618,36.687053,邯郸市,PC,Ethernet,handan_man1,1.953282577520791
邯郸-0119,114.535989,36.628776,邯郸市,传感器,Ethernet,handan_man1,1.6967198316685568
邯郸-0120,114.540038,36.625066,邯郸市,PC,Ethernet,handan_man1,1.5333436166054293
邯郸-0121,114.539975,36.624764,邯郸市,PC,Wifi,handan_man1,3.2882377279770156
邯郸-0122,114.724517,36.410736,邯郸市,laptop,Wifi,handan_man2,4.626663503985808
邯郸-0123,114.499291,36.644108,邯郸市,laptop,Wifi,handan_man1,2.1190728718286698
邯郸-0124,114.5393,36.624672,邯郸市,传感器,Wifi,handan_man1,4.121991357580871
邯郸-0125,114.539171,36.624882,邯郸市,手机,Wifi,handan_man1,4.415700228476811
邯郸-0126,114.539021,36.625034,邯郸市,laptop,Cellular,handan_man1,6.670534262751647
邯郸-0127,114.416864,36.836444,邯郸市,手机,Ethernet,handan_man1,1.0683999860931033
邯郸-0128,114.689972,36.774131,邯郸市,laptop,Cellular,handan_man1,5.711843905603001
邯郸-0129,114.539558,36.625388,邯郸市,手机,Wifi,handan_man1,1.5528698100119245
邯郸-0130,114.526064,36.605874,邯郸市,PC,Ethernet,handan_man1,1.9646127447941024
邯郸-0131,114.497445,36.55647,邯郸市,传感器,Wifi,handan_man1,4.526050890228884
邯郸-0132,114.557715,36.725355,邯郸市,传感器,Ethernet,handan_man1,1.8427403265113775
邯郸-0133,114.769367,36.700194,邯郸市,laptop,Cellular,handan_man2,2.2126102460481567
邯郸-0134,114.540768,36.62622,邯郸市,laptop,Wifi,handan_man1,2.7430451722145968
邯郸-0135,114.534876,36.613007,邯郸市,laptop,Cellular,handan_man1,4.883468226160797
邯郸-0136,114.551013,36.601173,邯郸市,手机,Wifi,handan_man1,3.051631020521806
邯郸-0137,114.502479,36.618207,邯郸市,手机,Wifi,handan_man1,3.202984406061752
邯郸-0138,114.546236,36.624402,邯郸市,PC,Wifi,handan_man1,1.6886949672178315
邯郸-0139,114.539356,36.625332,邯郸市,PC,Wifi,handan_man1,1.7062817808365658
邯郸-0140,114.512594,36.601813,邯郸市,laptop,Ethernet,handan_man1,1.3851780458560792
邯郸-0141,114.539964,36.625093,邯郸市,laptop,Cellular,handan_man1,6.174251431325999
邯郸-0142,114.523274,36.473203,邯郸市,传感器,Cellular,handan_man1,6.208486609491029
邢台-0001,114.674197,37.084609,邢台市,PC,Cellular,xingtai_man1,7.194994220536442
邢台-0002,114.46219,36.92145,邢台市,PC,Ethernet,xingtai_man1,1.5151705844512393
邢台-0003,114.48171,37.036159,邢台市,传感器,Wifi,xingtai_man1,4.991543200637062
邢台-0004,114.464979,37.039606,邢台市,手机,Cellular,xingtai_man1,6.463064701951108
邢台-0005,114.316607,36.913436,邢台市,手机,Cellular,xingtai_man1,4.915974665554712
邢台-0006,114.489954,37.060004,邢台市,手机,Wifi,xingtai_man1,2.5743366709953888
邢台-0007,114.489262,37.060097,邢台市,PC,Ethernet,xingtai_man1,1.4158087626460791
邢台-0008,114.508245,37.075914,邢台市,laptop,Ethernet,xingtai_man1,1.3809623679006497
邢台-0009,114.217605,37.08898,邢台市,PC,Wifi,xingtai_man1,1.0767580401300236
邢台-0010,114.490004,37.060003,邢台市,手机,Wifi,xingtai_man1,4.906712830770317
邢台-0011,114.488912,37.052079,邢台市,传感器,Ethernet,xingtai_man1,1.7455341184287776
邢台-0012,114.524422,37.043231,邢台市,PC,Ethernet,xingtai_man1,1.9225737713873965
邢台-0013,114.281318,37.195281,邢台市,手机,Ethernet,xingtai_man1,1.9948477113390928
邢台-0014,114.524457,37.027774,邢台市,传感器,Ethernet,xingtai_man1,1.12898332495367
邢台-0015,114.441852,37.044371,邢台市,PC,Wifi,xingtai_man1,3.322678138975207
邢台-0016,114.505438,36.701174,邢台市,laptop,Ethernet,handan_man1,1.3967832264812337
邢台-0017,114.474815,37.056905,邢台市,手机,Ethernet,xingtai_man1,1.2778196072800705
邢台-0018,114.488435,37.060271,邢台市,手机,Cellular,xingtai_man1,3.947189572671124
邢台-0019,114.500491,37.035865,邢台市,手机,Cellular,xingtai_man1,4.748410833985792
邢台-0020,114.495855,37.009383,邢台市,传感器,Cellular,xingtai_man1,1.4728861524701613
邢台-0021,114.253099,37.302012,邢台市,PC,Ethernet,xingtai_man1,1.7387715187645767
邢台-0022,114.489917,37.059949,邢台市,PC,Wifi,xingtai_man1,1.3105624351969816
邢台-0023,114.502322,37.033383,邢台市,手机,Wifi,xingtai_man1,2.045994488756498
邢台-0024,114.69745,37.316211,邢台市,PC,Ethernet,xingtai_man1,1.4697770057536585
邢台-0025,114.731449,36.905616,邢台市,laptop,Ethernet,xingtai_man1,1.1049735645890904
邢台-0026,114.4476,37.007807,邢台市,PC,Wifi,xingtai_man1,4.77936203161962
邢台-0027,114.214531,36.915731,邢台市,laptop,Wifi,xingtai_man1,2.5374093791866907
邢台-0028,114.523203,37.370117,邢台市,手机,Cellular,xingtai_man1,3.7143454108218457
邢台-0029,114.560286,37.351869,邢台市,laptop,Wifi,xingtai_man1,1.9306215288907822
邢台-0030,114.44959,37.068717,邢台市,laptop,Cellular,xingtai_man1,1.7673640910606125
邢台-0031,114.368546,37.009554,邢台市,传感器,Ethernet,xingtai_man1,1.1267377057316241
邢台-0032,114.550852,37.415069,邢台市,手机,Ethernet,xingtai_man1,1.7916176418291654
邢台-0033,114.48759,37.059373,邢台市,PC,Wifi,xingtai_man1,4.534892255181857
邢台-0034,114.658482,37.041316,邢台市,传感器,Ethernet,xingtai_man1,1.0393102675068377
邢台-0035,114.486178,37.060522,邢台市,laptop,Ethernet,xingtai_man1,1.3671772267046824
邢台-0036,114.395751,37.229096,邢台市,PC,Ethernet,xingtai_man1,1.9639098199091927
邢台-0037,114.251368,37.256055,邢台市,手机,Wifi,xingtai_man1,2.9227833454467045
邢台-0038,114.492357,37.059893,邢台市,PC,Cellular,xingtai_man1,7.907234430095153
邢台-0039,114.489995,37.059999,邢台市,PC,Cellular,xingtai_man1,7.885271634277447
邢台-0040,114.616368,37.042127,邢台市,PC,Ethernet,xingtai_man1,1.5504530055631895
邢台-0041,114.90888,37.087467,邢台市,传感器,Cellular,xingtai_man1,2.782232775041107
邢台-0042,114.654561,37.268488,邢台市,PC,Ethernet,xingtai_man1,1.7192838406557645
邢台-0043,114.819503,37.030838,邢台市,手机,Ethernet,xingtai_man1,1.7530791682242601
邢台-0044,114.513151,37.060992,邢台市,laptop,Cellular,xingtai_man1,7.844326264427197
邢台-0045,114.376178,37.303625,邢台市,laptop,Ethernet,xingtai_man1,1.2772712876435033
邢台-0046,114.731096,37.254951,邢台市,PC,Ethernet,xingtai_man1,1.4222618764113966
邢台-0047,114.466077,36.971971,邢台市,laptop,Wifi,xingtai_man1,3.128324589747234
邢台-0048,114.494112,37.061047,邢台市,PC,Ethernet,xingtai_man1,1.3019023474042748
邢台-0049,114.488761,37.056952,邢台市,PC,Ethernet,xingtai_man1,1.7790094110638235
邢台-0050,114.490059,37.060229,邢台市,手机,Wifi,xingtai_man1,4.793175799024688
邢台-0051,114.696492,36.979676,邢台市,手机,Wifi,xingtai_man1,2.682497305255459
邢台-0052,114.861661,37.033529,邢台市,laptop,Cellular,xingtai_man1,4.9673508612742365
邢台-0053,114.489029,37.059493,邢台市,传感器,Ethernet,xingtai_man1,1.3165636514651204
邢台-0054,114.496935,37.057158,邢台市,PC,Ethernet,xingtai_man1,1.1365490721524347
邢台-0055,114.489887,37.059889,邢台市,手机,Cellular,xingtai_man1,7.252590203581349
邢台-0056,114.422943,37.085349,邢台市,传感器,Wifi,xingtai_man1,2.947362410916493
邢台-0057,114.495396,37.091689,邢台市,laptop,Ethernet,xingtai_man1,1.2561488996078354
邢台-0058,114.498733,37.061532,邢台市,手机,Wifi,xingtai_man1,2.0604062561222234
邢台-0059,114.490354,36.988519,邢台市,传感器,Ethernet,xingtai_man1,1.9773744864793303
邢台-0060,114.49186,37.067301,邢台市,PC,Wifi,xingtai_man1,4.214440907432727
邢台-0061,114.557568,37.111305,邢台市,手机,Cellular,xingtai_man1,1.205409112803231
邢台-0062,114.435646,36.921668,邢台市,手机,Cellular,xingtai_man1,4.277757478081727
邢台-0063,114.319119,37.000287,邢台市,PC,Ethernet,xingtai_man1,1.111411829893779
邢台-0064,114.431546,37.061087,邢台市,传感器,Ethernet,xingtai_man1,1.4823432437810071
邢台-0065,114.485831,37.06183,邢台市,手机,Ethernet,xingtai_man1,1.5727346630026595
邢台-0066,114.490002,37.059993,邢台市,手机,Wifi,xingtai_man1,1.2229730881125787
邢台-0067,114.191693,37.073163,邢台市,laptop,Cellular,xingtai_man1,6.865082756673094
邢台-0068,114.490281,37.059479,邢台市,laptop,Cellular,xingtai_man1,1.8179569087301228
邢台-0069,114.44787,37.273333,邢台市,PC,Cellular,xingtai_man1,6.029173616522469
邢台-0070,114.528212,37.034142,邢台市,laptop,Cellular,xingtai_man1,5.9754326991508755
邢台-0071,114.481172,37.055169,邢台市,PC,Ethernet,xingtai_man1,1.0657626255625046
邢台-0072,114.362866,37.038593,邢台市,手机,Ethernet,xingtai_man1,1.4181357164742026
邢台-0073,114.552529,36.886652,邢台市,PC,Cellular,xingtai_man1,3.71295107759535
邢台-0074,114.489836,37.059898,邢台市,传感器,Cellular,xingtai_man1,3.619785100030214
邢台-0075,114.489389,37.060036,邢台市,传感器,Ethernet,xingtai_man1,1.1533365966702769
邢台-0076,114.489251,37.065457,邢台市,手机,Wifi,xingtai_man1,3.703949263662339
邢台-0077,114.409664,37.355607,邢台市,手机,Ethernet,xingtai_man1,1.2920710466298109
邢台-0078,114.316813,36.988141,邢台市,laptop,Ethernet,xingtai_man1,1.7466337101993472
邢台-0079,114.493485,37.077522,邢台市,传感器,Wifi,xingtai_man1,4.411136528747544
邢台-0080,114.515334,37.10325,邢台市,传感器,Cellular,xingtai_man1,2.772096755381812
邢台-0081,114.590061,36.83247,邢台市,手机,Cellular,handan_man1,6.61733940072384
邢台-0082,114.750579,37.335076,邢台市,laptop,Ethernet,xingtai_man1,1.755503664250425
邢台-0083,114.417836,37.057981,邢台市,传感器,Wifi,xingtai_man1,4.720252321681399
邢台-0084,114.412883,37.121602,邢台市,手机,Ethernet,xingtai_man1,1.3282562190061995
邢台-0085,114.487318,37.076535,邢台市,PC,Ethernet,xingtai_man1,1.283956971725638
邢台-0086,114.489963,37.058708,邢台市,laptop,Ethernet,xingtai_man1,1.6628127822662029
邢台-0087,114.376692,37.053782,邢台市,laptop,Ethernet,xingtai_man1,1.9005475748058727
邢台-0088,114.320222,37.155211,邢台市,PC,Cellular,xingtai_man1,3.821926520359098
邢台-0089,114.467534,37.068994,邢台市,手机,Ethernet,xingtai_man1,1.2087968101934354
邢台-0090,114.490001,37.06,邢台市,手机,Wifi,xingtai_man1,2.784757865060234
邢台-0091,114.491072,37.059611,邢台市,PC,Ethernet,xingtai_man1,1.2983640880748297
邢台-0092,114.544248,36.968349,邢台市,laptop,Cellular,xingtai_man1,6.863986952647583
邢台-0093,114.49,37.06,邢台市,手机,Cellular,xingtai_man1,1.8017326975014374
邢台-0094,114.392533,36.924463,邢台市,laptop,Wifi,xingtai_man1,4.563244853533519
邢台-0095,114.489943,37.060019,邢台市,手机,Cellular,xingtai_man1,2.981870161500402
邢台-0096,114.487199,37.054167,邢台市,手机,Cellular,xingtai_man1,3.8095211970088143
邢台-0097,114.643532,36.798076,邢台市,PC,Ethernet,handan_man1,1.8130133293156567
邢台-0098,114.678335,37.126483,邢台市,laptop,Ethernet,xingtai_man1,1.62373827659444
邢台-0099,114.491919,37.059876,邢台市,传感器,Ethernet,xingtai_man1,1.700579613334347
邢台-0100,114.097116,37.036375,邢台市,手机,Ethernet,xingtai_man1,1.1413488861503218
邢台-0101,114.460192,37.040251,邢台市,传感器,Ethernet,xingtai_man1,1.7138540289612727
邢台-0102,114.482965,37.05489,邢台市,PC,Ethernet,xingtai_man1,1.9892361433863406
邢台-0103,114.668759,36.936647,邢台市,PC,Cellular,xingtai_man1,1.1411640841348605
邢台-0104,114.477467,37.117694,邢台市,laptop,Wifi,xingtai_man1,4.871112762326614
邢台-0105,114.321415,37.083967,邢台市,laptop,Cellular,xingtai_man1,6.806314504507489
邢台-0106,114.529037,37.057273,邢台市,手机,Cellular,xingtai_man1,5.1527873704578475
邢台-0107,114.236895,36.916103,邢台市,PC,Wifi,xingtai_man1,2.6871386173211236
邢台-0108,114.335353,37.033083,邢台市,传感器,Ethernet,xingtai_man1,1.1171478025834847
邢台-0109,114.476702,37.099948,邢台市,传感器,Cellular,xingtai_man1,5.493768779822037
邢台-0110,114.411552,37.101061,邢台市,传感器,Cellular,xingtai_man1,2.4104744282009443
邢台-0111,114.490106,37.059752,邢台市,PC,Cellular,xingtai_man1,7.781774313337486
邢台-0112,114.489982,37.060266,邢台市,传感器,Ethernet,xingtai_man1,1.2924554690271417
邢台-0113,114.76064,36.992663,邢台市,传感器,Ethernet,xingtai_man1,1.6341537046774972
邢台-0114,114.489978,37.059974,邢台市,laptop,Cellular,xingtai_man1,1.9287424964775592
邢台-0115,114.486402,37.06076,邢台市,PC,Cellular,xingtai_man1,5.98014390676189
邢台-0116,114.461684,37.051287,邢台市,手机,Wifi,xingtai_man1,2.544476072477072
邢台-0117,114.492752,37.061478,邢台市,传感器,Ethernet,xingtai_man1,1.2996760275172394
邢台-0118,114.292114,37.094037,邢台市,传感器,Ethernet,xingtai_man1,1.1719236391876153
邢台-0119,114.489959,37.059947,邢台市,PC,Ethernet,xingtai_man1,1.4073211133339942
邢台-0120,114.477004,37.049814,邢台市,PC,Ethernet,xingtai_man1,1.1192498516532035
邢台-0121,114.487268,37.059627,邢台市,PC,Ethernet,xingtai_man1,1.10221062754552
邢台-0122,114.487302,37.059877,邢台市,PC,Wifi,xingtai_man1,4.6660320340145285
邢台-0123,114.55173,37.13527,邢台市,laptop,Wifi,xingtai_man1,4.406058309495144
邢台-0124,114.47857,37.374475,邢台市,PC,Ethernet,xingtai_man1,1.4248753715934468
邢台-0125,114.479448,37.06421,邢台市,laptop,Ethernet,xingtai_man1,1.6672061698322498
邢台-0126,114.463088,37.070018,邢台市,手机,Wifi,xingtai_man1,3.2576545932156864
邢台-0127,114.319339,36.885227,邢台市,laptop,Ethernet,xingtai_man1,1.7097367969594532
邢台-0128,114.498521,37.02089,邢台市,PC,Ethernet,xingtai_man1,1.6826291015085357
邢台-0129,114.526814,37.159498,邢台市,手机,Ethernet,xingtai_man1,1.2650919092983648
邢台-0130,114.482686,37.057371,邢台市,传感器,Cellular,xingtai_man1,6.327520729889303
邢台-0131,114.44234,37.039272,邢台市,传感器,Cellular,xingtai_man1,2.592794506078779
邢台-0132,114.463311,37.347886,邢台市,laptop,Wifi,xingtai_man1,4.810048126045887
邢台-0133,114.483093,37.063224,邢台市,laptop,Wifi,xingtai_man1,3.7186085894066228
邢台-0134,114.490177,37.060111,邢台市,PC,Cellular,xingtai_man1,2.319794612278694
邢台-0135,114.469481,36.770854,邢台市,PC,Ethernet,handan_man1,1.4089914592787376
邢台-0136,114.484087,37.084519,邢台市,手机,Ethernet,xingtai_man1,1.089666686318865
邢台-0137,114.514885,37.220277,邢台市,传感器,Wifi,xingtai_man1,3.9086058395176297
邢台-0138,114.734029,37.157326,邢台市,PC,Wifi,xingtai_man1,3.281938454733918
邢台-0139,114.489986,37.059987,邢台市,PC,Ethernet,xingtai_man1,1.4670477353549973
邢台-0140,114.488266,37.044738,邢台市,PC,Wifi,xingtai_man1,3.4019876141022674
邢台-0141,114.515194,37.066467,邢台市,PC,Ethernet,xingtai_man1,1.9555113131311186
邢台-0142,114.514226,37.067085,邢台市,laptop,Ethernet,xingtai_man1,1.984985337983082
邢台-0143,114.475253,37.045368,邢台市,PC,Cellular,xingtai_man1,3.1293052793961467
邢台-0144,114.489101,37.061138,邢台市,传感器,Cellular,xingtai_man1,7.334142268519831
邢台-0145,114.596745,37.048557,邢台市,PC,Ethernet,xingtai_man1,1.5328474264905876
邢台-0146,114.475572,37.058557,邢台市,laptop,Ethernet,xingtai_man1,1.1732507477533398
邢台-0147,114.71713,37.182847,邢台市,传感器,Wifi,xingtai_man1,4.6340700420558125
邢台-0148,114.780723,37.084293,邢台市,PC,Ethernet,xingtai_man1,1.564431904732196
邢台-0149,114.493105,37.068007,邢台市,laptop,Cellular,xingtai_man1,4.2210750095953165
邢台-0150,114.459209,37.123228,邢台市,传感器,Wifi,xingtai_man1,1.885143740144997
邢台-0151,114.236641,37.221161,邢台市,PC,Wifi,xingtai_man1,4.872285280719188
邢台-0152,114.371238,37.097105,邢台市,手机,Ethernet,xingtai_man1,1.7483814729025098
邢台-0153,114.466941,37.102536,邢台市,传感器,Ethernet,xingtai_man1,1.962416687092595
邢台-0154,114.499339,37.064492,邢台市,PC,Cellular,xingtai_man1,1.7760089723399508
邢台-0155,114.570857,36.995162,邢台市,PC,Ethernet,xingtai_man1,1.1536797708430746
邢台-0156,114.527343,37.07553,邢台市,手机,Wifi,xingtai_man1,3.410824223462842
邢台-0157,114.489103,37.059887,邢台市,laptop,Cellular,xingtai_man1,1.1138895687456234
邢台-0158,114.444611,37.074901,邢台市,传感器,Cellular,xingtai_man1,1.4485944793160077
邢台-0159,114.400544,37.001929,邢台市,laptop,Ethernet,xingtai_man1,1.1242636989155586
邢台-0160,114.499522,37.038892,邢台市,laptop,Cellular,xingtai_man1,5.789500830614217
邢台-0161,114.394626,37.118212,邢台市,传感器,Cellular,xingtai_man1,4.776337061599895
邢台-0162,114.545784,37.076469,邢台市,laptop,Cellular,xingtai_man1,1.920044662433944
邢台-0163,114.49623,37.059043,邢台市,laptop,Ethernet,xingtai_man1,1.211707018892293
邢台-0164,114.493851,37.055972,邢台市,PC,Wifi,xingtai_man1,3.671336361830584
邢台-0165,114.659874,37.038706,邢台市,手机,Wifi,xingtai_man1,1.9816446586707333
邢台-0166,114.485475,37.061252,邢台市,手机,Wifi,xingtai_man1,1.4672147757997012
邢台-0167,114.559834,36.8918,邢台市,laptop,Ethernet,xingtai_man1,1.3507884076460517
邢台-0168,114.407277,37.291116,邢台市,laptop,Wifi,xingtai_man1,4.042511371076296
邢台-0169,114.320401,37.075348,邢台市,手机,Ethernet,xingtai_man1,1.1424982311407486
邢台-0170,114.557778,37.018932,邢台市,laptop,Wifi,xingtai_man1,2.3511855984551717
邢台-0171,114.407751,37.006237,邢台市,laptop,Ethernet,xingtai_man1,1.2404417790173747
邢台-0172,114.658172,37.063536,邢台市,PC,Cellular,xingtai_man1,2.2998702464212664
邢台-0173,114.576483,37.017699,邢台市,手机,Cellular,xingtai_man1,4.4863877089011375
邢台-0174,114.171383,36.98567,邢台市,PC,Ethernet,xingtai_man1,1.0455544372075694
邢台-0175,114.512401,37.016012,邢台市,laptop,Ethernet,xingtai_man1,1.135290593360999
邢台-0176,114.734879,37.198961,邢台市,传感器,Wifi,xingtai_man1,1.4849219401146243
邢台-0177,114.434212,37.032972,邢台市,手机,Cellular,xingtai_man1,7.238743908464528
邢台-0178,114.489672,37.059588,邢台市,手机,Cellular,xingtai_man1,1.5172508430876677
邢台-0179,114.491641,37.059673,邢台市,传感器,Wifi,xingtai_man1,3.900726080262099
邢台-0180,114.502252,36.8327,邢台市,传感器,Ethernet,handan_man1,1.5478449033069057
邢台-0181,114.631192,37.015238,邢台市,传感器,Cellular,xingtai_man1,3.283936175881839
邢台-0182,114.472303,37.005158,邢台市,传感器,Wifi,xingtai_man1,1.7805460868671816
邢台-0183,114.43263,37.014898,邢台市,laptop,Ethernet,xingtai_man1,1.0196565661251031
邢台-0184,114.488555,37.0588,邢台市,laptop,Ethernet,xingtai_man1,1.1049569722627113
邢台-0185,114.632129,37.076137,邢台市,手机,Ethernet,xingtai_man1,1.958376665730323
邢台-0186,114.677193,37.070933,邢台市,laptop,Cellular,xingtai_man1,5.543500111701678
邢台-0187,114.725979,37.036839,邢台市,PC,Ethernet,xingtai_man1,1.506486473453664
邢台-0188,114.694865,36.7526,邢台市,PC,Ethernet,handan_man2,1.9578245064599973
邢台-0189,114.490259,37.059644,邢台市,laptop,Cellular,xingtai_man1,4.233874805275355
邢台-0190,114.507467,37.052507,邢台市,传感器,Cellular,xingtai_man1,2.2492043594315976
邢台-0191,114.475323,37.059793,邢台市,PC,Ethernet,xingtai_man1,1.3295821596793784
邢台-0192,114.511728,37.03857,邢台市,手机,Cellular,xingtai_man1,4.316894191729455
邢台-0193,114.854015,36.948771,邢台市,手机,Wifi,xingtai_man1,1.4825301279785386
邢台-0194,114.562844,37.055309,邢台市,手机,Ethernet,xingtai_man1,1.7134455663846198
邢台-0195,114.782574,37.310656,邢台市,手机,Wifi,xingtai_man1,4.859626070702104
邢台-0196,114.281389,37.027269,邢台市,手机,Wifi,xingtai_man1,2.582561978694481
邢台-0197,114.300515,36.947742,邢台市,laptop,Wifi,xingtai_man1,3.7392306939444606
邢台-0198,114.490215,37.059975,邢台市,PC,Wifi,xingtai_man1,4.6961385604679915
邢台-0199,114.493487,37.059063,邢台市,laptop,Ethernet,xingtai_man1,1.866098476564713
邢台-0200,114.488939,37.060452,邢台市,laptop,Ethernet,xingtai_man1,1.4593951255407016
邢台-0201,114.448508,37.170911,邢台市,laptop,Cellular,xingtai_man1,2.936305304624817
邢台-0202,114.628842,37.088329,邢台市,手机,Ethernet,xingtai_man1,1.782486480791607
邢台-0203,114.383463,37.136507,邢台市,PC,Cellular,xingtai_man1,5.280631755638999
邢台-0204,114.509697,37.077824,邢台市,传感器,Cellular,xingtai_man1,1.6063155327842638
邢台-0205,114.489997,37.060005,邢台市,laptop,Cellular,xingtai_man1,7.706617658892439
邢台-0206,114.49121,37.090703,邢台市,手机,Cellular,xingtai_man1,2.3805709825899966
邢台-0207,114.145028,37.223336,邢台市,laptop,Cellular,xingtai_man1,3.200675821909476
邢台-0208,114.613625,37.042369,邢台市,laptop,Ethernet,xingtai_man1,1.3373558769084197
邢台-0209,114.498346,37.077782,邢台市,手机,Wifi,xingtai_man1,4.4553027846415745
邢台-0210,114.490014,37.060059,邢台市,laptop,Ethernet,xingtai_man1,1.563558089564321
邢台-0211,114.471982,36.993692,邢台市,PC,Cellular,xingtai_man1,2.1262161210164985
邢台-0212,114.595953,36.997023,邢台市,手机,Cellular,xingtai_man1,2.332550665305052
邢台-0213,114.473446,37.083323,邢台市,手机,Wifi,xingtai_man1,4.9865657716050285
邢台-0214,114.491521,37.058585,邢台市,手机,Cellular,xingtai_man1,7.088611455873624
邢台-0215,114.561646,37.123231,邢台市,手机,Cellular,xingtai_man1,7.315727613365763
邢台-0216,114.138491,37.217182,邢台市,手机,Cellular,xingtai_man1,3.7846376019458154
邢台-0217,114.489982,37.06006,邢台市,laptop,Ethernet,xingtai_man1,1.121165372000917
邢台-0218,114.508377,36.87387,邢台市,传感器,Cellular,xingtai_man1,2.887874522219519
邢台-0219,114.476072,37.061016,邢台市,手机,Ethernet,xingtai_man1,1.288853543576256
邢台-0220,114.490884,37.058936,邢台市,PC,Wifi,xingtai_man1,1.0785455412705862
邢台-0221,114.469159,37.299339,邢台市,laptop,Ethernet,xingtai_man1,1.6321250984156983
邢台-0222,114.486327,37.116989,邢台市,PC,Cellular,xingtai_man1,4.547507737090517
邢台-0223,114.711127,36.89516,邢台市,laptop,Wifi,xingtai_man1,2.409049435322692
邢台-0224,114.390474,37.050894,邢台市,laptop,Wifi,xingtai_man1,4.620006851796911
邢台-0225,114.509037,37.046739,邢台市,传感器,Ethernet,xingtai_man1,1.3540746213565562
邢台-0226,114.490014,37.059999,邢台市,laptop,Cellular,xingtai_man1,1.3131835007686763
邢台-0227,114.39641,37.084085,邢台市,传感器,Wifi,xingtai_man1,1.8790198449895832
邢台-0228,114.497997,37.044264,邢台市,PC,Cellular,xingtai_man1,7.659905724799975
邢台-0229,114.50005,37.07862,邢台市,laptop,Ethernet,xingtai_man1,1.679758667931508
邢台-0230,114.468075,37.069264,邢台市,手机,Cellular,xingtai_man1,4.592841964423102
邢台-0231,114.729096,37.130069,邢台市,传感器,Wifi,xingtai_man1,2.9309092627170403
邢台-0232,114.460263,37.0755,邢台市,手机,Cellular,xingtai_man1,2.918961638478852
邢台-0233,114.489514,37.066307,邢台市,传感器,Ethernet,xingtai_man1,1.4360757380523435
邢台-0234,114.308414,37.001624,邢台市,传感器,Ethernet,xingtai_man1,1.4334747190738713
邢台-0235,114.49096,37.051103,邢台市,传感器,Cellular,xingtai_man1,1.7244113406791328
邢台-0236,114.48977,37.059898,邢台市,PC,Cellular,xingtai_man1,4.539344900540765
邢台-0237,114.184854,37.055999,邢台市,传感器,Wifi,xingtai_man1,1.9129514327218873
邢台-0238,114.467864,37.077253,邢台市,PC,Wifi,xingtai_man1,2.6831203771425205
邢台-0239,114.492583,37.060823,邢台市,PC,Wifi,xingtai_man1,4.670100067293802
邢台-0240,114.480268,37.059876,邢台市,PC,Ethernet,xingtai_man1,1.9504554866992574
邢台-0241,114.496634,37.064816,邢台市,PC,Wifi,xingtai_man1,4.864171465410836
邢台-0242,114.438174,37.210733,邢台市,PC,Ethernet,xingtai_man1,1.8559131469584922
邢台-0243,114.482013,37.060525,邢台市,传感器,Wifi,xingtai_man1,3.0576887122770082
邢台-0244,114.463973,37.073652,邢台市,laptop,Ethernet,xingtai_man1,1.4463250199829476
邢台-0245,114.489939,37.059803,邢台市,laptop,Ethernet,xingtai_man1,1.775868094916477
邢台-0246,114.471601,37.063705,邢台市,PC,Ethernet,xingtai_man1,1.1113340170232333
邢台-0247,114.489985,37.060027,邢台市,传感器,Wifi,xingtai_man1,3.5357583856288453
邢台-0248,114.43586,36.793949,邢台市,PC,Wifi,handan_man1,2.068441082978158
邢台-0249,114.601978,37.119601,邢台市,PC,Ethernet,xingtai_man1,1.1970281750648655
邢台-0250,114.37117,36.853235,邢台市,传感器,Cellular,xingtai_man1,2.3777679836276917
邢台-0251,114.489879,37.057569,邢台市,传感器,Ethernet,xingtai_man1,1.4883769101477373
邢台-0252,114.490057,37.060039,邢台市,laptop,Cellular,xingtai_man1,5.124331661658918
邢台-0253,114.489041,37.048697,邢台市,传感器,Ethernet,xingtai_man1,1.1964311245459007
邢台-0254,114.419003,36.983173,邢台市,传感器,Ethernet,xingtai_man1,1.3580496609216068
邢台-0255,114.489737,37.060077,邢台市,手机,Wifi,xingtai_man1,4.989922442775149
邢台-0256,114.64737,37.037427,邢台市,laptop,Cellular,xingtai_man1,7.249743590729928
邢台-0257,114.497149,37.049987,邢台市,laptop,Cellular,xingtai_man1,7.089284651097449
邢台-0258,114.489999,37.06,邢台市,传感器,Wifi,xingtai_man1,1.9798481404282549
邢台-0259,114.454418,36.995401,邢台市,传感器,Wifi,xingtai_man1,1.3596168377779945
邢台-0260,114.480243,36.792101,邢台市,laptop,Cellular,handan_man1,4.493411354784113
邢台-0261,114.441574,36.803729,邢台市,手机,Ethernet,handan_man1,1.431352584925886
邢台-0262,114.416246,37.044268,邢台市,传感器,Ethernet,xingtai_man1,1.4778872726658259
邢台-0263,114.498944,36.967634,邢台市,手机,Wifi,xingtai_man1,4.477395249702521
邢台-0264,114.749868,36.811999,邢台市,laptop,Cellular,handan_man2,1.6121327459470844
邢台-0265,114.487278,37.058756,邢台市,传感器,Wifi,xingtai_man1,2.744119780477138
邢台-0266,114.492367,37.060923,邢台市,laptop,Cellular,xingtai_man1,1.8006424977301951
邢台-0267,114.48975,37.105629,邢台市,手机,Wifi,xingtai_man1,1.9031172899663198
邢台-0268,114.490307,37.060023,邢台市,laptop,Cellular,xingtai_man1,6.79731898615272
邢台-0269,114.438036,37.129011,邢台市,laptop,Wifi,xingtai_man1,3.3364065849503133
邢台-0270,114.373088,37.254298,邢台市,laptop,Cellular,xingtai_man1,5.434195957299584
邢台-0271,114.548774,37.055932,邢台市,传感器,Ethernet,xingtai_man1,1.2285219456695797
邢台-0272,114.494165,37.05994,邢台市,PC,Ethernet,xingtai_man1,1.8358360516221754
邢台-0273,114.856951,37.067093,邢台市,手机,Wifi,xingtai_man1,2.404029518058414
邢台-0274,114.540972,37.117541,邢台市,PC,Wifi,xingtai_man1,2.4682849242706206
邢台-0275,114.573284,37.005429,邢台市,传感器,Cellular,xingtai_man1,4.580333237589741
邢台-0276,114.264712,37.284227,邢台市,手机,Ethernet,xingtai_man1,1.6274083393467005
邢台-0277,114.437615,36.993026,邢台市,PC,Wifi,xingtai_man1,1.7154244029125234
邢台-0278,114.4879,37.063756,邢台市,手机,Ethernet,xingtai_man1,1.293387171056538
邢台-0279,114.498638,37.045657,邢台市,PC,Ethernet,xingtai_man1,1.6943422972765803
邢台-0280,114.890351,37.209231,邢台市,PC,Cellular,xingtai_man1,4.115716458804242
邢台-0281,114.195814,36.889969,邢台市,传感器,Ethernet,xingtai_man1,1.48929193499185
邢台-0282,114.489662,37.0585,邢台市,PC,Wifi,xingtai_man1,1.2834807902383267
邢台-0283,114.49588,37.058913,邢台市,传感器,Ethernet,xingtai_man1,1.9500025846482407
邢台-0284,114.562103,37.019388,邢台市,手机,Wifi,xingtai_man1,4.6978668003487805
邢台-0285,114.634631,36.91254,邢台市,PC,Wifi,xingtai_man1,3.0481155979654164
邢台-0286,114.714138,37.165469,邢台市,传感器,Cellular,xingtai_man1,5.044182905433993
邢台-0287,114.380836,37.113112,邢台市,传感器,Wifi,xingtai_man1,1.288554102741089
邢台-0288,114.325356,37.124867,邢台市,手机,Wifi,xingtai_man1,3.604267973418761
邢台-0289,114.4902,37.060094,邢台市,传感器,Wifi,xingtai_man1,3.427290058928167
邢台-0290,114.489553,37.059743,邢台市,PC,Cellular,xingtai_man1,1.895702585581165
邢台-0291,114.667712,36.966255,邢台市,传感器,Cellular,xingtai_man1,3.658027050217963
邢台-0292,114.626435,36.763755,邢台市,手机,Ethernet,handan_man1,1.8020711131860028
邢台-0293,114.505459,37.058889,邢台市,laptop,Ethernet,xingtai_man1,1.679720507058664
邢台-0294,114.488022,37.058475,邢台市,手机,Wifi,xingtai_man1,1.1550358437053267
邢台-0295,114.490536,37.059978,邢台市,手机,Wifi,xingtai_man1,3.684716473238912
邢台-0296,114.49,37.06,邢台市,传感器,Wifi,xingtai_man1,4.281073953981014
邢台-0297,114.608601,37.252455,邢台市,传感器,Cellular,xingtai_man1,2.0363121894461553
邢台-0298,114.479382,37.134149,邢台市,传感器,Cellular,xingtai_man1,5.433189600860425
邢台-0299,114.493083,37.060739,邢台市,PC,Ethernet,xingtai_man1,1.7269888005638818
邢台-0300,114.494474,37.051819,邢台市,laptop,Cellular,xingtai_man1,3.1057665906293592
邢台-0301,114.519833,37.073134,邢台市,laptop,Wifi,xingtai_man1,4.06964601470891
邢台-0302,114.515104,37.025863,邢台市,laptop,Ethernet,xingtai_man1,1.33927809972102
邢台-0303,114.45587,37.061984,邢台市,手机,Wifi,xingtai_man1,2.963657685759904
邢台-0304,114.161323,36.903866,邢台市,PC,Wifi,xingtai_man1,2.2979914341815304
邢台-0305,114.638489,37.174021,邢台市,PC,Cellular,xingtai_man1,2.675926125118742
邢台-0306,114.490164,37.060768,邢台市,laptop,Wifi,xingtai_man1,4.777872118793998
邢台-0307,114.489999,37.060005,邢台市,手机,Cellular,xingtai_man1,5.472143984481988
邢台-0308,114.229173,37.124021,邢台市,手机,Ethernet,xingtai_man1,1.9063553199867476
邢台-0309,114.49,37.059999,邢台市,手机,Cellular,xingtai_man1,6.929533383292012
邢台-0310,114.592312,37.011818,邢台市,传感器,Wifi,xingtai_man1,1.5009742073110743
邢台-0311,114.495045,37.062092,邢台市,手机,Wifi,xingtai_man1,4.623249406860122
邢台-0312,114.433974,37.04971,邢台市,手机,Cellular,xingtai_man1,3.501140246918826
邢台-0313,114.459097,37.027182,邢台市,PC,Wifi,xingtai_man1,2.185423486172189
邢台-0314,114.491813,37.061416,邢台市,laptop,Ethernet,xingtai_man1,1.2758419994625596
邢台-0315,114.488965,37.060064,邢台市,PC,Ethernet,xingtai_man1,1.1190468602247399
邢台-0316,114.22704,37.195915,邢台市,PC,Cellular,xingtai_man1,4.574173986081259
邢台-0317,114.490218,37.060044,邢台市,手机,Ethernet,xingtai_man1,1.4921719290148223
邢台-0318,114.501819,37.217017,邢台市,手机,Wifi,xingtai_man1,4.240530258715406
张家-0001,114.886999,40.768553,张家口市,手机,Wifi,zhangjiako_man1,3.993377342028128
张家-0002,114.852205,40.762131,张家口市,laptop,Cellular,zhangjiako_man1,6.954656857830324
张家-0003,115.055838,40.48917,张家口市,laptop,Wifi,zhangjiako_man1,4.799800496408955
张家-0004,115.066403,40.916954,张家口市,手机,Ethernet,zhangjiako_man1,1.7823667664010494
张家-0005,114.881661,40.765152,张家口市,laptop,Wifi,zhangjiako_man1,1.7927903150447158
张家-0006,114.890277,40.770657,张家口市,laptop,Wifi,zhangjiako_man1,4.649469781897812
张家-0007,114.889876,40.772868,张家口市,传感器,Cellular,zhangjiako_man1,1.338758780963668
张家-0008,114.927264,40.747602,张家口市,手机,Wifi,zhangjiako_man1,3.42038850635108
张家-0009,114.826706,40.50923,张家口市,传感器,Cellular,zhangjiako_man1,7.938716183276396
张家-0010,115.107281,40.713204,张家口市,手机,Ethernet,zhangjiako_man1,1.1318332941790232
张家-0011,114.886148,40.756071,张家口市,手机,Wifi,zhangjiako_man1,4.6064729010182734
张家-0012,115.038923,40.751586,张家口市,laptop,Wifi,zhangjiako_man1,2.562490574773216
张家-0013,114.740847,40.754624,张家口市,传感器,Cellular,zhangjiako_man1,5.354881558919348
张家-0014,114.923279,40.775593,张家口市,laptop,Ethernet,zhangjiako_man1,1.5681575865805328
张家-0015,115.163543,41.087866,张家口市,传感器,Cellular,zhangjiako_man2,6.477065717520255
张家-0016,115.245907,40.651915,张家口市,传感器,Wifi,zhangjiako_man1,1.5625709039545082
张家-0017,114.84571,40.843118,张家口市,laptop,Wifi,zhangjiako_man1,3.9062650558850995
张家-0018,114.888762,40.735487,张家口市,PC,Cellular,zhangjiako_man1,7.140929529306586
张家-0019,114.884935,40.770063,张家口市,PC,Ethernet,zhangjiako_man1,1.6415678532379179
张家-0020,114.884994,40.770105,张家口市,手机,Wifi,zhangjiako_man1,3.266368262855497
张家-0021,114.895598,40.768481,张家口市,手机,Wifi,zhangjiako_man1,1.1024443184370094
张家-0022,114.855912,40.767715,张家口市,PC,Ethernet,zhangjiako_man1,1.2460309705522716
张家-0023,114.892202,40.662175,张家口市,传感器,Wifi,zhangjiako_man1,2.932333701699776
张家-0024,115.165715,41.144067,张家口市,laptop,Wifi,zhangjiako_man2,4.857368750922339
张家-0025,114.902433,40.849109,张家口市,PC,Wifi,zhangjiako_man1,3.623883743393708
张家-0026,114.496297,40.813378,张家口市,laptop,Ethernet,zhangjiako_man1,1.5700274087979573
张家-0027,115.276032,40.517561,张家口市,手机,Cellular,zhangjiako_man1,4.242736178099603
张家-0028,114.731144,40.818507,张家口市,传感器,Cellular,zhangjiako_man1,2.985202892471086
张家-0029,114.924353,40.766234,张家口市,laptop,Ethernet,zhangjiako_man1,1.3950628562196956
张家-0030,114.932458,40.89141,张家口市,PC,Wifi,zhangjiako_man1,4.1875681394998825
张家-0031,114.821176,40.701175,张家口市,手机,Cellular,zhangjiako_man1,1.567013092212528
张家-0032,114.885,40.77,张家口市,传感器,Wifi,zhangjiako_man1,1.5053523316589597
张家-0033,114.879645,40.762968,张家口市,PC,Ethernet,zhangjiako_man1,1.9390868353063626
张家-0034,114.893608,40.772127,张家口市,laptop,Cellular,zhangjiako_man1,6.798714987623212
张家-0035,114.875298,40.771972,张家口市,PC,Cellular,zhangjiako_man1,4.197991254280992
张家-0036,114.882816,40.741236,张家口市,PC,Ethernet,zhangjiako_man1,1.8228548958644362
张家-0037,114.972492,40.791614,张家口市,手机,Ethernet,zhangjiako_man1,1.5089344539017127
张家-0038,114.884912,40.770056,张家口市,手机,Ethernet,zhangjiako_man1,1.874103941981406
张家-0039,114.888495,40.772493,张家口市,传感器,Ethernet,zhangjiako_man1,1.0840948231330398
张家-0040,114.986645,41.023153,张家口市,手机,Wifi,zhangjiako_man2,1.1938421174148166
张家-0041,114.844795,41.167716,张家口市,手机,Cellular,zhangjiako_man2,3.038591006736728
张家-0042,114.885463,40.769778,张家口市,laptop,Cellular,zhangjiako_man1,6.400790128109029
张家-0043,114.88407,40.769721,张家口市,传感器,Ethernet,zhangjiako_man1,1.1861844387367584
张家-0044,115.107396,40.958463,张家口市,laptop,Cellular,zhangjiako_man1,2.752098472312446
张家-0045,114.836923,40.764855,张家口市,laptop,Ethernet,zhangjiako_man1,1.1041114145056476
张家-0046,114.828814,40.788798,张家口市,laptop,Ethernet,zhangjiako_man1,1.3982535420353028
张家-0047,114.640734,40.656626,张家口市,PC,Ethernet,zhangjiako_man1,1.053103247984355
张家-0048,114.995058,40.796656,张家口市,PC,Wifi,zhangjiako_man1,2.597819776825918
张家-0049,114.82,40.777627,张家口市,传感器,Wifi,zhangjiako_man1,3.2067926824280297
张家-0050,114.865745,40.789381,张家口市,手机,Cellular,zhangjiako_man1,6.356956974388413
张家-0051,114.833245,40.749806,张家口市,传感器,Ethernet,zhangjiako_man1,1.2011350580865066
张家-0052,114.902617,40.802418,张家口市,laptop,Wifi,zhangjiako_man1,3.4240659749739977
张家-0053,114.885296,40.771224,张家口市,传感器,Cellular,zhangjiako_man1,4.393354134979292
张家-0054,114.869858,40.75701,张家口市,手机,Wifi,zhangjiako_man1,3.280846201140496
张家-0055,114.88343,40.771156,张家口市,laptop,Wifi,zhangjiako_man1,3.6045929144315774
张家-0056,114.555555,40.84065,张家口市,传感器,Cellular,zhangjiako_man1,6.266596305742313
张家-0057,114.640443,40.619675,张家口市,手机,Cellular,zhangjiako_man1,3.9606941333998162
张家-0058,114.946275,40.856549,张家口市,传感器,Wifi,zhangjiako_man1,1.8766629506860064
张家-0059,114.949937,40.622073,张家口市,手机,Ethernet,zhangjiako_man1,1.9979518474304736
张家-0060,114.885,40.77,张家口市,手机,Ethernet,zhangjiako_man1,1.1443154625775762
张家-0061,114.885028,40.769988,张家口市,PC,Cellular,zhangjiako_man1,4.450182557093386
张家-0062,114.883542,40.771098,张家口市,传感器,Cellular,zhangjiako_man1,2.581493665471949
张家-0063,115.092045,40.711008,张家口市,PC,Ethernet,zhangjiako_man1,1.190151811744244
张家-0064,114.892323,40.788497,张家口市,PC,Cellular,zhangjiako_man1,3.626634085364574
张家-0065,114.709239,40.788152,张家口市,传感器,Wifi,zhangjiako_man1,3.197525606832533
张家-0066,114.886009,40.769027,张家口市,手机,Ethernet,zhangjiako_man1,1.7086686117155596
张家-0067,114.88696,40.755577,张家口市,PC,Wifi,zhangjiako_man1,3.8651397907483473
张家-0068,115.046044,41.108441,张家口市,传感器,Cellular,zhangjiako_man2,4.710147748191073
张家-0069,114.885016,40.769996,张家口市,laptop,Cellular,zhangjiako_man1,5.192699755641665
张家-0070,114.83822,40.860379,张家口市,laptop,Cellular,zhangjiako_man1,1.515934603206273
张家-0071,114.892215,40.744137,张家口市,laptop,Wifi,zhangjiako_man1,4.790220612589865
张家-0072,114.728346,40.485363,张家口市,传感器,Wifi,zhangjiako_man1,1.62720719642624
张家-0073,114.990779,40.764964,张家口市,laptop,Wifi,zhangjiako_man1,4.835465537771102
张家-0074,114.896105,40.86784,张家口市,传感器,Cellular,zhangjiako_man1,6.943233005071526
张家-0075,114.885005,40.771258,张家口市,PC,Cellular,zhangjiako_man1,7.294083596560086
张家-0076,114.883037,40.690093,张家口市,laptop,Ethernet,zhangjiako_man1,1.595995237403446
张家-0077,114.907405,40.693212,张家口市,传感器,Ethernet,zhangjiako_man1,1.182843635166713
张家-0078,114.884997,40.770046,张家口市,PC,Wifi,zhangjiako_man1,2.3036029231964794
张家-0079,115.300751,40.686725,张家口市,手机,Wifi,zhangjiako_man1,3.9412062359576563
张家-0080,114.888697,40.768393,张家口市,PC,Ethernet,zhangjiako_man1,1.4346372654598196
张家-0081,114.894946,40.606996,张家口市,laptop,Cellular,zhangjiako_man1,3.4526420704592673
张家-0082,114.849913,40.692981,张家口市,PC,Wifi,zhangjiako_man1,2.950417225008812
张家-0083,114.936879,40.745951,张家口市,手机,Cellular,zhangjiako_man1,6.8571907733326105
张家-0084,114.906241,40.772413,张家口市,传感器,Cellular,zhangjiako_man1,5.805747278222425
张家-0085,114.885909,40.771237,张家口市,PC,Ethernet,zhangjiako_man1,1.5874241512741194
张家-0086,114.620988,40.437283,张家口市,手机,Wifi,zhangjiako_man1,3.6706411381862982
张家-0087,115.260831,40.553294,张家口市,PC,Wifi,zhangjiako_man1,1.8300057023039242
张家-0088,114.882263,40.776251,张家口市,手机,Ethernet,zhangjiako_man1,1.9943586456272469
张家-0089,114.745229,40.723693,张家口市,laptop,Wifi,zhangjiako_man1,2.503617636506686
张家-0090,114.883736,40.768159,张家口市,PC,Wifi,zhangjiako_man1,2.1980034854993376
张家-0091,115.056637,40.415406,张家口市,传感器,Ethernet,zhangjiako_man1,1.197862574675502
张家-0092,114.566392,40.770848,张家口市,传感器,Cellular,zhangjiako_man1,4.6681833166177285
张家-0093,114.746384,40.567637,张家口市,传感器,Ethernet,zhangjiako_man1,1.631921031841992
张家-0094,115.030291,40.879153,张家口市,laptop,Cellular,zhangjiako_man1,6.828751774982242
张家-0095,114.571654,40.847098,张家口市,手机,Wifi,zhangjiako_man1,3.699153018145835
张家-0096,114.497835,40.743256,张家口市,手机,Ethernet,zhangjiako_man1,1.5596003915010792
张家-0097,115.001934,40.804867,张家口市,传感器,Wifi,zhangjiako_man1,1.1373466722362284
张家-0098,115.055154,41.013304,张家口市,传感器,Ethernet,zhangjiako_man1,1.252451177381529
张家-0099,114.779553,40.549824,张家口市,laptop,Cellular,zhangjiako_man1,4.716497368842898
张家-0100,114.885678,40.769501,张家口市,传感器,Wifi,zhangjiako_man1,4.3727030022243305
张家-0101,114.907529,40.773521,张家口市,laptop,Cellular,zhangjiako_man1,4.04493872763957
张家-0102,114.884719,40.770409,张家口市,PC,Cellular,zhangjiako_man1,4.073758412336561
张家-0103,114.837681,40.663563,张家口市,手机,Ethernet,zhangjiako_man1,1.4879002995227029
张家-0104,114.883351,40.770562,张家口市,手机,Cellular,zhangjiako_man1,5.002802970061961
张家-0105,115.165294,41.070758,张家口市,传感器,Wifi,zhangjiako_man2,1.6739726216705737
张家-0106,114.991658,40.487843,张家口市,传感器,Wifi,zhangjiako_man1,1.953081486246918
张家-0107,114.908089,40.787958,张家口市,laptop,Wifi,zhangjiako_man1,2.996689982396541
张家-0108,114.888116,40.770024,张家口市,传感器,Cellular,zhangjiako_man1,7.165090028177075
张家-0109,114.798476,40.755159,张家口市,laptop,Ethernet,zhangjiako_man1,1.7202443165721304
张家-0110,115.032958,40.966448,张家口市,PC,Ethernet,zhangjiako_man1,1.8539238289680497
张家-0111,114.941037,40.767674,张家口市,PC,Wifi,zhangjiako_man1,2.8467701292977488
张家-0112,114.980107,40.431992,张家口市,传感器,Ethernet,zhangjiako_man1,1.9364080811096862
张家-0113,114.884348,40.757642,张家口市,laptop,Cellular,zhangjiako_man1,1.580438543963183
张家-0114,114.875528,40.775101,张家口市,手机,Ethernet,zhangjiako_man1,1.7895956579539964
张家-0115,114.888731,40.723985,张家口市,手机,Cellular,zhangjiako_man1,6.92054287214281
张家-0116,114.885041,40.770058,张家口市,传感器,Ethernet,zhangjiako_man1,1.31114867233602
张家-0117,115.410356,40.868129,张家口市,手机,Ethernet,zhangjiako_man1,1.0127536801789414
张家-0118,114.791743,40.534439,张家口市,PC,Wifi,zhangjiako_man1,2.9072570450056308
张家-0119,114.89121,40.768316,张家口市,手机,Wifi,zhangjiako_man1,4.955003271177784
张家-0120,114.898805,40.788731,张家口市,laptop,Ethernet,zhangjiako_man1,1.9071818706727304
张家-0121,114.852812,40.772174,张家口市,PC,Ethernet,zhangjiako_man1,1.5810725451149008
张家-0122,114.888203,40.769862,张家口市,PC,Ethernet,zhangjiako_man1,1.3670011287562644
张家-0123,114.984196,40.610288,张家口市,PC,Ethernet,zhangjiako_man1,1.1722324940296462
张家-0124,114.567952,40.473447,张家口市,laptop,Wifi,zhangjiako_man1,4.463679446907618
张家-0125,114.380975,40.673295,张家口市,手机,Wifi,zhangjiako_man1,2.873721285607085
张家-0126,114.885183,40.713513,张家口市,传感器,Ethernet,zhangjiako_man1,1.8216258349765317
张家-0127,115.066836,40.743972,张家口市,PC,Ethernet,zhangjiako_man1,1.894736225784604
张家-0128,114.994403,40.826593,张家口市,传感器,Ethernet,zhangjiako_man1,1.7846877123516856
张家-0129,114.884986,40.770058,张家口市,传感器,Cellular,zhangjiako_man1,7.97393137888747
张家-0130,114.921939,40.765064,张家口市,手机,Wifi,zhangjiako_man1,2.254212278913122
张家-0131,114.884497,40.770695,张家口市,传感器,Wifi,zhangjiako_man1,1.5286215748102188
张家-0132,114.811156,40.749319,张家口市,laptop,Ethernet,zhangjiako_man1,1.5301393340050273
张家-0133,114.877192,40.776061,张家口市,传感器,Cellular,zhangjiako_man1,5.172785179676513
张家-0134,114.861772,40.731085,张家口市,PC,Wifi,zhangjiako_man1,4.441432415965335
张家-0135,114.96265,40.748268,张家口市,传感器,Wifi,zhangjiako_man1,1.742779558635391
张家-0136,114.776126,40.732096,张家口市,传感器,Cellular,zhangjiako_man1,3.3843558509385296
张家-0137,114.885019,40.769985,张家口市,laptop,Cellular,zhangjiako_man1,4.108732771457079
张家-0138,114.845003,40.79898,张家口市,传感器,Ethernet,zhangjiako_man1,1.6305241732886617
张家-0139,114.885169,40.773414,张家口市,传感器,Cellular,zhangjiako_man1,5.041176798440648
张家-0140,114.884705,40.770063,张家口市,PC,Ethernet,zhangjiako_man1,1.8659189742349136
张家-0141,114.736178,40.842531,张家口市,laptop,Cellular,zhangjiako_man1,4.536646750531177
张家-0142,114.910997,40.767384,张家口市,laptop,Cellular,zhangjiako_man1,5.289492728705192
张家-0143,114.918859,40.636042,张家口市,PC,Ethernet,zhangjiako_man1,1.963389146334674
张家-0144,115.034479,40.371503,张家口市,laptop,Wifi,zhangjiako_man1,4.027125335641944
张家-0145,114.885,40.77,张家口市,手机,Cellular,zhangjiako_man1,4.834838706586945
张家-0146,114.860463,40.708343,张家口市,手机,Wifi,zhangjiako_man1,2.152594241303683
张家-0147,114.84719,40.754579,张家口市,PC,Wifi,zhangjiako_man1,3.846678825950549
张家-0148,114.916455,40.943585,张家口市,传感器,Ethernet,zhangjiako_man1,1.580935255534102
张家-0149,114.857346,40.769896,张家口市,手机,Wifi,zhangjiako_man1,1.2932751709469934
张家-0150,114.889773,40.764594,张家口市,PC,Ethernet,zhangjiako_man1,1.147555993877539
张家-0151,114.798986,40.723083,张家口市,PC,Wifi,zhangjiako_man1,1.1782208830002139
张家-0152,114.885011,40.770005,张家口市,PC,Ethernet,zhangjiako_man1,1.6611374086582615
张家-0153,114.85015,41.107005,张家口市,PC,Ethernet,zhangjiako_man2,1.0903524717896227
张家-0154,114.958925,40.812554,张家口市,PC,Wifi,zhangjiako_man1,4.222892765920288
张家-0155,114.883158,40.769086,张家口市,手机,Cellular,zhangjiako_man1,3.3301312739915794
张家-0156,114.678187,40.737863,张家口市,传感器,Cellular,zhangjiako_man1,7.809422990511321
张家-0157,114.902034,40.789952,张家口市,laptop,Wifi,zhangjiako_man1,4.682893888555633
张家-0158,114.884683,40.770311,张家口市,传感器,Cellular,zhangjiako_man1,1.9159995374473637
张家-0159,114.908613,40.72885,张家口市,传感器,Cellular,zhangjiako_man1,4.0409646294587604
张家-0160,114.955488,40.805155,张家口市,PC,Cellular,zhangjiako_man1,4.0586889430884705
张家-0161,114.946569,40.560473,张家口市,PC,Cellular,zhangjiako_man1,6.474899541879646
张家-0162,114.884916,40.770074,张家口市,PC,Ethernet,zhangjiako_man1,1.7053476288367255
张家-0163,115.07472,40.651194,张家口市,PC,Ethernet,zhangjiako_man1,1.69427012094346
张家-0164,115.033371,40.410719,张家口市,传感器,Wifi,zhangjiako_man1,2.3138577326773766
张家-0165,114.88195,40.770108,张家口市,PC,Ethernet,zhangjiako_man1,1.9341924425975674
张家-0166,115.255132,40.966399,张家口市,PC,Ethernet,zhangjiako_man1,1.590722960565216
张家-0167,114.883027,40.771644,张家口市,手机,Cellular,zhangjiako_man1,1.554124022484082
张家-0168,114.885182,40.771378,张家口市,传感器,Wifi,zhangjiako_man1,3.0921297502501313
张家-0169,114.75096,40.832265,张家口市,PC,Ethernet,zhangjiako_man1,1.1596312194538632
张家-0170,114.997287,40.87652,张家口市,手机,Ethernet,zhangjiako_man1,1.3541510295318213
张家-0171,115.106741,40.732597,张家口市,传感器,Cellular,zhangjiako_man1,6.548915336733051
张家-0172,114.871784,40.780854,张家口市,laptop,Wifi,zhangjiako_man1,4.541730079973133
张家-0173,114.885007,40.770004,张家口市,PC,Ethernet,zhangjiako_man1,1.4300229141388714
张家-0174,114.88499,40.769996,张家口市,PC,Wifi,zhangjiako_man1,4.579389206197035
张家-0175,114.67428,40.707886,张家口市,手机,Cellular,zhangjiako_man1,5.8200857521146965
张家-0176,114.900878,40.804733,张家口市,PC,Wifi,zhangjiako_man1,2.924489591842951
张家-0177,114.888804,40.763133,张家口市,手机,Wifi,zhangjiako_man1,2.5506654992805453
张家-0178,115.11602,40.67566,张家口市,laptop,Wifi,zhangjiako_man1,2.6200165069744
张家-0179,114.646833,40.818379,张家口市,laptop,Wifi,zhangjiako_man1,4.34599684575849
张家-0180,115.009599,40.740294,张家口市,PC,Ethernet,zhangjiako_man1,1.3272456160192485
张家-0181,114.85576,40.616521,张家口市,手机,Wifi,zhangjiako_man1,3.829233880118343
张家-0182,114.83424,40.828161,张家口市,PC,Wifi,zhangjiako_man1,2.3583981936019986
张家-0183,114.926463,40.787879,张家口市,手机,Cellular,zhangjiako_man1,1.491275988928332
张家-0184,114.882477,40.769772,张家口市,PC,Cellular,zhangjiako_man1,1.5079462631726115
张家-0185,114.943754,40.727507,张家口市,PC,Cellular,zhangjiako_man1,4.842512219764799
承德-0001,118.225155,40.913777,承德市,PC,Ethernet,chengde_man1,1.2527963403201867
承德-0002,118.092643,40.870069,承德市,laptop,Cellular,chengde_man1,2.0864851024974396
承德-0003,117.929379,40.940647,承德市,传感器,Cellular,chengde_man1,6.88663824409477
承德-0004,117.961236,40.951693,承德市,PC,Wifi,chengde_man1,1.077974375141459
承德-0005,117.96001,40.950002,承德市,传感器,Cellular,chengde_man1,2.4538915238860195
承德-0006,118.131587,41.309883,承德市,手机,Wifi,chengde_man1,4.216033537044236
承德-0007,118.058783,40.965121,承德市,手机,Cellular,chengde_man1,3.0662523818074314
承德-0008,117.960258,40.950081,承德市,传感器,Ethernet,chengde_man1,1.1102134973903006
承德-0009,117.986102,40.913015,承德市,PC,Cellular,chengde_man1,4.753399940270844
承德-0010,117.967725,40.950941,承德市,传感器,Ethernet,chengde_man1,1.1311936216034286
承德-0011,117.965137,40.951012,承德市,手机,Ethernet,chengde_man1,1.2143051663716384
承德-0012,117.698571,40.548315,承德市,laptop,Ethernet,chengde_man1,1.732147328943719
承德-0013,118.030517,41.280186,承德市,手机,Cellular,chengde_man1,7.632743044288699
承德-0014,117.961682,40.887811,承德市,laptop,Cellular,chengde_man1,7.386347418879838
承德-0015,117.998185,40.9586,承德市,laptop,Ethernet,chengde_man1,1.5829671716560205
承德-0016,117.955623,40.952596,承德市,laptop,Ethernet,chengde_man1,1.696847063385082
承德-0017,117.831881,40.971977,承德市,laptop,Cellular,chengde_man1,4.081615251638258
承德-0018,117.748495,40.705296,承德市,传感器,Wifi,chengde_man1,1.2658372138284335
承德-0019,117.964774,40.948002,承德市,laptop,Wifi,chengde_man1,2.556843300508837
承德-0020,117.740499,41.048583,承德市,PC,Ethernet,chengde_man1,1.8215432829549334
承德-0021,117.88875,41.019039,承德市,传感器,Ethernet,chengde_man1,1.0881228777565366
承德-0022,117.960156,40.949198,承德市,手机,Wifi,chengde_man1,3.9276608356376475
承德-0023,118.134521,40.949949,承德市,laptop,Cellular,chengde_man1,1.2765210089678125
承德-0024,117.962464,40.957719,承德市,传感器,Cellular,chengde_man1,3.739349875414237
承德-0025,117.960002,40.949998,承德市,传感器,Ethernet,chengde_man1,1.4070879762125603
承德-0026,117.706568,41.205579,承德市,手机,Ethernet,chengde_man1,1.2547997244578841
承德-0027,117.96181,40.96383,承德市,PC,Ethernet,chengde_man1,1.0854701373830018
承德-0028,118.049428,40.603136,承德市,手机,Wifi,chengde_man1,4.788943347204105
承德-0029,117.959968,40.947813,承德市,手机,Cellular,chengde_man1,6.811195703349745
承德-0030,117.843295,40.98417,承德市,手机,Wifi,chengde_man1,1.264657501380813
承德-0031,118.052792,40.959061,承德市,laptop,Cellular,chengde_man1,5.252130025394018
承德-0032,118.345621,41.046796,承德市,传感器,Wifi,chengde_man2,3.544962107585114
承德-0033,117.956408,40.875114,承德市,手机,Cellular,chengde_man1,1.8938891548894747
承德-0034,118.343165,40.911954,承德市,手机,Ethernet,chengde_man2,1.9379606781842427
承德-0035,117.969148,40.946178,承德市,PC,Wifi,chengde_man1,4.570739442518422
承德-0036,118.107273,41.003219,承德市,PC,Wifi,chengde_man1,2.3950923302442746
承德-0037,118.417253,40.956434,承德市,手机,Ethernet,chengde_man2,1.1159027134859065
承德-0038,117.680516,40.865019,承德市,手机,Cellular,chengde_man1,4.286733584135277
承德-0039,117.93629,40.879318,承德市,laptop,Wifi,chengde_man1,2.3496814637089805
承德-0040,117.958895,40.951836,承德市,手机,Cellular,chengde_man1,2.422671410438243
承德-0041,117.852405,41.051835,承德市,laptop,Cellular,chengde_man1,1.5871656598804118
承德-0042,117.879632,41.146544,承德市,传感器,Cellular,chengde_man1,6.205018772805887
承德-0043,117.966832,40.955535,承德市,PC,Ethernet,chengde_man1,1.8033182132725873
承德-0044,117.771662,40.829749,承德市,手机,Wifi,chengde_man1,1.261678696599104
承德-0045,117.943737,40.927865,承德市,手机,Ethernet,chengde_man1,1.1682880387908523
承德-0046,117.95701,40.954516,承德市,手机,Wifi,chengde_man1,1.6413729354432252
承德-0047,117.960115,40.94872,承德市,PC,Wifi,chengde_man1,1.1387376924571941
承德-0048,117.694646,41.073094,承德市,传感器,Cellular,chengde_man1,1.8058970873876423
承德-0049,117.95497,40.946233,承德市,laptop,Cellular,chengde_man1,1.921726739808859
承德-0050,117.962202,40.949706,承德市,传感器,Ethernet,chengde_man1,1.9874798294882552
承德-0051,118.113025,40.549856,承德市,PC,Wifi,chengde_man1,4.6543146908069
承德-0052,118.182684,40.582606,承德市,传感器,Wifi,chengde_man1,3.9835708394406306
承德-0053,117.801055,41.124556,承德市,PC,Cellular,chengde_man1,7.613624468108308
承德-0054,117.959657,40.949898,承德市,传感器,Ethernet,chengde_man1,1.322548158442197
承德-0055,117.930823,40.850522,承德市,传感器,Wifi,chengde_man1,1.5968493935097863
承德-0056,118.004704,41.038111,承德市,laptop,Ethernet,chengde_man1,1.9338476926491883
承德-0057,118.09932,40.804847,承德市,PC,Ethernet,chengde_man1,1.7512939148152813
承德-0058,117.908021,40.558664,承德市,PC,Wifi,chengde_man1,1.8744632573141011
承德-0059,117.960222,40.951775,承德市,传感器,Wifi,chengde_man1,4.70244444111662
承德-0060,118.430024,41.038696,承德市,传感器,Cellular,chengde_man2,4.624876078531262
承德-0061,117.844622,40.741929,承德市,laptop,Ethernet,chengde_man1,1.4279166422668557
承德-0062,117.946125,40.961666,承德市,传感器,Wifi,chengde_man1,2.5681526521634837
承德-0063,117.946701,40.948239,承德市,手机,Cellular,chengde_man1,5.997845784266808
承德-0064,117.967432,40.953792,承德市,PC,Ethernet,chengde_man1,1.3267203737327122
承德-0065,117.462612,40.874383,承德市,PC,Cellular,chengde_man1,3.55217953411432
承德-0066,117.949725,40.934757,承德市,传感器,Wifi,chengde_man1,1.868476054697287
承德-0067,118.326233,40.632221,承德市,laptop,Cellular,chengde_man1,4.1043185339332355
承德-0068,118.235414,40.918568,承德市,laptop,Cellular,chengde_man1,4.853451276550614
承德-0069,118.244309,41.092931,承德市,手机,Cellular,chengde_man1,3.7632896302298127
承德-0070,117.966338,40.946628,承德市,laptop,Wifi,chengde_man1,4.1036612899668885
承德-0071,118.048835,40.91688,承德市,传感器,Ethernet,chengde_man1,1.0704427208928822
承德-0072,117.957569,40.952705,承德市,laptop,Cellular,chengde_man1,5.030060924034523
承德-0073,117.893205,40.991123,承德市,laptop,Ethernet,chengde_man1,1.7604858622386654
承德-0074,117.96,40.95,承德市,laptop,Wifi,chengde_man1,4.074436163363188
承德-0075,117.760817,40.995238,承德市,laptop,Cellular,chengde_man1,5.252597603562744
承德-0076,118.233823,41.096935,承德市,手机,Wifi,chengde_man1,4.429970812217361
承德-0077,117.948375,40.957859,承德市,laptop,Wifi,chengde_man1,2.907748024293126
承德-0078,117.959636,40.950394,承德市,PC,Wifi,chengde_man1,3.9719625359927826
承德-0079,117.960158,40.971113,承德市,PC,Ethernet,chengde_man1,1.3810180472955969
承德-0080,117.956444,40.898637,承德市,手机,Ethernet,chengde_man1,1.4102517393419904
承德-0081,117.956982,40.950687,承德市,传感器,Ethernet,chengde_man1,1.7255633153266274
承德-0082,117.984172,41.126009,承德市,PC,Cellular,chengde_man1,2.6778844017376278
承德-0083,118.076353,40.55158,承德市,手机,Wifi,chengde_man1,4.542377410183464
承德-0084,117.584807,41.149657,承德市,laptop,Cellular,chengde_man1,2.336403585402748
承德-0085,117.990968,41.012966,承德市,PC,Cellular,chengde_man1,3.9779392300095733
承德-0086,117.949982,40.946514,承德市,laptop,Ethernet,chengde_man1,1.0002632383537824
承德-0087,118.192486,41.030688,承德市,手机,Wifi,chengde_man1,1.2428794969094827
承德-0088,117.89052,40.959378,承德市,PC,Wifi,chengde_man1,1.8845339354576298
承德-0089,117.893393,41.244794,承德市,laptop,Wifi,chengde_man1,4.040093882423296
承德-0090,117.930594,40.875358,承德市,laptop,Wifi,chengde_man1,2.6682700357314366
承德-0091,117.869351,41.128998,承德市,手机,Ethernet,chengde_man1,1.8105793121932243
承德-0092,118.101983,40.931308,承德市,传感器,Cellular,chengde_man1,3.8142090737118934
承德-0093,117.958029,40.950474,承德市,laptop,Ethernet,chengde_man1,1.8179593550834798
承德-0094,118.011256,40.998036,承德市,laptop,Cellular,chengde_man1,6.4514907596853215
承德-0095,117.927599,41.034602,承德市,手机,Wifi,chengde_man1,1.0860740215987295
承德-0096,117.96849,40.947859,承德市,laptop,Ethernet,chengde_man1,1.119538765828611
承德-0097,117.960068,40.949691,承德市,laptop,Cellular,chengde_man1,6.163818126451614
承德-0098,117.942729,41.028194,承德市,传感器,Cellular,chengde_man1,4.443322231711159
承德-0099,117.708377,41.028132,承德市,传感器,Wifi,chengde_man1,4.112318834045059
承德-0100,118.39419,40.848143,承德市,传感器,Wifi,chengde_man2,1.728998466998085
承德-0101,117.958732,40.952468,承德市,laptop,Wifi,chengde_man1,2.200322576812176
承德-0102,117.938045,40.975344,承德市,PC,Wifi,chengde_man1,1.6295247402366675
承德-0103,117.977715,40.95828,承德市,手机,Wifi,chengde_man1,3.6336118388354723
承德-0104,117.888299,40.551436,承德市,laptop,Ethernet,chengde_man1,1.2066720596477447
承德-0105,117.959998,40.949999,承德市,手机,Wifi,chengde_man1,4.592076833634231
承德-0106,117.729548,41.012897,承德市,手机,Ethernet,chengde_man1,1.9287345916903076
承德-0107,118.005874,41.310573,承德市,手机,Wifi,chengde_man1,2.992120019060575
承德-0108,117.959802,40.949956,承德市,PC,Wifi,chengde_man1,1.0915426101141188
承德-0109,117.964537,40.958908,承德市,laptop,Wifi,chengde_man1,1.0242275826018128
承德-0110,117.645027,41.044614,承德市,PC,Ethernet,chengde_man1,1.5540628039872968
承德-0111,117.948879,40.986556,承德市,手机,Wifi,chengde_man1,4.980651343429535
承德-0112,117.961057,40.948238,承德市,手机,Cellular,chengde_man1,3.1800850814021127
承德-0113,117.804196,41.106109,承德市,手机,Cellular,chengde_man1,1.2955008487782704
承德-0114,117.955087,41.062143,承德市,传感器,Ethernet,chengde_man1,1.7256238915980326
承德-0115,117.972764,40.926449,承德市,传感器,Wifi,chengde_man1,4.717070790013658
承德-0116,117.920126,40.922084,承德市,laptop,Ethernet,chengde_man1,1.0653221359172185
承德-0117,117.903546,40.863798,承德市,手机,Cellular,chengde_man1,6.714705417285181
承德-0118,118.028357,40.866147,承德市,PC,Wifi,chengde_man1,2.1623896517893275
承德-0119,118.127359,41.076339,承德市,手机,Ethernet,chengde_man1,1.002959569213182
承德-0120,117.964803,40.953739,承德市,手机,Cellular,chengde_man1,6.447682574113836
承德-0121,118.293276,41.232355,承德市,传感器,Wifi,chengde_man1,3.057814885721273
承德-0122,117.945334,40.904021,承德市,laptop,Cellular,chengde_man1,7.112963962263204
承德-0123,118.079625,40.838192,承德市,传感器,Cellular,chengde_man1,7.474852030763877
承德-0124,117.636365,41.207241,承德市,laptop,Cellular,chengde_man1,6.109503186108423
承德-0125,118.092037,41.135858,承德市,手机,Wifi,chengde_man1,4.583078243403557
承德-0126,117.822537,41.136537,承德市,PC,Cellular,chengde_man1,3.426632265540043
承德-0127,117.968789,40.929857,承德市,PC,Ethernet,chengde_man1,1.2335871685602358
承德-0128,117.712813,41.196934,承德市,传感器,Cellular,chengde_man1,4.062080369858449
承德-0129,117.793979,40.871593,承德市,PC,Wifi,chengde_man1,4.52702351757554
承德-0130,117.966431,41.046764,承德市,传感器,Cellular,chengde_man1,2.483400654763478
承德-0131,117.959999,40.95,承德市,PC,Wifi,chengde_man1,1.064764479501486
承德-0132,117.96,40.95,承德市,PC,Cellular,chengde_man1,4.678733334092908
承德-0133,117.962747,40.902657,承德市,传感器,Ethernet,chengde_man1,1.0377852036192547
承德-0134,117.966597,40.947984,承德市,PC,Ethernet,chengde_man1,1.3802397026849633
承德-0135,117.928546,40.952667,承德市,PC,Wifi,chengde_man1,3.820339017855215
承德-0136,117.955326,40.946189,承德市,laptop,Cellular,chengde_man1,7.342933895755666
承德-0137,117.960928,40.950214,承德市,手机,Ethernet,chengde_man1,1.2563755611006089
承德-0138,117.901025,40.712843,承德市,手机,Ethernet,chengde_man1,1.0226954747705803
承德-0139,118.259045,40.777584,承德市,laptop,Wifi,chengde_man1,2.1450648459496087
承德-0140,118.065225,41.069226,承德市,laptop,Cellular,chengde_man1,7.531453817162323
承德-0141,118.427619,40.885078,承德市,手机,Wifi,chengde_man2,3.1920281862549325
承德-0142,118.283582,40.793539,承德市,PC,Cellular,chengde_man1,3.271286117026457
承德-0143,117.919975,40.79568,承德市,手机,Cellular,chengde_man1,3.307864331539462
承德-0144,117.928363,40.977776,承德市,laptop,Ethernet,chengde_man1,1.11527249546254
承德-0145,118.259102,40.777912,承德市,laptop,Ethernet,chengde_man1,1.2737298608352785
承德-0146,117.957744,40.917062,承德市,laptop,Wifi,chengde_man1,2.8967505711046813
承德-0147,117.905415,41.086356,承德市,laptop,Wifi,chengde_man1,4.876745446358919
承德-0148,117.937908,40.891141,承德市,PC,Cellular,chengde_man1,7.2808532764291565
承德-0149,117.961176,40.948907,承德市,laptop,Ethernet,chengde_man1,1.3146327179718287
承德-0150,117.957717,40.933069,承德市,传感器,Ethernet,chengde_man1,1.439909164615596
承德-0151,118.131242,40.683306,承德市,传感器,Wifi,chengde_man1,2.852126904157465
沧州-0001,116.842851,38.29647,沧州市,传感器,Cellular,cangzhou_man1,6.728576057797265
沧州-0002,117.055637,38.04754,沧州市,PC,Wifi,cangzhou_man1,2.382251050786061
沧州-0003,116.767879,38.301673,沧州市,传感器,Ethernet,cangzhou_man1,1.2934465398987516
沧州-0004,116.841468,38.301023,沧州市,laptop,Wifi,cangzhou_man1,1.2288956144775849
沧州-0005,116.842791,38.301332,沧州市,传感器,Cellular,cangzhou_man1,4.251820792400064
沧州-0006,117.182041,38.153993,沧州市,手机,Cellular,cangzhou_man1,2.0606955880777345
沧州-0007,116.837449,38.30128,沧州市,传感器,Wifi,cangzhou_man1,2.187165587014369
沧州-0008,116.826779,38.31411,沧州市,PC,Ethernet,cangzhou_man1,1.4480160924138668
沧州-0009,116.797646,38.24455,沧州市,laptop,Wifi,cangzhou_man1,3.3983023246183994
沧州-0010,116.919681,38.330735,沧州市,传感器,Wifi,cangzhou_man1,1.087895782709908
沧州-0011,116.833522,38.293644,沧州市,PC,Wifi,cangzhou_man1,3.8723553610033234
沧州-0012,116.839845,38.258829,沧州市,PC,Cellular,cangzhou_man1,2.171585292594517
沧州-0013,116.761646,38.178988,沧州市,传感器,Ethernet,cangzhou_man1,1.2035661330741623
沧州-0014,116.888803,38.152085,沧州市,laptop,Cellular,cangzhou_man1,3.6397287622181786
沧州-0015,116.840964,38.299661,沧州市,PC,Ethernet,cangzhou_man1,1.009979635520179
沧州-0016,117.004539,38.290108,沧州市,laptop,Wifi,cangzhou_man1,4.1417525210227
沧州-0017,117.017362,38.359727,沧州市,laptop,Cellular,cangzhou_man1,6.74160712227468
沧州-0018,116.913076,38.22339,沧州市,laptop,Ethernet,cangzhou_man1,1.3085607474266434
沧州-0019,116.847926,38.259865,沧州市,传感器,Wifi,cangzhou_man1,4.915351200247301
沧州-0020,116.840214,38.300519,沧州市,PC,Ethernet,cangzhou_man1,1.2174155311439527
沧州-0021,116.724744,38.341007,沧州市,传感器,Cellular,cangzhou_man1,7.94759848823303
沧州-0022,116.841196,38.301197,沧州市,手机,Ethernet,cangzhou_man1,1.760045057566986
沧州-0023,116.744545,38.211428,沧州市,手机,Ethernet,cangzhou_man1,1.486670035572999
沧州-0024,116.949366,38.026394,沧州市,手机,Wifi,cangzhou_man1,2.527014928433464
沧州-0025,116.572544,38.527118,沧州市,传感器,Cellular,cangzhou_man1,2.461178650869649
沧州-0026,116.85707,38.234565,沧州市,PC,Wifi,cangzhou_man1,4.209329931717496
沧州-0027,116.866331,38.269018,沧州市,传感器,Ethernet,cangzhou_man1,1.6022497384679224
沧州-0028,116.835823,38.297446,沧州市,PC,Ethernet,cangzhou_man1,1.552191092165791
沧州-0029,116.836649,38.308549,沧州市,laptop,Cellular,cangzhou_man1,3.0506923806849735
沧州-0030,116.812883,38.281228,沧州市,laptop,Wifi,cangzhou_man1,3.181436050118177
沧州-0031,116.906225,38.303474,沧州市,laptop,Ethernet,cangzhou_man1,1.216338225060637
沧州-0032,116.808423,38.331219,沧州市,传感器,Wifi,cangzhou_man1,3.1111822876481847
沧州-0033,116.9544,38.428027,沧州市,手机,Cellular,cangzhou_man1,7.305143755430974
沧州-0034,116.886513,38.019869,沧州市,传感器,Cellular,cangzhou_man1,2.504381174467947
沧州-0035,116.801038,38.329928,沧州市,手机,Wifi,cangzhou_man1,1.0096959616130916
沧州-0036,116.500333,38.485398,沧州市,手机,Cellular,cangzhou_man2,3.260972570936218
沧州-0037,117.006848,38.355003,沧州市,PC,Wifi,cangzhou_man1,1.3027295344748056
沧州-0038,116.84,38.3,沧州市,手机,Ethernet,cangzhou_man1,1.7665676357115203
沧州-0039,116.83955,38.300349,沧州市,手机,Cellular,cangzhou_man1,3.8463486578450636
沧州-0040,116.840001,38.3,沧州市,PC,Cellular,cangzhou_man1,7.992348527358089
沧州-0041,116.666083,38.118749,沧州市,手机,Wifi,cangzhou_man1,3.3727236885449465
沧州-0042,116.839976,38.299982,沧州市,传感器,Cellular,cangzhou_man1,6.070697567704582
沧州-0043,116.839996,38.300001,沧州市,laptop,Cellular,cangzhou_man1,7.526215675317289
沧州-0044,117.100609,38.19008,沧州市,手机,Cellular,cangzhou_man1,5.508184095869715
沧州-0045,116.625172,38.468976,沧州市,手机,Ethernet,cangzhou_man1,1.5822070667817343
沧州-0046,117.200698,38.446663,沧州市,PC,Wifi,cangzhou_man1,1.0954597624700124
沧州-0047,116.543495,38.272512,沧州市,laptop,Ethernet,cangzhou_man1,1.495523953915155
沧州-0048,116.824311,38.482662,沧州市,laptop,Wifi,cangzhou_man1,3.043235676595062
沧州-0049,116.845041,38.238515,沧州市,PC,Cellular,cangzhou_man1,3.520552457466564
沧州-0050,116.837554,38.298001,沧州市,laptop,Wifi,cangzhou_man1,4.865575104659422
沧州-0051,116.848573,38.304388,沧州市,PC,Cellular,cangzhou_man1,7.018780246815692
沧州-0052,116.926985,38.390313,沧州市,传感器,Ethernet,cangzhou_man1,1.175038910230723
沧州-0053,117.126492,38.10908,沧州市,PC,Ethernet,cangzhou_man1,1.207003680958921
沧州-0054,116.856756,38.312603,沧州市,PC,Cellular,cangzhou_man1,7.270279788718148
沧州-0055,116.860284,38.330394,沧州市,laptop,Ethernet,cangzhou_man1,1.7439471000168467
沧州-0056,116.82407,38.304485,沧州市,laptop,Ethernet,cangzhou_man1,1.6844507870043919
沧州-0057,116.608406,38.524818,沧州市,PC,Cellular,cangzhou_man1,7.466041157095476
沧州-0058,116.830828,38.316885,沧州市,手机,Wifi,cangzhou_man1,4.391376221457714
沧州-0059,116.812041,38.28217,沧州市,PC,Ethernet,cangzhou_man1,1.4844262920851887
沧州-0060,116.803852,38.355353,沧州市,laptop,Cellular,cangzhou_man1,5.336878965747975
沧州-0061,116.837535,38.307256,沧州市,PC,Cellular,cangzhou_man1,6.066072795269673
沧州-0062,116.760875,38.326269,沧州市,PC,Wifi,cangzhou_man1,1.5034296718682416
沧州-0063,116.837268,38.296915,沧州市,传感器,Ethernet,cangzhou_man1,1.9569700855655618
沧州-0064,116.837782,38.299365,沧州市,传感器,Wifi,cangzhou_man1,4.980037581823984
沧州-0065,116.788544,38.229991,沧州市,laptop,Ethernet,cangzhou_man1,1.1348225247268524
沧州-0066,116.840004,38.299995,沧州市,手机,Cellular,cangzhou_man1,4.803678637777173
沧州-0067,116.839994,38.299969,沧州市,laptop,Wifi,cangzhou_man1,1.856449769358092
沧州-0068,116.840067,38.300646,沧州市,laptop,Ethernet,cangzhou_man1,1.8479564311833068
沧州-0069,116.836322,38.253627,沧州市,手机,Cellular,cangzhou_man1,4.277494958793671
沧州-0070,116.834522,38.306905,沧州市,传感器,Cellular,cangzhou_man1,7.271021492519888
沧州-0071,116.841141,38.297732,沧州市,laptop,Wifi,cangzhou_man1,1.821830930869376
沧州-0072,116.770707,38.577294,沧州市,PC,Ethernet,cangzhou_man1,1.055694075126698
沧州-0073,116.8402,38.300979,沧州市,传感器,Wifi,cangzhou_man1,1.2999217308084403
沧州-0074,116.806475,38.305909,沧州市,传感器,Cellular,cangzhou_man1,6.127972271004408
沧州-0075,116.979477,38.557201,沧州市,传感器,Wifi,cangzhou_man1,4.292938831634842
沧州-0076,116.842558,38.28934,沧州市,传感器,Wifi,cangzhou_man1,2.495518322354668
沧州-0077,116.517676,38.421548,沧州市,PC,Ethernet,cangzhou_man1,1.2083301427391735
沧州-0078,116.854407,38.30785,沧州市,PC,Wifi,cangzhou_man1,4.568999485251992
沧州-0079,116.840237,38.300034,沧州市,PC,Ethernet,cangzhou_man1,1.3890200136014603
沧州-0080,116.801322,38.26772,沧州市,laptop,Cellular,cangzhou_man1,1.7690125459825747
沧州-0081,116.850699,38.318548,沧州市,PC,Cellular,cangzhou_man1,1.6923952224998202
沧州-0082,116.818266,38.373717,沧州市,laptop,Ethernet,cangzhou_man1,1.6657571298392522
沧州-0083,116.839718,38.300149,沧州市,PC,Cellular,cangzhou_man1,1.3740815169198237
沧州-0084,116.753282,38.01381,沧州市,laptop,Ethernet,cangzhou_man1,1.2527402617080727
沧州-0085,116.886436,38.261559,沧州市,PC,Cellular,cangzhou_man1,5.983435407905921
沧州-0086,116.776627,38.147482,沧州市,手机,Wifi,cangzhou_man1,4.2194465478775065
沧州-0087,116.458094,38.263935,沧州市,PC,Ethernet,cangzhou_man2,1.1596374181395526
沧州-0088,117.09678,38.064514,沧州市,手机,Wifi,cangzhou_man1,2.6458832438161477
沧州-0089,116.837014,38.305517,沧州市,手机,Ethernet,cangzhou_man1,1.3095938954626518
沧州-0090,116.820683,38.242336,沧州市,手机,Wifi,cangzhou_man1,2.496728318253536
沧州-0091,116.773663,38.291791,沧州市,传感器,Wifi,cangzhou_man1,1.0163559568008158
沧州-0092,117.016596,38.326118,沧州市,传感器,Cellular,cangzhou_man1,1.6495314465555446
沧州-0093,116.75113,38.016404,沧州市,传感器,Cellular,cangzhou_man1,6.6484827074711825
沧州-0094,116.864767,38.293129,沧州市,手机,Cellular,cangzhou_man1,7.556474904715637
沧州-0095,116.839865,38.311838,沧州市,PC,Wifi,cangzhou_man1,1.7522026731953346
沧州-0096,116.839866,38.299892,沧州市,laptop,Ethernet,cangzhou_man1,1.5051024748717203
沧州-0097,116.929023,38.404719,沧州市,手机,Wifi,cangzhou_man1,3.7534275373376302
沧州-0098,116.832237,38.302139,沧州市,laptop,Wifi,cangzhou_man1,2.037169331281357
沧州-0099,116.834766,38.305832,沧州市,PC,Cellular,cangzhou_man1,4.858122349082889
沧州-0100,116.651759,38.225686,沧州市,手机,Wifi,cangzhou_man1,3.835372820047404
沧州-0101,116.840005,38.299997,沧州市,传感器,Wifi,cangzhou_man1,4.203229723245222
沧州-0102,116.895883,38.282424,沧州市,传感器,Wifi,cangzhou_man1,3.5339112733346947
沧州-0103,116.818028,38.36481,沧州市,手机,Wifi,cangzhou_man1,1.9110001625258142
沧州-0104,117.037311,38.334207,沧州市,PC,Ethernet,cangzhou_man1,1.8064298165067865
沧州-0105,116.840171,38.299847,沧州市,laptop,Cellular,cangzhou_man1,1.199272756997726
沧州-0106,116.839998,38.300006,沧州市,laptop,Wifi,cangzhou_man1,3.29580392696458
沧州-0107,117.117699,38.222533,沧州市,PC,Ethernet,cangzhou_man1,1.7964851839253888
沧州-0108,116.840049,38.299996,沧州市,传感器,Wifi,cangzhou_man1,2.4556608647298193
沧州-0109,116.840048,38.300046,沧州市,手机,Wifi,cangzhou_man1,3.252941042306486
沧州-0110,116.627181,38.484855,沧州市,laptop,Ethernet,cangzhou_man1,1.4635814403050924
沧州-0111,116.747588,38.225018,沧州市,PC,Cellular,cangzhou_man1,2.6692989952762938
沧州-0112,116.864566,38.370029,沧州市,手机,Wifi,cangzhou_man1,3.5031131005601353
沧州-0113,116.836663,38.298347,沧州市,PC,Wifi,cangzhou_man1,4.0157578948314985
沧州-0114,116.842965,38.328768,沧州市,传感器,Wifi,cangzhou_man1,2.393794173208325
沧州-0115,116.83967,38.299394,沧州市,手机,Cellular,cangzhou_man1,6.504163303089106
沧州-0116,116.961557,38.135066,沧州市,传感器,Wifi,cangzhou_man1,2.4863625241947442
沧州-0117,117.065442,38.326096,沧州市,传感器,Ethernet,cangzhou_man1,1.3014718422607254
沧州-0118,116.881103,38.618775,沧州市,PC,Wifi,cangzhou_man1,3.4497666292377343
沧州-0119,116.687029,38.280001,沧州市,传感器,Ethernet,cangzhou_man1,1.8114669537312627
沧州-0120,116.831119,38.302644,沧州市,传感器,Ethernet,cangzhou_man1,1.258462949904811
沧州-0121,116.835309,38.29735,沧州市,laptop,Wifi,cangzhou_man1,4.104705568308447
沧州-0122,116.91607,38.267989,沧州市,PC,Cellular,cangzhou_man1,6.449313350486907
沧州-0123,116.489498,38.486268,沧州市,laptop,Wifi,cangzhou_man2,4.774868543509767
沧州-0124,116.918289,38.505075,沧州市,手机,Ethernet,cangzhou_man1,1.979100341750204
沧州-0125,116.829773,38.308178,沧州市,传感器,Ethernet,cangzhou_man1,1.8133543761514543
沧州-0126,116.783894,38.337,沧州市,手机,Ethernet,cangzhou_man1,1.1574442856240166
沧州-0127,116.856974,38.300682,沧州市,PC,Wifi,cangzhou_man1,2.5582473749680537
沧州-0128,116.90103,38.363648,沧州市,传感器,Ethernet,cangzhou_man1,1.3576823062990107
沧州-0129,116.843152,38.298257,沧州市,PC,Wifi,cangzhou_man1,4.925217922047503
沧州-0130,116.854795,38.293333,沧州市,laptop,Wifi,cangzhou_man1,1.603140304973949
沧州-0131,116.840892,38.301267,沧州市,传感器,Wifi,cangzhou_man1,3.8821621029475213
沧州-0132,116.83989,38.300879,沧州市,手机,Cellular,cangzhou_man1,5.449392384928755
沧州-0133,116.510064,38.106805,沧州市,手机,Wifi,cangzhou_man1,2.3128914612980567
沧州-0134,116.761412,38.303581,沧州市,传感器,Cellular,cangzhou_man1,4.552740461277082
沧州-0135,116.839881,38.309458,沧州市,传感器,Wifi,cangzhou_man1,3.477945575219874
沧州-0136,116.901761,38.291626,沧州市,laptop,Wifi,cangzhou_man1,3.595336244621471
沧州-0137,116.84,38.3,沧州市,PC,Cellular,cangzhou_man1,6.809450535497922
沧州-0138,116.84698,38.302356,沧州市,传感器,Wifi,cangzhou_man1,2.4254895407040262
沧州-0139,116.852455,38.281341,沧州市,PC,Wifi,cangzhou_man1,3.8363597871001587
沧州-0140,116.829001,38.244501,沧州市,手机,Cellular,cangzhou_man1,2.3034866113399275
沧州-0141,116.920492,38.331968,沧州市,传感器,Ethernet,cangzhou_man1,1.0376217318911336
沧州-0142,116.909776,38.276208,沧州市,传感器,Wifi,cangzhou_man1,1.4034539042778649
沧州-0143,116.854018,38.299004,沧州市,laptop,Ethernet,cangzhou_man1,1.7410415586387824
沧州-0144,116.787147,38.448007,沧州市,传感器,Cellular,cangzhou_man1,2.697491491077659
沧州-0145,116.812654,38.312165,沧州市,PC,Wifi,cangzhou_man1,2.6576585025189505
沧州-0146,116.887992,38.275823,沧州市,PC,Ethernet,cangzhou_man1,1.8111738621326314
沧州-0147,117.132651,38.161242,沧州市,传感器,Cellular,cangzhou_man1,4.877982786869524
沧州-0148,116.824998,38.323552,沧州市,传感器,Cellular,cangzhou_man1,1.6670887513852106
沧州-0149,117.028004,38.463394,沧州市,PC,Ethernet,cangzhou_man1,1.8513840308026985
沧州-0150,116.851109,38.293808,沧州市,传感器,Cellular,cangzhou_man1,7.4427077838330025
沧州-0151,116.479998,38.09176,沧州市,PC,Ethernet,cangzhou_man1,1.5556505694456177
沧州-0152,116.959452,38.352067,沧州市,laptop,Ethernet,cangzhou_man1,1.9397687180832737
沧州-0153,116.861516,38.332745,沧州市,PC,Wifi,cangzhou_man1,1.8091601559666382
沧州-0154,116.734188,38.289242,沧州市,手机,Wifi,cangzhou_man1,3.888915372653542
沧州-0155,116.844232,38.305075,沧州市,laptop,Cellular,cangzhou_man1,4.718469748897627
沧州-0156,116.847068,38.146043,沧州市,手机,Wifi,cangzhou_man1,3.324015043969231
沧州-0157,116.773216,38.293523,沧州市,传感器,Ethernet,cangzhou_man1,1.68311607415927
沧州-0158,116.842656,38.302234,沧州市,PC,Ethernet,cangzhou_man1,1.156850026576704
沧州-0159,116.848942,38.197517,沧州市,传感器,Ethernet,cangzhou_man1,1.447405169977484
沧州-0160,116.841048,38.298422,沧州市,手机,Ethernet,cangzhou_man1,1.3295292811219799
沧州-0161,116.839999,38.300003,沧州市,laptop,Wifi,cangzhou_man1,2.2644333816328697
沧州-0162,117.084157,38.236678,沧州市,手机,Cellular,cangzhou_man1,7.37200451225273
沧州-0163,116.807687,38.295045,沧州市,手机,Wifi,cangzhou_man1,2.1580876884425257
沧州-0164,116.839202,38.299838,沧州市,手机,Wifi,cangzhou_man1,3.2131675881750423
沧州-0165,116.802983,38.279405,沧州市,手机,Ethernet,cangzhou_man1,1.0719103868685418
沧州-0166,116.840001,38.300002,沧州市,PC,Cellular,cangzhou_man1,3.6467925999109605
沧州-0167,117.001343,38.293873,沧州市,PC,Ethernet,cangzhou_man1,1.573384653605073
沧州-0168,116.840675,38.300474,沧州市,手机,Ethernet,cangzhou_man1,1.15817769260262
沧州-0169,116.758992,38.316341,沧州市,laptop,Ethernet,cangzhou_man1,1.4568567722773893
沧州-0170,117.180553,38.281254,沧州市,PC,Cellular,cangzhou_man1,7.715445985543643
沧州-0171,116.836741,38.301905,沧州市,传感器,Wifi,cangzhou_man1,1.3425269152369759
沧州-0172,116.84665,38.299469,沧州市,传感器,Ethernet,cangzhou_man1,1.5767053693041309
沧州-0173,116.841972,38.295763,沧州市,传感器,Wifi,cangzhou_man1,3.4600322351499
沧州-0174,116.83935,38.297455,沧州市,laptop,Wifi,cangzhou_man1,1.347903356532612
沧州-0175,116.84067,38.305113,沧州市,传感器,Wifi,cangzhou_man1,4.5260760893574155
沧州-0176,117.114584,38.073412,沧州市,手机,Wifi,cangzhou_man1,3.575439857773728
沧州-0177,116.754987,38.496894,沧州市,手机,Ethernet,cangzhou_man1,1.6233902970652156
沧州-0178,116.74174,38.355711,沧州市,手机,Ethernet,cangzhou_man1,1.2507563700213336
沧州-0179,116.84084,38.301806,沧州市,传感器,Wifi,cangzhou_man1,3.6071823927229496
沧州-0180,116.839999,38.3,沧州市,PC,Cellular,cangzhou_man1,7.987864845354821
沧州-0181,116.851738,38.265681,沧州市,手机,Wifi,cangzhou_man1,4.1720677089826435
沧州-0182,116.839129,38.298374,沧州市,laptop,Ethernet,cangzhou_man1,1.5898574923371807
沧州-0183,116.83879,38.299073,沧州市,laptop,Ethernet,cangzhou_man1,1.8446858941049018
沧州-0184,116.944175,38.437447,沧州市,手机,Wifi,cangzhou_man1,4.985614339397493
沧州-0185,116.842806,38.302067,沧州市,手机,Ethernet,cangzhou_man1,1.8128043544202603
沧州-0186,116.817711,38.295483,沧州市,laptop,Wifi,cangzhou_man1,2.5156592508539934
沧州-0187,116.831955,38.313126,沧州市,手机,Wifi,cangzhou_man1,2.831740066561646
沧州-0188,116.839626,38.300159,沧州市,PC,Cellular,cangzhou_man1,1.2054057648254897
沧州-0189,117.026062,38.491231,沧州市,PC,Ethernet,cangzhou_man1,1.5888645891890854
沧州-0190,116.741916,38.005664,沧州市,laptop,Cellular,cangzhou_man1,5.781477036497167
沧州-0191,116.839598,38.300087,沧州市,PC,Cellular,cangzhou_man1,2.1284072596212518
沧州-0192,116.857374,38.306099,沧州市,PC,Cellular,cangzhou_man1,3.424090112012364
沧州-0193,116.901609,38.302615,沧州市,laptop,Wifi,cangzhou_man1,2.8327711053394307
沧州-0194,116.795016,38.251082,沧州市,laptop,Ethernet,cangzhou_man1,1.1705311218941525
沧州-0195,116.932648,38.295341,沧州市,传感器,Cellular,cangzhou_man1,3.1630597594952805
沧州-0196,116.666507,38.432845,沧州市,传感器,Ethernet,cangzhou_man1,1.1677782470903035
沧州-0197,116.791683,38.191077,沧州市,传感器,Cellular,cangzhou_man1,1.870347783757102
沧州-0198,116.843286,38.307576,沧州市,传感器,Ethernet,cangzhou_man1,1.8593368323114543
沧州-0199,116.845796,38.286571,沧州市,laptop,Ethernet,cangzhou_man1,1.2578053327471919
沧州-0200,116.904622,38.267912,沧州市,手机,Wifi,cangzhou_man1,4.501738881310194
沧州-0201,116.841826,38.299173,沧州市,传感器,Ethernet,cangzhou_man1,1.0204267118751877
沧州-0202,116.837923,38.302442,沧州市,laptop,Wifi,cangzhou_man1,2.701852209535964
沧州-0203,116.844229,38.307017,沧州市,手机,Cellular,cangzhou_man1,7.527356370479299
沧州-0204,116.841373,38.298839,沧州市,手机,Cellular,cangzhou_man1,4.481534378761797
沧州-0205,116.830907,38.256974,沧州市,手机,Ethernet,cangzhou_man1,1.0366235219390378
沧州-0206,116.508034,38.159879,沧州市,laptop,Ethernet,cangzhou_man1,1.8097933017658245
沧州-0207,116.862832,38.306743,沧州市,PC,Ethernet,cangzhou_man1,1.2171789591860813
沧州-0208,116.996406,38.14766,沧州市,laptop,Ethernet,cangzhou_man1,1.6739219222203712
沧州-0209,116.623887,38.176168,沧州市,手机,Ethernet,cangzhou_man1,1.1073052735753088
沧州-0210,116.855786,38.28875,沧州市,laptop,Ethernet,cangzhou_man1,1.3684398576259587
沧州-0211,116.840002,38.300012,沧州市,PC,Wifi,cangzhou_man1,2.22231063610073
沧州-0212,116.832563,38.30699,沧州市,传感器,Cellular,cangzhou_man1,3.6124653469665637
沧州-0213,116.797096,38.287047,沧州市,传感器,Cellular,cangzhou_man1,4.761150360926438
沧州-0214,116.675041,38.177362,沧州市,PC,Ethernet,cangzhou_man1,1.5364025027817885
沧州-0215,116.904439,38.268652,沧州市,传感器,Wifi,cangzhou_man1,2.438031760256248
沧州-0216,116.822227,38.393609,沧州市,传感器,Ethernet,cangzhou_man1,1.459903899698948
沧州-0217,116.473761,38.128799,沧州市,laptop,Ethernet,cangzhou_man1,1.9219205056191808
沧州-0218,116.875198,38.298019,沧州市,PC,Ethernet,cangzhou_man1,1.9881250144226716
沧州-0219,116.521018,38.438186,沧州市,PC,Cellular,cangzhou_man1,1.5594699331158668
沧州-0220,116.463534,38.291331,沧州市,PC,Wifi,cangzhou_man2,2.4842819550134343
沧州-0221,116.840232,38.300182,沧州市,传感器,Cellular,cangzhou_man1,3.812049046484254
沧州-0222,117.109328,38.551094,沧州市,传感器,Wifi,cangzhou_man1,1.5143032130767042
沧州-0223,116.805338,38.367741,沧州市,laptop,Wifi,cangzhou_man1,4.580314084752574
沧州-0224,116.841653,38.338555,沧州市,laptop,Wifi,cangzhou_man1,3.017732787650699
沧州-0225,117.127561,38.275781,沧州市,laptop,Ethernet,cangzhou_man1,1.078958615878855
沧州-0226,116.839969,38.30004,沧州市,laptop,Ethernet,cangzhou_man1,1.4293379004892708
沧州-0227,116.571058,38.213161,沧州市,手机,Ethernet,cangzhou_man1,1.4367460749420107
沧州-0228,116.841876,38.304955,沧州市,PC,Ethernet,cangzhou_man1,1.3656775961093703
沧州-0229,116.856712,38.332996,沧州市,PC,Cellular,cangzhou_man1,1.4210552146709727
沧州-0230,116.841989,38.297722,沧州市,laptop,Wifi,cangzhou_man1,1.8241007723409988
沧州-0231,116.839249,38.302015,沧州市,PC,Cellular,cangzhou_man1,1.7436571778086587
沧州-0232,116.568901,38.447295,沧州市,手机,Ethernet,cangzhou_man1,1.1935814440349959
沧州-0233,116.840217,38.299922,沧州市,手机,Wifi,cangzhou_man1,4.609748297018224
沧州-0234,116.546601,38.236864,沧州市,传感器,Ethernet,cangzhou_man1,1.8488442554405098
沧州-0235,116.756638,38.543317,沧州市,laptop,Cellular,cangzhou_man1,4.68451121142642
沧州-0236,116.796291,38.41859,沧州市,手机,Cellular,cangzhou_man1,7.160960399827633
沧州-0237,116.778417,38.327484,沧州市,手机,Cellular,cangzhou_man1,7.252581072968182
沧州-0238,116.848866,38.291451,沧州市,手机,Cellular,cangzhou_man1,2.1220791637034333
沧州-0239,116.616291,38.496569,沧州市,laptop,Cellular,cangzhou_man1,3.8755758814388557
沧州-0240,116.839256,38.308682,沧州市,laptop,Ethernet,cangzhou_man1,1.991554981468129
沧州-0241,116.83929,38.300314,沧州市,手机,Cellular,cangzhou_man1,1.2134794171713645
沧州-0242,116.72334,38.406916,沧州市,laptop,Ethernet,cangzhou_man1,1.9260563991823214
沧州-0243,116.835148,38.302305,沧州市,传感器,Ethernet,cangzhou_man1,1.1436352239497527
沧州-0244,116.634377,38.156944,沧州市,传感器,Wifi,cangzhou_man1,4.4595529729952395
沧州-0245,117.028893,38.246661,沧州市,手机,Wifi,cangzhou_man1,4.280995663094616
沧州-0246,116.777485,38.575368,沧州市,PC,Cellular,cangzhou_man1,4.395086178709462
沧州-0247,116.846264,38.30681,沧州市,手机,Wifi,cangzhou_man1,4.281812559589028
沧州-0248,116.870822,38.293444,沧州市,PC,Ethernet,cangzhou_man1,1.3507166025168047
沧州-0249,116.839296,38.301134,沧州市,手机,Ethernet,cangzhou_man1,1.7440731411380674
沧州-0250,116.890045,38.19696,沧州市,手机,Ethernet,cangzhou_man1,1.87532097624959
沧州-0251,116.844547,38.294739,沧州市,手机,Ethernet,cangzhou_man1,1.069330450267367
沧州-0252,116.742004,38.333611,沧州市,传感器,Wifi,cangzhou_man1,1.1864753149254117
沧州-0253,116.751904,38.25069,沧州市,传感器,Ethernet,cangzhou_man1,1.7498559029271856
沧州-0254,116.841363,38.301193,沧州市,laptop,Wifi,cangzhou_man1,3.990589852135346
沧州-0255,116.799734,38.509009,沧州市,laptop,Ethernet,cangzhou_man1,1.0610147728195165
沧州-0256,116.841671,38.29617,沧州市,手机,Cellular,cangzhou_man1,6.105848498154199
沧州-0257,116.803101,38.350741,沧州市,手机,Cellular,cangzhou_man1,5.645862593191516
沧州-0258,116.754903,38.242281,沧州市,PC,Wifi,cangzhou_man1,3.899915821187951
沧州-0259,116.917377,38.319573,沧州市,手机,Ethernet,cangzhou_man1,1.9316126910131022
沧州-0260,116.84044,38.299347,沧州市,PC,Wifi,cangzhou_man1,2.346413967268667
沧州-0261,116.852161,38.295005,沧州市,PC,Ethernet,cangzhou_man1,1.42074255042056
沧州-0262,116.83034,38.29505,沧州市,手机,Wifi,cangzhou_man1,2.2796334202076944
沧州-0263,116.880006,38.307577,沧州市,PC,Cellular,cangzhou_man1,1.6887243347567567
沧州-0264,116.974502,38.416366,沧州市,手机,Ethernet,cangzhou_man1,1.85488939856409
沧州-0265,116.836071,38.30594,沧州市,手机,Cellular,cangzhou_man1,6.9048425287210415
沧州-0266,117.029425,38.408271,沧州市,PC,Wifi,cangzhou_man1,4.696038292951549
沧州-0267,116.940992,38.27243,沧州市,laptop,Ethernet,cangzhou_man1,1.0469140806864097
沧州-0268,116.838699,38.003781,沧州市,手机,Ethernet,cangzhou_man1,1.8626765951867936
沧州-0269,116.862758,38.07091,沧州市,传感器,Wifi,cangzhou_man1,4.859874523262859
沧州-0270,116.61903,38.513367,沧州市,手机,Wifi,cangzhou_man1,2.348900428453434
沧州-0271,116.790855,38.313669,沧州市,传感器,Cellular,cangzhou_man1,6.30429791503436
沧州-0272,116.869523,38.306087,沧州市,laptop,Ethernet,cangzhou_man1,1.9583655325427358
沧州-0273,116.842352,38.339232,沧州市,传感器,Ethernet,cangzhou_man1,1.703384007776274
沧州-0274,116.835062,38.302935,沧州市,PC,Cellular,cangzhou_man1,7.716184499959801
沧州-0275,116.557913,38.411912,沧州市,手机,Cellular,cangzhou_man1,7.47471958974172
沧州-0276,116.690015,38.546641,沧州市,手机,Ethernet,cangzhou_man1,1.401484393240684
沧州-0277,116.814894,38.318349,沧州市,手机,Cellular,cangzhou_man1,1.5798908969846124
沧州-0278,116.909698,38.248453,沧州市,手机,Cellular,cangzhou_man1,7.958876651066715
沧州-0279,116.710501,38.11672,沧州市,PC,Wifi,cangzhou_man1,4.247776382226526
沧州-0280,117.023609,38.356554,沧州市,laptop,Cellular,cangzhou_man1,5.306187120334838
沧州-0281,116.924218,38.393401,沧州市,手机,Wifi,cangzhou_man1,4.129252036523885
沧州-0282,117.207087,38.227597,沧州市,laptop,Cellular,cangzhou_man1,6.814381172661216
沧州-0283,116.808881,38.318982,沧州市,传感器,Wifi,cangzhou_man1,2.349989232286656
沧州-0284,116.763971,38.317514,沧州市,laptop,Wifi,cangzhou_man1,1.4740090317675674
沧州-0285,116.966178,38.373222,沧州市,手机,Wifi,cangzhou_man1,4.39902292055571
沧州-0286,116.883747,38.235632,沧州市,PC,Cellular,cangzhou_man1,3.1721878680389795
沧州-0287,116.981505,38.599863,沧州市,PC,Ethernet,cangzhou_man1,1.6523662347324493
沧州-0288,116.819767,38.253782,沧州市,PC,Ethernet,cangzhou_man1,1.707535807304407
沧州-0289,116.839697,38.300413,沧州市,手机,Wifi,cangzhou_man1,1.4651455543691059
沧州-0290,116.842417,38.298311,沧州市,手机,Cellular,cangzhou_man1,7.679596058967081
沧州-0291,116.84,38.3,沧州市,传感器,Wifi,cangzhou_man1,4.935117762633967
沧州-0292,117.223817,38.398453,沧州市,PC,Ethernet,cangzhou_man1,1.0862921381914392
沧州-0293,116.552488,38.293861,沧州市,传感器,Ethernet,cangzhou_man1,1.9608578518296471
沧州-0294,116.874264,38.314749,沧州市,PC,Ethernet,cangzhou_man1,1.030607819260835
沧州-0295,116.803034,38.26753,沧州市,传感器,Ethernet,cangzhou_man1,1.9306298501939954
沧州-0296,116.839983,38.299982,沧州市,PC,Ethernet,cangzhou_man1,1.3776667405815153
沧州-0297,116.785024,38.228052,沧州市,传感器,Cellular,cangzhou_man1,1.2221522717936253
沧州-0298,116.852328,38.388063,沧州市,手机,Cellular,cangzhou_man1,6.6182429442163135
沧州-0299,116.913373,38.096218,沧州市,传感器,Ethernet,cangzhou_man1,1.0424319978282905
沧州-0300,116.849781,38.349937,沧州市,传感器,Cellular,cangzhou_man1,2.034525473549705
沧州-0301,116.84,38.300001,沧州市,laptop,Ethernet,cangzhou_man1,1.4462403606914456
沧州-0302,116.841615,38.298528,沧州市,laptop,Cellular,cangzhou_man1,4.192333083644769
沧州-0303,116.993095,38.285939,沧州市,PC,Cellular,cangzhou_man1,7.344939465044172
沧州-0304,116.653942,38.384523,沧州市,手机,Cellular,cangzhou_man1,6.170367466862806
沧州-0305,116.767051,38.219299,沧州市,手机,Ethernet,cangzhou_man1,1.6236876297440992
沧州-0306,116.839985,38.300009,沧州市,laptop,Wifi,cangzhou_man1,2.6381327759969
沧州-0307,116.840776,38.299852,沧州市,PC,Wifi,cangzhou_man1,2.2178120678792492
沧州-0308,116.924378,38.267782,沧州市,手机,Cellular,cangzhou_man1,1.8055866687776532
沧州-0309,116.688602,38.293471,沧州市,PC,Cellular,cangzhou_man1,4.458488557115063
沧州-0310,116.564152,38.494772,沧州市,手机,Cellular,cangzhou_man1,5.567354403133081
沧州-0311,116.825263,38.307598,沧州市,传感器,Cellular,cangzhou_man1,5.943544977067856
沧州-0312,116.91379,38.314203,沧州市,传感器,Cellular,cangzhou_man1,6.527003726914604
沧州-0313,116.883615,38.175845,沧州市,传感器,Ethernet,cangzhou_man1,1.4975625997999784
沧州-0314,116.964236,38.295421,沧州市,PC,Ethernet,cangzhou_man1,1.5018024058808082
沧州-0315,116.838291,38.295423,沧州市,手机,Wifi,cangzhou_man1,3.8840845203281456
沧州-0316,116.810509,38.278077,沧州市,手机,Cellular,cangzhou_man1,6.0881658527842255
沧州-0317,116.79157,38.315635,沧州市,传感器,Cellular,cangzhou_man1,3.7639594406329993
沧州-0318,116.809293,38.282064,沧州市,手机,Ethernet,cangzhou_man1,1.818395631142148
沧州-0319,116.819413,38.307028,沧州市,传感器,Wifi,cangzhou_man1,1.8238306325052185
沧州-0320,116.830605,38.358286,沧州市,传感器,Wifi,cangzhou_man1,1.096982698662349
沧州-0321,116.83866,38.298617,沧州市,PC,Ethernet,cangzhou_man1,1.6897026483627586
沧州-0322,116.826226,38.282875,沧州市,laptop,Ethernet,cangzhou_man1,1.0328431827989322
沧州-0323,116.852836,38.29446,沧州市,传感器,Wifi,cangzhou_man1,1.551508876463664
沧州-0324,116.837767,38.301824,沧州市,PC,Cellular,cangzhou_man1,5.785533673711803
沧州-0325,116.537993,38.252896,沧州市,PC,Wifi,cangzhou_man1,2.113568091839653
沧州-0326,116.841426,38.296879,沧州市,手机,Ethernet,cangzhou_man1,1.97398049423053
沧州-0327,116.877387,38.303915,沧州市,手机,Wifi,cangzhou_man1,2.150630277996344
沧州-0328,116.834743,38.328908,沧州市,传感器,Wifi,cangzhou_man1,3.8927030707008288
沧州-0329,116.788804,38.13623,沧州市,传感器,Ethernet,cangzhou_man1,1.7672800314909503
沧州-0330,116.84038,38.300132,沧州市,传感器,Cellular,cangzhou_man1,7.9888246536521095
沧州-0331,116.780602,38.352295,沧州市,laptop,Ethernet,cangzhou_man1,1.4537494707881535
沧州-0332,116.840036,38.299997,沧州市,laptop,Wifi,cangzhou_man1,2.0178503965434818
