source_name,source_ID,destination_name,destination_ID,lantency,path,sub_path,tunnelId
beijing_man1,1,beijing_cloud1,5,1.1,beijing_man1-beijing_core1-beijing_cloud1,"[beijing_man1-beijing_core1],[beijing_core1-beijing_cloud1]",beijing_man1~beijing_cloud1
beijing_man1,1,beijing_cloud2,6,1.1,beijing_man1-beijing_core2-beijing_cloud2,"[beijing_man1-beijing_core2],[beijing_core2-beijing_cloud2]",beijing_man1~beijing_cloud2
beijing_man1,1,beijing_edge1,7,0.1,beijing_man1-beijing_edge1,[beijing_man1-beijing_edge1],beijing_man1~beijing_edge1
beijing_man1,1,beijing_edge2,8,0.6,beijing_man1-beijing_edge2,[beijing_man1-beijing_edge2],beijing_man1~beijing_edge2
beijing_man1,1,beijing_edge3,9,0.6,beijing_man1-beijing_edge3,[beijing_man1-beijing_edge3],beijing_man1~beijing_edge3
beijing_man1,1,beijing_edge4,10,0.6,beijing_man1-beijing_edge4,[beijing_man1-beijing_edge4],beijing_man1~beijing_edge4
beijing_man1,1,tianjin_cloud1,15,3.56,beijing_man1-beijing_core1-tianjin_core1-tianjin_cloud1,"[beijing_man1-beijing_core1],[beijing_core1-tianjin_core1],[tianjin_core1-tianjin_cloud1]",beijing_man1~tianjin_cloud1
beijing_man1,1,tianjin_cloud2,16,4.56,beijing_man1-beijing_core1-tianjin_core1-tianjin_cloud2,"[beijing_man1-beijing_core1],[beijing_core1-tianjin_core1],[tianjin_core1-tianjin_cloud2]",beijing_man1~tianjin_cloud2
beijing_man1,1,tianjin_edge1,17,4.56,beijing_man1-beijing_core1-tianjin_core1-tianjin_man1-tianjin_edge1,"[beijing_man1-beijing_core1],[beijing_core1-tianjin_core1],[tianjin_core1-tianjin_man1],[tianjin_man1-tianjin_edge1]",beijing_man1~tianjin_edge1
beijing_man1,1,tianjin_edge2,18,4.56,beijing_man1-beijing_core1-tianjin_core1-tianjin_man2-tianjin_edge2,"[beijing_man1-beijing_core1],[beijing_core1-tianjin_core1],[tianjin_core1-tianjin_man2],[tianjin_man2-tianjin_edge2]",beijing_man1~tianjin_edge2
beijing_man1,1,tianjin_edge3,19,5.06,beijing_man1-beijing_core1-tianjin_core1-tianjin_man1-tianjin_edge3,"[beijing_man1-beijing_core1],[beijing_core1-tianjin_core1],[tianjin_core1-tianjin_man1],[tianjin_man1-tianjin_edge3]",beijing_man1~tianjin_edge3
beijing_man1,1,tianjin_edge4,20,5.06,beijing_man1-beijing_core1-tianjin_core1-tianjin_man1-tianjin_edge4,"[beijing_man1-beijing_core1],[beijing_core1-tianjin_core1],[tianjin_core1-tianjin_man1],[tianjin_man1-tianjin_edge4]",beijing_man1~tianjin_edge4
beijing_man1,1,shijiangzhuang_cloud,24,7.09,beijing_man1-beijing_core2-shijiangzhuang_core-shijiangzhuang_cloud,"[beijing_man1-beijing_core2],[beijing_core2-shijiangzhuang_core],[shijiangzhuang_core-shijiangzhuang_cloud]",beijing_man1~shijiangzhuang_cloud
beijing_man1,1,baoding_cloud,36,11.34,beijing_man1-beijing_core1-tangshan_core-baoding_man2-baoding_cloud,"[beijing_man1-beijing_core1],[beijing_core1-tangshan_core],[tangshan_core-baoding_man2],[baoding_man2-baoding_cloud]",beijing_man1~baoding_cloud
beijing_man1,1,zhangjiako_cloud,39,6.83,beijing_man1-beijing_core1-zhangjiako_man1-zhangjiako_cloud,"[beijing_man1-beijing_core1],[beijing_core1-zhangjiako_man1],[zhangjiako_man1-zhangjiako_cloud]",beijing_man1~zhangjiako_cloud
beijing_man1,1,shijiangzhuang_edge1,48,8.09,beijing_man1-beijing_core2-shijiangzhuang_core-shijiangzhuang_man1-shijiangzhuang_edge1,"[beijing_man1-beijing_core2],[beijing_core2-shijiangzhuang_core],[shijiangzhuang_core-shijiangzhuang_man1],[shijiangzhuang_man1-shijiangzhuang_edge1]",beijing_man1~shijiangzhuang_edge1
beijing_man1,1,shijiangzhuang_edge2,49,8.09,beijing_man1-beijing_core2-shijiangzhuang_core-shijiangzhuang_man2-shijiangzhuang_edge2,"[beijing_man1-beijing_core2],[beijing_core2-shijiangzhuang_core],[shijiangzhuang_core-shijiangzhuang_man2],[shijiangzhuang_man2-shijiangzhuang_edge2]",beijing_man1~shijiangzhuang_edge2
beijing_man1,1,tangshan_edge1,50,5.35,beijing_man1-beijing_core1-tangshan_core-tangshan_man1-tangshan_edge1,"[beijing_man1-beijing_core1],[beijing_core1-tangshan_core],[tangshan_core-tangshan_man1],[tangshan_man1-tangshan_edge1]",beijing_man1~tangshan_edge1
beijing_man1,1,tangshan_edge2,51,5.35,beijing_man1-beijing_core1-tangshan_core-tangshan_man2-tangshan_edge2,"[beijing_man1-beijing_core1],[beijing_core1-tangshan_core],[tangshan_core-tangshan_man2],[tangshan_man2-tangshan_edge2]",beijing_man1~tangshan_edge2
beijing_man1,1,qhd_edge1,52,7.85,beijing_man1-beijing_core1-tangshan_core-qhd_man1-qhd_edge1,"[beijing_man1-beijing_core1],[beijing_core1-tangshan_core],[tangshan_core-qhd_man1],[qhd_man1-qhd_edge1]",beijing_man1~qhd_edge1
beijing_man1,1,qhd_edge2,53,8.42,beijing_man1-beijing_core1-tangshan_core-qhd_man2-qhd_edge2,"[beijing_man1-beijing_core1],[beijing_core1-tangshan_core],[tangshan_core-qhd_man2],[qhd_man2-qhd_edge2]",beijing_man1~qhd_edge2
beijing_man1,1,handan_edge1,54,11.19,beijing_man1-beijing_core2-shijiangzhuang_core-handan_man1-handan_edge1,"[beijing_man1-beijing_core2],[beijing_core2-shijiangzhuang_core],[shijiangzhuang_core-handan_man1],[handan_man1-handan_edge1]",beijing_man1~handan_edge1
beijing_man1,1,handan_edge2,55,11.19,beijing_man1-beijing_core2-shijiangzhuang_core-handan_man2-handan_edge2,"[beijing_man1-beijing_core2],[beijing_core2-shijiangzhuang_core],[shijiangzhuang_core-handan_man2],[handan_man2-handan_edge2]",beijing_man1~handan_edge2
beijing_man1,1,xingtai_edge1,56,10.09,beijing_man1-beijing_core2-shijiangzhuang_core-xingtai_man1-xingtai_edge1,"[beijing_man1-beijing_core2],[beijing_core2-shijiangzhuang_core],[shijiangzhuang_core-xingtai_man1],[xingtai_man1-xingtai_edge1]",beijing_man1~xingtai_edge1
beijing_man1,1,xingtai_edge2,57,10.09,beijing_man1-beijing_core2-shijiangzhuang_core-xingtai_man2-xingtai_edge2,"[beijing_man1-beijing_core2],[beijing_core2-shijiangzhuang_core],[shijiangzhuang_core-xingtai_man2],[xingtai_man2-xingtai_edge2]",beijing_man1~xingtai_edge2
beijing_man1,1,baoding_edge1,58,10.6,beijing_man1-beijing_core2-shijiangzhuang_core-baoding_man1-baoding_edge1,"[beijing_man1-beijing_core2],[beijing_core2-shijiangzhuang_core],[shijiangzhuang_core-baoding_man1],[baoding_man1-baoding_edge1]",beijing_man1~baoding_edge1
beijing_man1,1,baoding_edge2,59,10.34,beijing_man1-beijing_core1-tangshan_core-baoding_man2-baoding_edge2,"[beijing_man1-beijing_core1],[beijing_core1-tangshan_core],[tangshan_core-baoding_man2],[baoding_man2-baoding_edge2]",beijing_man1~baoding_edge2
beijing_man1,1,zhangjiako_edge1,60,5.83,beijing_man1-beijing_core1-zhangjiako_man1-zhangjiako_edge1,"[beijing_man1-beijing_core1],[beijing_core1-zhangjiako_man1],[zhangjiako_man1-zhangjiako_edge1]",beijing_man1~zhangjiako_edge1
beijing_man1,1,zhangjiako_edge2,61,5.83,beijing_man1-beijing_core2-zhangjiako_man2-zhangjiako_edge2,"[beijing_man1-beijing_core2],[beijing_core2-zhangjiako_man2],[zhangjiako_man2-zhangjiako_edge2]",beijing_man1~zhangjiako_edge2
beijing_man1,1,chengde_edge1,62,6.59,beijing_man1-beijing_core1-chengde_man1-chengde_edge1,"[beijing_man1-beijing_core1],[beijing_core1-chengde_man1],[chengde_man1-chengde_edge1]",beijing_man1~chengde_edge1
beijing_man1,1,chengde_edge2,63,6.59,beijing_man1-beijing_core1-chengde_man2-chengde_edge2,"[beijing_man1-beijing_core1],[beijing_core1-chengde_man2],[chengde_man2-chengde_edge2]",beijing_man1~chengde_edge2
beijing_man1,1,cangzhou_edge1,64,6.34,beijing_man1-beijing_core1-tianjin_core1-cangzhou_man1-cangzhou_edge1,"[beijing_man1-beijing_core1],[beijing_core1-tianjin_core1],[tianjin_core1-cangzhou_man1],[cangzhou_man1-cangzhou_edge1]",beijing_man1~cangzhou_edge1
beijing_man1,1,cangzhou_edge2,65,6.34,beijing_man1-beijing_core1-tianjin_core1-cangzhou_man2-cangzhou_edge2,"[beijing_man1-beijing_core1],[beijing_core1-tianjin_core1],[tianjin_core1-cangzhou_man2],[cangzhou_man2-cangzhou_edge2]",beijing_man1~cangzhou_edge2
beijing_man1,1,langfang_edge1,66,2.47,beijing_man1-beijing_core2-langfang_man1-langfang_edge1,"[beijing_man1-beijing_core2],[beijing_core2-langfang_man1],[langfang_man1-langfang_edge1]",beijing_man1~langfang_edge1
beijing_man1,1,langfang_edge2,67,2.47,beijing_man1-beijing_core1-langfang_man2-langfang_edge2,"[beijing_man1-beijing_core1],[beijing_core1-langfang_man2],[langfang_man2-langfang_edge2]",beijing_man1~langfang_edge2
beijing_man1,1,hengshui_edge1,68,10.07,beijing_man1-beijing_core2-shijiangzhuang_core-hengshui_man1-hengshui_edge1,"[beijing_man1-beijing_core2],[beijing_core2-shijiangzhuang_core],[shijiangzhuang_core-hengshui_man1],[hengshui_man1-hengshui_edge1]",beijing_man1~hengshui_edge1
beijing_man1,1,hengshui_edge2,69,10.07,beijing_man1-beijing_core2-shijiangzhuang_core-hengshui_man2-hengshui_edge2,"[beijing_man1-beijing_core2],[beijing_core2-shijiangzhuang_core],[shijiangzhuang_core-hengshui_man2],[hengshui_man2-hengshui_edge2]",beijing_man1~hengshui_edge2
beijing_man2,2,beijing_cloud1,5,1.1,beijing_man2-beijing_core1-beijing_cloud1,"[beijing_man2-beijing_core1],[beijing_core1-beijing_cloud1]",beijing_man2~beijing_cloud1
beijing_man2,2,beijing_cloud2,6,1.1,beijing_man2-beijing_core2-beijing_cloud2,"[beijing_man2-beijing_core2],[beijing_core2-beijing_cloud2]",beijing_man2~beijing_cloud2
beijing_man2,2,beijing_edge1,7,0.6,beijing_man2-beijing_edge1,[beijing_man2-beijing_edge1],beijing_man2~beijing_edge1
beijing_man2,2,beijing_edge2,8,0.1,beijing_man2-beijing_edge2,[beijing_man2-beijing_edge2],beijing_man2~beijing_edge2
beijing_man2,2,beijing_edge3,9,0.6,beijing_man2-beijing_edge3,[beijing_man2-beijing_edge3],beijing_man2~beijing_edge3
beijing_man2,2,beijing_edge4,10,0.6,beijing_man2-beijing_edge4,[beijing_man2-beijing_edge4],beijing_man2~beijing_edge4
beijing_man2,2,tianjin_cloud1,15,3.56,beijing_man2-beijing_core1-tianjin_core1-tianjin_cloud1,"[beijing_man2-beijing_core1],[beijing_core1-tianjin_core1],[tianjin_core1-tianjin_cloud1]",beijing_man2~tianjin_cloud1
beijing_man2,2,tianjin_cloud2,16,4.56,beijing_man2-beijing_core1-tianjin_core1-tianjin_cloud2,"[beijing_man2-beijing_core1],[beijing_core1-tianjin_core1],[tianjin_core1-tianjin_cloud2]",beijing_man2~tianjin_cloud2
beijing_man2,2,tianjin_edge1,17,4.56,beijing_man2-beijing_core1-tianjin_core1-tianjin_man1-tianjin_edge1,"[beijing_man2-beijing_core1],[beijing_core1-tianjin_core1],[tianjin_core1-tianjin_man1],[tianjin_man1-tianjin_edge1]",beijing_man2~tianjin_edge1
beijing_man2,2,tianjin_edge2,18,4.56,beijing_man2-beijing_core1-tianjin_core1-tianjin_man2-tianjin_edge2,"[beijing_man2-beijing_core1],[beijing_core1-tianjin_core1],[tianjin_core1-tianjin_man2],[tianjin_man2-tianjin_edge2]",beijing_man2~tianjin_edge2
beijing_man2,2,tianjin_edge3,19,5.06,beijing_man2-beijing_core1-tianjin_core1-tianjin_man2-tianjin_edge3,"[beijing_man2-beijing_core1],[beijing_core1-tianjin_core1],[tianjin_core1-tianjin_man2],[tianjin_man2-tianjin_edge3]",beijing_man2~tianjin_edge3
beijing_man2,2,tianjin_edge4,20,5.06,beijing_man2-beijing_core1-tianjin_core1-tianjin_man2-tianjin_edge4,"[beijing_man2-beijing_core1],[beijing_core1-tianjin_core1],[tianjin_core1-tianjin_man2],[tianjin_man2-tianjin_edge4]",beijing_man2~tianjin_edge4
beijing_man2,2,shijiangzhuang_cloud,24,7.09,beijing_man2-beijing_core2-shijiangzhuang_core-shijiangzhuang_cloud,"[beijing_man2-beijing_core2],[beijing_core2-shijiangzhuang_core],[shijiangzhuang_core-shijiangzhuang_cloud]",beijing_man2~shijiangzhuang_cloud
beijing_man2,2,baoding_cloud,36,11.34,beijing_man2-beijing_core1-tangshan_core-baoding_man2-baoding_cloud,"[beijing_man2-beijing_core1],[beijing_core1-tangshan_core],[tangshan_core-baoding_man2],[baoding_man2-baoding_cloud]",beijing_man2~baoding_cloud
beijing_man2,2,zhangjiako_cloud,39,6.83,beijing_man2-beijing_core2-zhangjiako_man2-zhangjiako_cloud,"[beijing_man2-beijing_core2],[beijing_core2-zhangjiako_man2],[zhangjiako_man2-zhangjiako_cloud]",beijing_man2~zhangjiako_cloud
beijing_man2,2,shijiangzhuang_edge1,48,8.09,beijing_man2-beijing_core2-shijiangzhuang_core-shijiangzhuang_man1-shijiangzhuang_edge1,"[beijing_man2-beijing_core2],[beijing_core2-shijiangzhuang_core],[shijiangzhuang_core-shijiangzhuang_man1],[shijiangzhuang_man1-shijiangzhuang_edge1]",beijing_man2~shijiangzhuang_edge1
beijing_man2,2,shijiangzhuang_edge2,49,8.09,beijing_man2-beijing_core2-shijiangzhuang_core-shijiangzhuang_man2-shijiangzhuang_edge2,"[beijing_man2-beijing_core2],[beijing_core2-shijiangzhuang_core],[shijiangzhuang_core-shijiangzhuang_man2],[shijiangzhuang_man2-shijiangzhuang_edge2]",beijing_man2~shijiangzhuang_edge2
beijing_man2,2,tangshan_edge1,50,5.35,beijing_man2-beijing_core1-tangshan_core-tangshan_man1-tangshan_edge1,"[beijing_man2-beijing_core1],[beijing_core1-tangshan_core],[tangshan_core-tangshan_man1],[tangshan_man1-tangshan_edge1]",beijing_man2~tangshan_edge1
beijing_man2,2,tangshan_edge2,51,5.35,beijing_man2-beijing_core1-tangshan_core-tangshan_man2-tangshan_edge2,"[beijing_man2-beijing_core1],[beijing_core1-tangshan_core],[tangshan_core-tangshan_man2],[tangshan_man2-tangshan_edge2]",beijing_man2~tangshan_edge2
beijing_man2,2,qhd_edge1,52,7.85,beijing_man2-beijing_core1-tangshan_core-qhd_man1-qhd_edge1,"[beijing_man2-beijing_core1],[beijing_core1-tangshan_core],[tangshan_core-qhd_man1],[qhd_man1-qhd_edge1]",beijing_man2~qhd_edge1
beijing_man2,2,qhd_edge2,53,8.42,beijing_man2-beijing_core1-tangshan_core-qhd_man2-qhd_edge2,"[beijing_man2-beijing_core1],[beijing_core1-tangshan_core],[tangshan_core-qhd_man2],[qhd_man2-qhd_edge2]",beijing_man2~qhd_edge2
beijing_man2,2,handan_edge1,54,11.19,beijing_man2-beijing_core2-shijiangzhuang_core-handan_man1-handan_edge1,"[beijing_man2-beijing_core2],[beijing_core2-shijiangzhuang_core],[shijiangzhuang_core-handan_man1],[handan_man1-handan_edge1]",beijing_man2~handan_edge1
beijing_man2,2,handan_edge2,55,11.19,beijing_man2-beijing_core2-shijiangzhuang_core-handan_man2-handan_edge2,"[beijing_man2-beijing_core2],[beijing_core2-shijiangzhuang_core],[shijiangzhuang_core-handan_man2],[handan_man2-handan_edge2]",beijing_man2~handan_edge2
beijing_man2,2,xingtai_edge1,56,10.09,beijing_man2-beijing_core2-shijiangzhuang_core-xingtai_man1-xingtai_edge1,"[beijing_man2-beijing_core2],[beijing_core2-shijiangzhuang_core],[shijiangzhuang_core-xingtai_man1],[xingtai_man1-xingtai_edge1]",beijing_man2~xingtai_edge1
beijing_man2,2,xingtai_edge2,57,10.09,beijing_man2-beijing_core2-shijiangzhuang_core-xingtai_man2-xingtai_edge2,"[beijing_man2-beijing_core2],[beijing_core2-shijiangzhuang_core],[shijiangzhuang_core-xingtai_man2],[xingtai_man2-xingtai_edge2]",beijing_man2~xingtai_edge2
beijing_man2,2,baoding_edge1,58,10.6,beijing_man2-beijing_core2-shijiangzhuang_core-baoding_man1-baoding_edge1,"[beijing_man2-beijing_core2],[beijing_core2-shijiangzhuang_core],[shijiangzhuang_core-baoding_man1],[baoding_man1-baoding_edge1]",beijing_man2~baoding_edge1
beijing_man2,2,baoding_edge2,59,10.34,beijing_man2-beijing_core1-tangshan_core-baoding_man2-baoding_edge2,"[beijing_man2-beijing_core1],[beijing_core1-tangshan_core],[tangshan_core-baoding_man2],[baoding_man2-baoding_edge2]",beijing_man2~baoding_edge2
beijing_man2,2,zhangjiako_edge1,60,5.83,beijing_man2-beijing_core2-zhangjiako_man1-zhangjiako_edge1,"[beijing_man2-beijing_core2],[beijing_core2-zhangjiako_man1],[zhangjiako_man1-zhangjiako_edge1]",beijing_man2~zhangjiako_edge1
beijing_man2,2,zhangjiako_edge2,61,5.83,beijing_man2-beijing_core2-zhangjiako_man2-zhangjiako_edge2,"[beijing_man2-beijing_core2],[beijing_core2-zhangjiako_man2],[zhangjiako_man2-zhangjiako_edge2]",beijing_man2~zhangjiako_edge2
beijing_man2,2,chengde_edge1,62,6.59,beijing_man2-beijing_core1-chengde_man1-chengde_edge1,"[beijing_man2-beijing_core1],[beijing_core1-chengde_man1],[chengde_man1-chengde_edge1]",beijing_man2~chengde_edge1
beijing_man2,2,chengde_edge2,63,6.59,beijing_man2-beijing_core2-chengde_man2-chengde_edge2,"[beijing_man2-beijing_core2],[beijing_core2-chengde_man2],[chengde_man2-chengde_edge2]",beijing_man2~chengde_edge2
beijing_man2,2,cangzhou_edge1,64,6.34,beijing_man2-beijing_core1-tianjin_core1-cangzhou_man1-cangzhou_edge1,"[beijing_man2-beijing_core1],[beijing_core1-tianjin_core1],[tianjin_core1-cangzhou_man1],[cangzhou_man1-cangzhou_edge1]",beijing_man2~cangzhou_edge1
beijing_man2,2,cangzhou_edge2,65,6.34,beijing_man2-beijing_core1-tianjin_core1-cangzhou_man2-cangzhou_edge2,"[beijing_man2-beijing_core1],[beijing_core1-tianjin_core1],[tianjin_core1-cangzhou_man2],[cangzhou_man2-cangzhou_edge2]",beijing_man2~cangzhou_edge2
beijing_man2,2,langfang_edge1,66,2.47,beijing_man2-beijing_core2-langfang_man1-langfang_edge1,"[beijing_man2-beijing_core2],[beijing_core2-langfang_man1],[langfang_man1-langfang_edge1]",beijing_man2~langfang_edge1
beijing_man2,2,langfang_edge2,67,2.47,beijing_man2-beijing_core1-langfang_man2-langfang_edge2,"[beijing_man2-beijing_core1],[beijing_core1-langfang_man2],[langfang_man2-langfang_edge2]",beijing_man2~langfang_edge2
beijing_man2,2,hengshui_edge1,68,10.07,beijing_man2-beijing_core2-shijiangzhuang_core-hengshui_man1-hengshui_edge1,"[beijing_man2-beijing_core2],[beijing_core2-shijiangzhuang_core],[shijiangzhuang_core-hengshui_man1],[hengshui_man1-hengshui_edge1]",beijing_man2~hengshui_edge1
beijing_man2,2,hengshui_edge2,69,10.07,beijing_man2-beijing_core2-shijiangzhuang_core-hengshui_man2-hengshui_edge2,"[beijing_man2-beijing_core2],[beijing_core2-shijiangzhuang_core],[shijiangzhuang_core-hengshui_man2],[hengshui_man2-hengshui_edge2]",beijing_man2~hengshui_edge2
tianjin_man1,3,beijing_cloud1,5,3.56,tianjin_man1-tianjin_core1-beijing_core1-beijing_cloud1,"[tianjin_man1-tianjin_core1],[tianjin_core1-beijing_core1],[beijing_core1-beijing_cloud1]",tianjin_man1~beijing_cloud1
tianjin_man1,3,beijing_cloud2,6,3.97,tianjin_man1-tianjin_core1-beijing_core2-beijing_cloud2,"[tianjin_man1-tianjin_core1],[tianjin_core1-beijing_core2],[beijing_core2-beijing_cloud2]",tianjin_man1~beijing_cloud2
tianjin_man1,3,beijing_edge1,7,4.56,tianjin_man1-tianjin_core1-beijing_core1-beijing_man1-beijing_edge1,"[tianjin_man1-tianjin_core1],[tianjin_core1-beijing_core1],[beijing_core1-beijing_man1],[beijing_man1-beijing_edge1]",tianjin_man1~beijing_edge1
tianjin_man1,3,beijing_edge2,8,4.56,tianjin_man1-tianjin_core1-beijing_core1-beijing_man2-beijing_edge2,"[tianjin_man1-tianjin_core1],[tianjin_core1-beijing_core1],[beijing_core1-beijing_man2],[beijing_man2-beijing_edge2]",tianjin_man1~beijing_edge2
tianjin_man1,3,beijing_edge3,9,5.06,tianjin_man1-tianjin_core1-beijing_core1-beijing_man1-beijing_edge3,"[tianjin_man1-tianjin_core1],[tianjin_core1-beijing_core1],[beijing_core1-beijing_man1],[beijing_man1-beijing_edge3]",tianjin_man1~beijing_edge3
tianjin_man1,3,beijing_edge4,10,5.06,tianjin_man1-tianjin_core1-beijing_core1-beijing_man1-beijing_edge4,"[tianjin_man1-tianjin_core1],[tianjin_core1-beijing_core1],[beijing_core1-beijing_man1],[beijing_man1-beijing_edge4]",tianjin_man1~beijing_edge4
tianjin_man1,3,tianjin_cloud1,15,1.1,tianjin_man1-tianjin_core1-tianjin_cloud1,"[tianjin_man1-tianjin_core1],[tianjin_core1-tianjin_cloud1]",tianjin_man1~tianjin_cloud1
tianjin_man1,3,tianjin_cloud2,16,1.1,tianjin_man1-tianjin_core2-tianjin_cloud2,"[tianjin_man1-tianjin_core2],[tianjin_core2-tianjin_cloud2]",tianjin_man1~tianjin_cloud2
tianjin_man1,3,tianjin_edge1,17,0.1,tianjin_man1-tianjin_edge1,[tianjin_man1-tianjin_edge1],tianjin_man1~tianjin_edge1
tianjin_man1,3,tianjin_edge2,18,0.6,tianjin_man1-tianjin_edge2,[tianjin_man1-tianjin_edge2],tianjin_man1~tianjin_edge2
tianjin_man1,3,tianjin_edge3,19,0.6,tianjin_man1-tianjin_edge3,[tianjin_man1-tianjin_edge3],tianjin_man1~tianjin_edge3
tianjin_man1,3,tianjin_edge4,20,0.6,tianjin_man1-tianjin_edge4,[tianjin_man1-tianjin_edge4],tianjin_man1~tianjin_edge4
tianjin_man1,3,shijiangzhuang_cloud,24,8.49,tianjin_man1-tianjin_core1-shijiangzhuang_core-shijiangzhuang_cloud,"[tianjin_man1-tianjin_core1],[tianjin_core1-shijiangzhuang_core],[shijiangzhuang_core-shijiangzhuang_cloud]",tianjin_man1~shijiangzhuang_cloud
tianjin_man1,3,baoding_cloud,36,10.09,tianjin_man1-tianjin_core1-tangshan_core-baoding_man2-baoding_cloud,"[tianjin_man1-tianjin_core1],[tianjin_core1-tangshan_core],[tangshan_core-baoding_man2],[baoding_man2-baoding_cloud]",tianjin_man1~baoding_cloud
tianjin_man1,3,zhangjiako_cloud,39,9.3,tianjin_man1-tianjin_core1-beijing_core1-zhangjiako_man1-zhangjiako_cloud,"[tianjin_man1-tianjin_core1],[tianjin_core1-beijing_core1],[beijing_core1-zhangjiako_man1],[zhangjiako_man1-zhangjiako_cloud]",tianjin_man1~zhangjiako_cloud
tianjin_man1,3,shijiangzhuang_edge1,48,9.49,tianjin_man1-tianjin_core1-shijiangzhuang_core-shijiangzhuang_man1-shijiangzhuang_edge1,"[tianjin_man1-tianjin_core1],[tianjin_core1-shijiangzhuang_core],[shijiangzhuang_core-shijiangzhuang_man1],[shijiangzhuang_man1-shijiangzhuang_edge1]",tianjin_man1~shijiangzhuang_edge1
tianjin_man1,3,shijiangzhuang_edge2,49,9.49,tianjin_man1-tianjin_core1-shijiangzhuang_core-shijiangzhuang_man2-shijiangzhuang_edge2,"[tianjin_man1-tianjin_core1],[tianjin_core1-shijiangzhuang_core],[shijiangzhuang_core-shijiangzhuang_man2],[shijiangzhuang_man2-shijiangzhuang_edge2]",tianjin_man1~shijiangzhuang_edge2
tianjin_man1,3,tangshan_edge1,50,4.1,tianjin_man1-tianjin_core1-tangshan_core-tangshan_man1-tangshan_edge1,"[tianjin_man1-tianjin_core1],[tianjin_core1-tangshan_core],[tangshan_core-tangshan_man1],[tangshan_man1-tangshan_edge1]",tianjin_man1~tangshan_edge1
tianjin_man1,3,tangshan_edge2,51,4.1,tianjin_man1-tianjin_core1-tangshan_core-tangshan_man2-tangshan_edge2,"[tianjin_man1-tianjin_core1],[tianjin_core1-tangshan_core],[tangshan_core-tangshan_man2],[tangshan_man2-tangshan_edge2]",tianjin_man1~tangshan_edge2
tianjin_man1,3,qhd_edge1,52,6.6,tianjin_man1-tianjin_core1-tangshan_core-qhd_man1-qhd_edge1,"[tianjin_man1-tianjin_core1],[tianjin_core1-tangshan_core],[tangshan_core-qhd_man1],[qhd_man1-qhd_edge1]",tianjin_man1~qhd_edge1
tianjin_man1,3,qhd_edge2,53,7.17,tianjin_man1-tianjin_core1-tangshan_core-qhd_man2-qhd_edge2,"[tianjin_man1-tianjin_core1],[tianjin_core1-tangshan_core],[tangshan_core-qhd_man2],[qhd_man2-qhd_edge2]",tianjin_man1~qhd_edge2
tianjin_man1,3,handan_edge1,54,12.59,tianjin_man1-tianjin_core1-shijiangzhuang_core-handan_man1-handan_edge1,"[tianjin_man1-tianjin_core1],[tianjin_core1-shijiangzhuang_core],[shijiangzhuang_core-handan_man1],[handan_man1-handan_edge1]",tianjin_man1~handan_edge1
tianjin_man1,3,handan_edge2,55,12.59,tianjin_man1-tianjin_core1-shijiangzhuang_core-handan_man2-handan_edge2,"[tianjin_man1-tianjin_core1],[tianjin_core1-shijiangzhuang_core],[shijiangzhuang_core-handan_man2],[handan_man2-handan_edge2]",tianjin_man1~handan_edge2
tianjin_man1,3,xingtai_edge1,56,11.5,tianjin_man1-tianjin_core1-shijiangzhuang_core-xingtai_man1-xingtai_edge1,"[tianjin_man1-tianjin_core1],[tianjin_core1-shijiangzhuang_core],[shijiangzhuang_core-xingtai_man1],[xingtai_man1-xingtai_edge1]",tianjin_man1~xingtai_edge1
tianjin_man1,3,xingtai_edge2,57,11.5,tianjin_man1-tianjin_core1-shijiangzhuang_core-xingtai_man2-xingtai_edge2,"[tianjin_man1-tianjin_core1],[tianjin_core1-shijiangzhuang_core],[shijiangzhuang_core-xingtai_man2],[xingtai_man2-xingtai_edge2]",tianjin_man1~xingtai_edge2
tianjin_man1,3,baoding_edge1,58,10.09,tianjin_man1-tianjin_core1-tangshan_core-baoding_man2-baoding_edge1,"[tianjin_man1-tianjin_core1],[tianjin_core1-tangshan_core],[tangshan_core-baoding_man2],[baoding_man2-baoding_edge1]",tianjin_man1~baoding_edge1
tianjin_man1,3,baoding_edge2,59,9.09,tianjin_man1-tianjin_core1-tangshan_core-baoding_man2-baoding_edge2,"[tianjin_man1-tianjin_core1],[tianjin_core1-tangshan_core],[tangshan_core-baoding_man2],[baoding_man2-baoding_edge2]",tianjin_man1~baoding_edge2
tianjin_man1,3,zhangjiako_edge1,60,8.3,tianjin_man1-tianjin_core1-beijing_core1-zhangjiako_man1-zhangjiako_edge1,"[tianjin_man1-tianjin_core1],[tianjin_core1-beijing_core1],[beijing_core1-zhangjiako_man1],[zhangjiako_man1-zhangjiako_edge1]",tianjin_man1~zhangjiako_edge1
tianjin_man1,3,zhangjiako_edge2,61,8.3,tianjin_man1-tianjin_core1-beijing_core1-zhangjiako_man2-zhangjiako_edge2,"[tianjin_man1-tianjin_core1],[tianjin_core1-beijing_core1],[beijing_core1-zhangjiako_man2],[zhangjiako_man2-zhangjiako_edge2]",tianjin_man1~zhangjiako_edge2
tianjin_man1,3,chengde_edge1,62,7.82,tianjin_man1-tianjin_core1-tangshan_core-chengde_man1-chengde_edge1,"[tianjin_man1-tianjin_core1],[tianjin_core1-tangshan_core],[tangshan_core-chengde_man1],[chengde_man1-chengde_edge1]",tianjin_man1~chengde_edge1
tianjin_man1,3,chengde_edge2,63,8.21,tianjin_man1-tianjin_core1-tangshan_core-chengde_man2-chengde_edge2,"[tianjin_man1-tianjin_core1],[tianjin_core1-tangshan_core],[tangshan_core-chengde_man2],[chengde_man2-chengde_edge2]",tianjin_man1~chengde_edge2
tianjin_man1,3,cangzhou_edge1,64,3.88,tianjin_man1-tianjin_core1-cangzhou_man1-cangzhou_edge1,"[tianjin_man1-tianjin_core1],[tianjin_core1-cangzhou_man1],[cangzhou_man1-cangzhou_edge1]",tianjin_man1~cangzhou_edge1
tianjin_man1,3,cangzhou_edge2,65,3.88,tianjin_man1-tianjin_core2-cangzhou_man2-cangzhou_edge2,"[tianjin_man1-tianjin_core2],[tianjin_core2-cangzhou_man2],[cangzhou_man2-cangzhou_edge2]",tianjin_man1~cangzhou_edge2
tianjin_man1,3,langfang_edge1,66,4.93,tianjin_man1-tianjin_core1-beijing_core1-langfang_man1-langfang_edge1,"[tianjin_man1-tianjin_core1],[tianjin_core1-beijing_core1],[beijing_core1-langfang_man1],[langfang_man1-langfang_edge1]",tianjin_man1~langfang_edge1
tianjin_man1,3,langfang_edge2,67,4.93,tianjin_man1-tianjin_core1-beijing_core1-langfang_man2-langfang_edge2,"[tianjin_man1-tianjin_core1],[tianjin_core1-beijing_core1],[beijing_core1-langfang_man2],[langfang_man2-langfang_edge2]",tianjin_man1~langfang_edge2
tianjin_man1,3,hengshui_edge1,68,11.47,tianjin_man1-tianjin_core1-shijiangzhuang_core-hengshui_man1-hengshui_edge1,"[tianjin_man1-tianjin_core1],[tianjin_core1-shijiangzhuang_core],[shijiangzhuang_core-hengshui_man1],[hengshui_man1-hengshui_edge1]",tianjin_man1~hengshui_edge1
tianjin_man1,3,hengshui_edge2,69,11.47,tianjin_man1-tianjin_core1-shijiangzhuang_core-hengshui_man2-hengshui_edge2,"[tianjin_man1-tianjin_core1],[tianjin_core1-shijiangzhuang_core],[shijiangzhuang_core-hengshui_man2],[hengshui_man2-hengshui_edge2]",tianjin_man1~hengshui_edge2
tianjin_man2,4,beijing_cloud1,5,3.56,tianjin_man2-tianjin_core1-beijing_core1-beijing_cloud1,"[tianjin_man2-tianjin_core1],[tianjin_core1-beijing_core1],[beijing_core1-beijing_cloud1]",tianjin_man2~beijing_cloud1
tianjin_man2,4,beijing_cloud2,6,3.97,tianjin_man2-tianjin_core1-beijing_core2-beijing_cloud2,"[tianjin_man2-tianjin_core1],[tianjin_core1-beijing_core2],[beijing_core2-beijing_cloud2]",tianjin_man2~beijing_cloud2
tianjin_man2,4,beijing_edge1,7,4.56,tianjin_man2-tianjin_core1-beijing_core1-beijing_man1-beijing_edge1,"[tianjin_man2-tianjin_core1],[tianjin_core1-beijing_core1],[beijing_core1-beijing_man1],[beijing_man1-beijing_edge1]",tianjin_man2~beijing_edge1
tianjin_man2,4,beijing_edge2,8,4.56,tianjin_man2-tianjin_core1-beijing_core1-beijing_man2-beijing_edge2,"[tianjin_man2-tianjin_core1],[tianjin_core1-beijing_core1],[beijing_core1-beijing_man2],[beijing_man2-beijing_edge2]",tianjin_man2~beijing_edge2
tianjin_man2,4,beijing_edge3,9,5.06,tianjin_man2-tianjin_core1-beijing_core1-beijing_man2-beijing_edge3,"[tianjin_man2-tianjin_core1],[tianjin_core1-beijing_core1],[beijing_core1-beijing_man2],[beijing_man2-beijing_edge3]",tianjin_man2~beijing_edge3
tianjin_man2,4,beijing_edge4,10,5.06,tianjin_man2-tianjin_core1-beijing_core1-beijing_man2-beijing_edge4,"[tianjin_man2-tianjin_core1],[tianjin_core1-beijing_core1],[beijing_core1-beijing_man2],[beijing_man2-beijing_edge4]",tianjin_man2~beijing_edge4
tianjin_man2,4,tianjin_cloud1,15,1.1,tianjin_man2-tianjin_core1-tianjin_cloud1,"[tianjin_man2-tianjin_core1],[tianjin_core1-tianjin_cloud1]",tianjin_man2~tianjin_cloud1
tianjin_man2,4,tianjin_cloud2,16,1.1,tianjin_man2-tianjin_core2-tianjin_cloud2,"[tianjin_man2-tianjin_core2],[tianjin_core2-tianjin_cloud2]",tianjin_man2~tianjin_cloud2
tianjin_man2,4,tianjin_edge1,17,0.6,tianjin_man2-tianjin_edge1,[tianjin_man2-tianjin_edge1],tianjin_man2~tianjin_edge1
tianjin_man2,4,tianjin_edge2,18,0.1,tianjin_man2-tianjin_edge2,[tianjin_man2-tianjin_edge2],tianjin_man2~tianjin_edge2
tianjin_man2,4,tianjin_edge3,19,0.6,tianjin_man2-tianjin_edge3,[tianjin_man2-tianjin_edge3],tianjin_man2~tianjin_edge3
tianjin_man2,4,tianjin_edge4,20,0.6,tianjin_man2-tianjin_edge4,[tianjin_man2-tianjin_edge4],tianjin_man2~tianjin_edge4
tianjin_man2,4,shijiangzhuang_cloud,24,8.49,tianjin_man2-tianjin_core1-shijiangzhuang_core-shijiangzhuang_cloud,"[tianjin_man2-tianjin_core1],[tianjin_core1-shijiangzhuang_core],[shijiangzhuang_core-shijiangzhuang_cloud]",tianjin_man2~shijiangzhuang_cloud
tianjin_man2,4,baoding_cloud,36,10.09,tianjin_man2-tianjin_core1-tangshan_core-baoding_man2-baoding_cloud,"[tianjin_man2-tianjin_core1],[tianjin_core1-tangshan_core],[tangshan_core-baoding_man2],[baoding_man2-baoding_cloud]",tianjin_man2~baoding_cloud
tianjin_man2,4,zhangjiako_cloud,39,9.3,tianjin_man2-tianjin_core1-beijing_core1-zhangjiako_man2-zhangjiako_cloud,"[tianjin_man2-tianjin_core1],[tianjin_core1-beijing_core1],[beijing_core1-zhangjiako_man2],[zhangjiako_man2-zhangjiako_cloud]",tianjin_man2~zhangjiako_cloud
tianjin_man2,4,shijiangzhuang_edge1,48,9.49,tianjin_man2-tianjin_core1-shijiangzhuang_core-shijiangzhuang_man1-shijiangzhuang_edge1,"[tianjin_man2-tianjin_core1],[tianjin_core1-shijiangzhuang_core],[shijiangzhuang_core-shijiangzhuang_man1],[shijiangzhuang_man1-shijiangzhuang_edge1]",tianjin_man2~shijiangzhuang_edge1
tianjin_man2,4,shijiangzhuang_edge2,49,9.49,tianjin_man2-tianjin_core1-shijiangzhuang_core-shijiangzhuang_man2-shijiangzhuang_edge2,"[tianjin_man2-tianjin_core1],[tianjin_core1-shijiangzhuang_core],[shijiangzhuang_core-shijiangzhuang_man2],[shijiangzhuang_man2-shijiangzhuang_edge2]",tianjin_man2~shijiangzhuang_edge2
tianjin_man2,4,tangshan_edge1,50,4.1,tianjin_man2-tianjin_core1-tangshan_core-tangshan_man1-tangshan_edge1,"[tianjin_man2-tianjin_core1],[tianjin_core1-tangshan_core],[tangshan_core-tangshan_man1],[tangshan_man1-tangshan_edge1]",tianjin_man2~tangshan_edge1
tianjin_man2,4,tangshan_edge2,51,4.1,tianjin_man2-tianjin_core1-tangshan_core-tangshan_man2-tangshan_edge2,"[tianjin_man2-tianjin_core1],[tianjin_core1-tangshan_core],[tangshan_core-tangshan_man2],[tangshan_man2-tangshan_edge2]",tianjin_man2~tangshan_edge2
tianjin_man2,4,qhd_edge1,52,6.6,tianjin_man2-tianjin_core1-tangshan_core-qhd_man1-qhd_edge1,"[tianjin_man2-tianjin_core1],[tianjin_core1-tangshan_core],[tangshan_core-qhd_man1],[qhd_man1-qhd_edge1]",tianjin_man2~qhd_edge1
tianjin_man2,4,qhd_edge2,53,7.17,tianjin_man2-tianjin_core1-tangshan_core-qhd_man2-qhd_edge2,"[tianjin_man2-tianjin_core1],[tianjin_core1-tangshan_core],[tangshan_core-qhd_man2],[qhd_man2-qhd_edge2]",tianjin_man2~qhd_edge2
tianjin_man2,4,handan_edge1,54,12.59,tianjin_man2-tianjin_core1-shijiangzhuang_core-handan_man1-handan_edge1,"[tianjin_man2-tianjin_core1],[tianjin_core1-shijiangzhuang_core],[shijiangzhuang_core-handan_man1],[handan_man1-handan_edge1]",tianjin_man2~handan_edge1
tianjin_man2,4,handan_edge2,55,12.59,tianjin_man2-tianjin_core1-shijiangzhuang_core-handan_man2-handan_edge2,"[tianjin_man2-tianjin_core1],[tianjin_core1-shijiangzhuang_core],[shijiangzhuang_core-handan_man2],[handan_man2-handan_edge2]",tianjin_man2~handan_edge2
tianjin_man2,4,xingtai_edge1,56,11.5,tianjin_man2-tianjin_core1-shijiangzhuang_core-xingtai_man1-xingtai_edge1,"[tianjin_man2-tianjin_core1],[tianjin_core1-shijiangzhuang_core],[shijiangzhuang_core-xingtai_man1],[xingtai_man1-xingtai_edge1]",tianjin_man2~xingtai_edge1
tianjin_man2,4,xingtai_edge2,57,11.5,tianjin_man2-tianjin_core1-shijiangzhuang_core-xingtai_man2-xingtai_edge2,"[tianjin_man2-tianjin_core1],[tianjin_core1-shijiangzhuang_core],[shijiangzhuang_core-xingtai_man2],[xingtai_man2-xingtai_edge2]",tianjin_man2~xingtai_edge2
tianjin_man2,4,baoding_edge1,58,10.09,tianjin_man2-tianjin_core1-tangshan_core-baoding_man2-baoding_edge1,"[tianjin_man2-tianjin_core1],[tianjin_core1-tangshan_core],[tangshan_core-baoding_man2],[baoding_man2-baoding_edge1]",tianjin_man2~baoding_edge1
tianjin_man2,4,baoding_edge2,59,9.09,tianjin_man2-tianjin_core1-tangshan_core-baoding_man2-baoding_edge2,"[tianjin_man2-tianjin_core1],[tianjin_core1-tangshan_core],[tangshan_core-baoding_man2],[baoding_man2-baoding_edge2]",tianjin_man2~baoding_edge2
tianjin_man2,4,zhangjiako_edge1,60,8.3,tianjin_man2-tianjin_core1-beijing_core1-zhangjiako_man1-zhangjiako_edge1,"[tianjin_man2-tianjin_core1],[tianjin_core1-beijing_core1],[beijing_core1-zhangjiako_man1],[zhangjiako_man1-zhangjiako_edge1]",tianjin_man2~zhangjiako_edge1
tianjin_man2,4,zhangjiako_edge2,61,8.3,tianjin_man2-tianjin_core1-beijing_core1-zhangjiako_man2-zhangjiako_edge2,"[tianjin_man2-tianjin_core1],[tianjin_core1-beijing_core1],[beijing_core1-zhangjiako_man2],[zhangjiako_man2-zhangjiako_edge2]",tianjin_man2~zhangjiako_edge2
tianjin_man2,4,chengde_edge1,62,7.82,tianjin_man2-tianjin_core1-tangshan_core-chengde_man1-chengde_edge1,"[tianjin_man2-tianjin_core1],[tianjin_core1-tangshan_core],[tangshan_core-chengde_man1],[chengde_man1-chengde_edge1]",tianjin_man2~chengde_edge1
tianjin_man2,4,chengde_edge2,63,8.21,tianjin_man2-tianjin_core1-tangshan_core-chengde_man2-chengde_edge2,"[tianjin_man2-tianjin_core1],[tianjin_core1-tangshan_core],[tangshan_core-chengde_man2],[chengde_man2-chengde_edge2]",tianjin_man2~chengde_edge2
tianjin_man2,4,cangzhou_edge1,64,3.88,tianjin_man2-tianjin_core1-cangzhou_man1-cangzhou_edge1,"[tianjin_man2-tianjin_core1],[tianjin_core1-cangzhou_man1],[cangzhou_man1-cangzhou_edge1]",tianjin_man2~cangzhou_edge1
tianjin_man2,4,cangzhou_edge2,65,3.88,tianjin_man2-tianjin_core2-cangzhou_man2-cangzhou_edge2,"[tianjin_man2-tianjin_core2],[tianjin_core2-cangzhou_man2],[cangzhou_man2-cangzhou_edge2]",tianjin_man2~cangzhou_edge2
tianjin_man2,4,langfang_edge1,66,4.93,tianjin_man2-tianjin_core1-beijing_core1-langfang_man1-langfang_edge1,"[tianjin_man2-tianjin_core1],[tianjin_core1-beijing_core1],[beijing_core1-langfang_man1],[langfang_man1-langfang_edge1]",tianjin_man2~langfang_edge1
tianjin_man2,4,langfang_edge2,67,4.93,tianjin_man2-tianjin_core1-beijing_core1-langfang_man2-langfang_edge2,"[tianjin_man2-tianjin_core1],[tianjin_core1-beijing_core1],[beijing_core1-langfang_man2],[langfang_man2-langfang_edge2]",tianjin_man2~langfang_edge2
tianjin_man2,4,hengshui_edge1,68,11.47,tianjin_man2-tianjin_core1-shijiangzhuang_core-hengshui_man1-hengshui_edge1,"[tianjin_man2-tianjin_core1],[tianjin_core1-shijiangzhuang_core],[shijiangzhuang_core-hengshui_man1],[hengshui_man1-hengshui_edge1]",tianjin_man2~hengshui_edge1
tianjin_man2,4,hengshui_edge2,69,11.47,tianjin_man2-tianjin_core1-shijiangzhuang_core-hengshui_man2-hengshui_edge2,"[tianjin_man2-tianjin_core1],[tianjin_core1-shijiangzhuang_core],[shijiangzhuang_core-hengshui_man2],[hengshui_man2-hengshui_edge2]",tianjin_man2~hengshui_edge2
shijiangzhuang_man1,5,beijing_cloud1,5,8.09,shijiangzhuang_man1-shijiangzhuang_core-beijing_core2-beijing_cloud1,"[shijiangzhuang_man1-shijiangzhuang_core],[shijiangzhuang_core-beijing_core2],[beijing_core2-beijing_cloud1]",shijiangzhuang_man1~beijing_cloud1
shijiangzhuang_man1,5,beijing_cloud2,6,7.09,shijiangzhuang_man1-shijiangzhuang_core-beijing_core2-beijing_cloud2,"[shijiangzhuang_man1-shijiangzhuang_core],[shijiangzhuang_core-beijing_core2],[beijing_core2-beijing_cloud2]",shijiangzhuang_man1~beijing_cloud2
shijiangzhuang_man1,5,beijing_edge1,7,8.09,shijiangzhuang_man1-shijiangzhuang_core-beijing_core2-beijing_man1-beijing_edge1,"[shijiangzhuang_man1-shijiangzhuang_core],[shijiangzhuang_core-beijing_core2],[beijing_core2-beijing_man1],[beijing_man1-beijing_edge1]",shijiangzhuang_man1~beijing_edge1
shijiangzhuang_man1,5,beijing_edge2,8,8.09,shijiangzhuang_man1-shijiangzhuang_core-beijing_core2-beijing_man2-beijing_edge2,"[shijiangzhuang_man1-shijiangzhuang_core],[shijiangzhuang_core-beijing_core2],[beijing_core2-beijing_man2],[beijing_man2-beijing_edge2]",shijiangzhuang_man1~beijing_edge2
shijiangzhuang_man1,5,beijing_edge3,9,8.59,shijiangzhuang_man1-shijiangzhuang_core-beijing_core2-beijing_man1-beijing_edge3,"[shijiangzhuang_man1-shijiangzhuang_core],[shijiangzhuang_core-beijing_core2],[beijing_core2-beijing_man1],[beijing_man1-beijing_edge3]",shijiangzhuang_man1~beijing_edge3
shijiangzhuang_man1,5,beijing_edge4,10,8.59,shijiangzhuang_man1-shijiangzhuang_core-beijing_core2-beijing_man1-beijing_edge4,"[shijiangzhuang_man1-shijiangzhuang_core],[shijiangzhuang_core-beijing_core2],[beijing_core2-beijing_man1],[beijing_man1-beijing_edge4]",shijiangzhuang_man1~beijing_edge4
shijiangzhuang_man1,5,tianjin_cloud1,15,8.49,shijiangzhuang_man1-shijiangzhuang_core-tianjin_core1-tianjin_cloud1,"[shijiangzhuang_man1-shijiangzhuang_core],[shijiangzhuang_core-tianjin_core1],[tianjin_core1-tianjin_cloud1]",shijiangzhuang_man1~tianjin_cloud1
shijiangzhuang_man1,5,tianjin_cloud2,16,9.45,shijiangzhuang_man1-shijiangzhuang_core-cangzhou_man2-tianjin_core2-tianjin_cloud2,"[shijiangzhuang_man1-shijiangzhuang_core],[shijiangzhuang_core-cangzhou_man2],[cangzhou_man2-tianjin_core2],[tianjin_core2-tianjin_cloud2]",shijiangzhuang_man1~tianjin_cloud2
shijiangzhuang_man1,5,tianjin_edge1,17,9.49,shijiangzhuang_man1-shijiangzhuang_core-tianjin_core1-tianjin_man1-tianjin_edge1,"[shijiangzhuang_man1-shijiangzhuang_core],[shijiangzhuang_core-tianjin_core1],[tianjin_core1-tianjin_man1],[tianjin_man1-tianjin_edge1]",shijiangzhuang_man1~tianjin_edge1
shijiangzhuang_man1,5,tianjin_edge2,18,9.49,shijiangzhuang_man1-shijiangzhuang_core-tianjin_core1-tianjin_man2-tianjin_edge2,"[shijiangzhuang_man1-shijiangzhuang_core],[shijiangzhuang_core-tianjin_core1],[tianjin_core1-tianjin_man2],[tianjin_man2-tianjin_edge2]",shijiangzhuang_man1~tianjin_edge2
shijiangzhuang_man1,5,tianjin_edge3,19,9.99,shijiangzhuang_man1-shijiangzhuang_core-tianjin_core1-tianjin_man2-tianjin_edge3,"[shijiangzhuang_man1-shijiangzhuang_core],[shijiangzhuang_core-tianjin_core1],[tianjin_core1-tianjin_man2],[tianjin_man2-tianjin_edge3]",shijiangzhuang_man1~tianjin_edge3
shijiangzhuang_man1,5,tianjin_edge4,20,9.99,shijiangzhuang_man1-shijiangzhuang_core-tianjin_core1-tianjin_man2-tianjin_edge4,"[shijiangzhuang_man1-shijiangzhuang_core],[shijiangzhuang_core-tianjin_core1],[tianjin_core1-tianjin_man2],[tianjin_man2-tianjin_edge4]",shijiangzhuang_man1~tianjin_edge4
shijiangzhuang_man1,5,shijiangzhuang_cloud,24,1.1,shijiangzhuang_man1-shijiangzhuang_core-shijiangzhuang_cloud,"[shijiangzhuang_man1-shijiangzhuang_core],[shijiangzhuang_core-shijiangzhuang_cloud]",shijiangzhuang_man1~shijiangzhuang_cloud
shijiangzhuang_man1,5,baoding_cloud,36,5.61,shijiangzhuang_man1-shijiangzhuang_core-baoding_man2-baoding_cloud,"[shijiangzhuang_man1-shijiangzhuang_core],[shijiangzhuang_core-baoding_man2],[baoding_man2-baoding_cloud]",shijiangzhuang_man1~baoding_cloud
shijiangzhuang_man1,5,zhangjiako_cloud,39,11.3,shijiangzhuang_man1-shijiangzhuang_core-zhangjiako_man1-zhangjiako_cloud,"[shijiangzhuang_man1-shijiangzhuang_core],[shijiangzhuang_core-zhangjiako_man1],[zhangjiako_man1-zhangjiako_cloud]",shijiangzhuang_man1~zhangjiako_cloud
shijiangzhuang_man1,5,shijiangzhuang_edge1,48,0.1,shijiangzhuang_man1-shijiangzhuang_edge1,[shijiangzhuang_man1-shijiangzhuang_edge1],shijiangzhuang_man1~shijiangzhuang_edge1
shijiangzhuang_man1,5,shijiangzhuang_edge2,49,1.1,shijiangzhuang_man1-shijiangzhuang_edge2,[shijiangzhuang_man1-shijiangzhuang_edge2],shijiangzhuang_man1~shijiangzhuang_edge2
shijiangzhuang_man1,5,tangshan_edge1,50,11.03,shijiangzhuang_man1-tangshan_core-tangshan_man1-tangshan_edge1,"[shijiangzhuang_man1-tangshan_core],[tangshan_core-tangshan_man1],[tangshan_man1-tangshan_edge1]",shijiangzhuang_man1~tangshan_edge1
shijiangzhuang_man1,5,tangshan_edge2,51,11.03,shijiangzhuang_man1-tangshan_core-tangshan_man2-tangshan_edge2,"[shijiangzhuang_man1-tangshan_core],[tangshan_core-tangshan_man2],[tangshan_man2-tangshan_edge2]",shijiangzhuang_man1~tangshan_edge2
shijiangzhuang_man1,5,qhd_edge1,52,13.53,shijiangzhuang_man1-tangshan_core-qhd_man1-qhd_edge1,"[shijiangzhuang_man1-tangshan_core],[tangshan_core-qhd_man1],[qhd_man1-qhd_edge1]",shijiangzhuang_man1~qhd_edge1
shijiangzhuang_man1,5,qhd_edge2,53,14.09,shijiangzhuang_man1-tangshan_core-qhd_man2-qhd_edge2,"[shijiangzhuang_man1-tangshan_core],[tangshan_core-qhd_man2],[qhd_man2-qhd_edge2]",shijiangzhuang_man1~qhd_edge2
shijiangzhuang_man1,5,handan_edge1,54,5.2,shijiangzhuang_man1-shijiangzhuang_core-handan_man1-handan_edge1,"[shijiangzhuang_man1-shijiangzhuang_core],[shijiangzhuang_core-handan_man1],[handan_man1-handan_edge1]",shijiangzhuang_man1~handan_edge1
shijiangzhuang_man1,5,handan_edge2,55,5.2,shijiangzhuang_man1-shijiangzhuang_core-handan_man2-handan_edge2,"[shijiangzhuang_man1-shijiangzhuang_core],[shijiangzhuang_core-handan_man2],[handan_man2-handan_edge2]",shijiangzhuang_man1~handan_edge2
shijiangzhuang_man1,5,xingtai_edge1,56,4.1,shijiangzhuang_man1-shijiangzhuang_core-xingtai_man1-xingtai_edge1,"[shijiangzhuang_man1-shijiangzhuang_core],[shijiangzhuang_core-xingtai_man1],[xingtai_man1-xingtai_edge1]",shijiangzhuang_man1~xingtai_edge1
shijiangzhuang_man1,5,xingtai_edge2,57,4.1,shijiangzhuang_man1-shijiangzhuang_core-xingtai_man2-xingtai_edge2,"[shijiangzhuang_man1-shijiangzhuang_core],[shijiangzhuang_core-xingtai_man2],[xingtai_man2-xingtai_edge2]",shijiangzhuang_man1~xingtai_edge2
shijiangzhuang_man1,5,baoding_edge1,58,4.61,shijiangzhuang_man1-shijiangzhuang_core-baoding_man1-baoding_edge1,"[shijiangzhuang_man1-shijiangzhuang_core],[shijiangzhuang_core-baoding_man1],[baoding_man1-baoding_edge1]",shijiangzhuang_man1~baoding_edge1
shijiangzhuang_man1,5,baoding_edge2,59,4.61,shijiangzhuang_man1-shijiangzhuang_core-baoding_man2-baoding_edge2,"[shijiangzhuang_man1-shijiangzhuang_core],[shijiangzhuang_core-baoding_man2],[baoding_man2-baoding_edge2]",shijiangzhuang_man1~baoding_edge2
shijiangzhuang_man1,5,zhangjiako_edge1,60,10.3,shijiangzhuang_man1-shijiangzhuang_core-zhangjiako_man1-zhangjiako_edge1,"[shijiangzhuang_man1-shijiangzhuang_core],[shijiangzhuang_core-zhangjiako_man1],[zhangjiako_man1-zhangjiako_edge1]",shijiangzhuang_man1~zhangjiako_edge1
shijiangzhuang_man1,5,zhangjiako_edge2,61,10.3,shijiangzhuang_man1-shijiangzhuang_core-zhangjiako_man2-zhangjiako_edge2,"[shijiangzhuang_man1-shijiangzhuang_core],[shijiangzhuang_core-zhangjiako_man2],[zhangjiako_man2-zhangjiako_edge2]",shijiangzhuang_man1~zhangjiako_edge2
shijiangzhuang_man1,5,chengde_edge1,62,12.58,shijiangzhuang_man1-shijiangzhuang_core-beijing_core2-chengde_man1-chengde_edge1,"[shijiangzhuang_man1-shijiangzhuang_core],[shijiangzhuang_core-beijing_core2],[beijing_core2-chengde_man1],[chengde_man1-chengde_edge1]",shijiangzhuang_man1~chengde_edge1
shijiangzhuang_man1,5,chengde_edge2,63,12.58,shijiangzhuang_man1-shijiangzhuang_core-beijing_core2-chengde_man2-chengde_edge2,"[shijiangzhuang_man1-shijiangzhuang_core],[shijiangzhuang_core-beijing_core2],[beijing_core2-chengde_man2],[chengde_man2-chengde_edge2]",shijiangzhuang_man1~chengde_edge2
shijiangzhuang_man1,5,cangzhou_edge1,64,6.67,shijiangzhuang_man1-shijiangzhuang_core-cangzhou_man1-cangzhou_edge1,"[shijiangzhuang_man1-shijiangzhuang_core],[shijiangzhuang_core-cangzhou_man1],[cangzhou_man1-cangzhou_edge1]",shijiangzhuang_man1~cangzhou_edge1
shijiangzhuang_man1,5,cangzhou_edge2,65,6.67,shijiangzhuang_man1-shijiangzhuang_core-cangzhou_man2-cangzhou_edge2,"[shijiangzhuang_man1-shijiangzhuang_core],[shijiangzhuang_core-cangzhou_man2],[cangzhou_man2-cangzhou_edge2]",shijiangzhuang_man1~cangzhou_edge2
shijiangzhuang_man1,5,langfang_edge1,66,8.23,shijiangzhuang_man1-shijiangzhuang_core-langfang_man1-langfang_edge1,"[shijiangzhuang_man1-shijiangzhuang_core],[shijiangzhuang_core-langfang_man1],[langfang_man1-langfang_edge1]",shijiangzhuang_man1~langfang_edge1
shijiangzhuang_man1,5,langfang_edge2,67,8.23,shijiangzhuang_man1-shijiangzhuang_core-langfang_man2-langfang_edge2,"[shijiangzhuang_man1-shijiangzhuang_core],[shijiangzhuang_core-langfang_man2],[langfang_man2-langfang_edge2]",shijiangzhuang_man1~langfang_edge2
shijiangzhuang_man1,5,hengshui_edge1,68,4.08,shijiangzhuang_man1-shijiangzhuang_core-hengshui_man1-hengshui_edge1,"[shijiangzhuang_man1-shijiangzhuang_core],[shijiangzhuang_core-hengshui_man1],[hengshui_man1-hengshui_edge1]",shijiangzhuang_man1~hengshui_edge1
shijiangzhuang_man1,5,hengshui_edge2,69,4.08,shijiangzhuang_man1-shijiangzhuang_core-hengshui_man2-hengshui_edge2,"[shijiangzhuang_man1-shijiangzhuang_core],[shijiangzhuang_core-hengshui_man2],[hengshui_man2-hengshui_edge2]",shijiangzhuang_man1~hengshui_edge2
shijiangzhuang_man2,6,beijing_cloud1,5,8.09,shijiangzhuang_man2-shijiangzhuang_core-beijing_core2-beijing_cloud1,"[shijiangzhuang_man2-shijiangzhuang_core],[shijiangzhuang_core-beijing_core2],[beijing_core2-beijing_cloud1]",shijiangzhuang_man2~beijing_cloud1
shijiangzhuang_man2,6,beijing_cloud2,6,7.09,shijiangzhuang_man2-shijiangzhuang_core-beijing_core2-beijing_cloud2,"[shijiangzhuang_man2-shijiangzhuang_core],[shijiangzhuang_core-beijing_core2],[beijing_core2-beijing_cloud2]",shijiangzhuang_man2~beijing_cloud2
shijiangzhuang_man2,6,beijing_edge1,7,8.09,shijiangzhuang_man2-shijiangzhuang_core-beijing_core2-beijing_man1-beijing_edge1,"[shijiangzhuang_man2-shijiangzhuang_core],[shijiangzhuang_core-beijing_core2],[beijing_core2-beijing_man1],[beijing_man1-beijing_edge1]",shijiangzhuang_man2~beijing_edge1
shijiangzhuang_man2,6,beijing_edge2,8,8.09,shijiangzhuang_man2-shijiangzhuang_core-beijing_core2-beijing_man2-beijing_edge2,"[shijiangzhuang_man2-shijiangzhuang_core],[shijiangzhuang_core-beijing_core2],[beijing_core2-beijing_man2],[beijing_man2-beijing_edge2]",shijiangzhuang_man2~beijing_edge2
shijiangzhuang_man2,6,beijing_edge3,9,8.59,shijiangzhuang_man2-shijiangzhuang_core-beijing_core2-beijing_man1-beijing_edge3,"[shijiangzhuang_man2-shijiangzhuang_core],[shijiangzhuang_core-beijing_core2],[beijing_core2-beijing_man1],[beijing_man1-beijing_edge3]",shijiangzhuang_man2~beijing_edge3
shijiangzhuang_man2,6,beijing_edge4,10,8.59,shijiangzhuang_man2-shijiangzhuang_core-beijing_core2-beijing_man1-beijing_edge4,"[shijiangzhuang_man2-shijiangzhuang_core],[shijiangzhuang_core-beijing_core2],[beijing_core2-beijing_man1],[beijing_man1-beijing_edge4]",shijiangzhuang_man2~beijing_edge4
shijiangzhuang_man2,6,tianjin_cloud1,15,8.49,shijiangzhuang_man2-shijiangzhuang_core-tianjin_core1-tianjin_cloud1,"[shijiangzhuang_man2-shijiangzhuang_core],[shijiangzhuang_core-tianjin_core1],[tianjin_core1-tianjin_cloud1]",shijiangzhuang_man2~tianjin_cloud1
shijiangzhuang_man2,6,tianjin_cloud2,16,9.45,shijiangzhuang_man2-shijiangzhuang_core-cangzhou_man2-tianjin_core2-tianjin_cloud2,"[shijiangzhuang_man2-shijiangzhuang_core],[shijiangzhuang_core-cangzhou_man2],[cangzhou_man2-tianjin_core2],[tianjin_core2-tianjin_cloud2]",shijiangzhuang_man2~tianjin_cloud2
shijiangzhuang_man2,6,tianjin_edge1,17,9.49,shijiangzhuang_man2-shijiangzhuang_core-tianjin_core1-tianjin_man1-tianjin_edge1,"[shijiangzhuang_man2-shijiangzhuang_core],[shijiangzhuang_core-tianjin_core1],[tianjin_core1-tianjin_man1],[tianjin_man1-tianjin_edge1]",shijiangzhuang_man2~tianjin_edge1
shijiangzhuang_man2,6,tianjin_edge2,18,9.49,shijiangzhuang_man2-shijiangzhuang_core-tianjin_core1-tianjin_man2-tianjin_edge2,"[shijiangzhuang_man2-shijiangzhuang_core],[shijiangzhuang_core-tianjin_core1],[tianjin_core1-tianjin_man2],[tianjin_man2-tianjin_edge2]",shijiangzhuang_man2~tianjin_edge2
shijiangzhuang_man2,6,tianjin_edge3,19,9.99,shijiangzhuang_man2-shijiangzhuang_core-tianjin_core1-tianjin_man2-tianjin_edge3,"[shijiangzhuang_man2-shijiangzhuang_core],[shijiangzhuang_core-tianjin_core1],[tianjin_core1-tianjin_man2],[tianjin_man2-tianjin_edge3]",shijiangzhuang_man2~tianjin_edge3
shijiangzhuang_man2,6,tianjin_edge4,20,9.99,shijiangzhuang_man2-shijiangzhuang_core-tianjin_core1-tianjin_man2-tianjin_edge4,"[shijiangzhuang_man2-shijiangzhuang_core],[shijiangzhuang_core-tianjin_core1],[tianjin_core1-tianjin_man2],[tianjin_man2-tianjin_edge4]",shijiangzhuang_man2~tianjin_edge4
shijiangzhuang_man2,6,shijiangzhuang_cloud,24,1.1,shijiangzhuang_man2-shijiangzhuang_core-shijiangzhuang_cloud,"[shijiangzhuang_man2-shijiangzhuang_core],[shijiangzhuang_core-shijiangzhuang_cloud]",shijiangzhuang_man2~shijiangzhuang_cloud
shijiangzhuang_man2,6,baoding_cloud,36,5.61,shijiangzhuang_man2-shijiangzhuang_core-baoding_man2-baoding_cloud,"[shijiangzhuang_man2-shijiangzhuang_core],[shijiangzhuang_core-baoding_man2],[baoding_man2-baoding_cloud]",shijiangzhuang_man2~baoding_cloud
shijiangzhuang_man2,6,zhangjiako_cloud,39,11.3,shijiangzhuang_man2-shijiangzhuang_core-zhangjiako_man1-zhangjiako_cloud,"[shijiangzhuang_man2-shijiangzhuang_core],[shijiangzhuang_core-zhangjiako_man1],[zhangjiako_man1-zhangjiako_cloud]",shijiangzhuang_man2~zhangjiako_cloud
shijiangzhuang_man2,6,shijiangzhuang_edge1,48,1.1,shijiangzhuang_man2-shijiangzhuang_edge1,[shijiangzhuang_man2-shijiangzhuang_edge1],shijiangzhuang_man2~shijiangzhuang_edge1
shijiangzhuang_man2,6,shijiangzhuang_edge2,49,0.1,shijiangzhuang_man2-shijiangzhuang_edge2,[shijiangzhuang_man2-shijiangzhuang_edge2],shijiangzhuang_man2~shijiangzhuang_edge2
shijiangzhuang_man2,6,tangshan_edge1,50,10.58,shijiangzhuang_man2-tangshan_core-tangshan_man1-tangshan_edge1,"[shijiangzhuang_man2-tangshan_core],[tangshan_core-tangshan_man1],[tangshan_man1-tangshan_edge1]",shijiangzhuang_man2~tangshan_edge1
shijiangzhuang_man2,6,tangshan_edge2,51,10.58,shijiangzhuang_man2-tangshan_core-tangshan_man2-tangshan_edge2,"[shijiangzhuang_man2-tangshan_core],[tangshan_core-tangshan_man2],[tangshan_man2-tangshan_edge2]",shijiangzhuang_man2~tangshan_edge2
shijiangzhuang_man2,6,qhd_edge1,52,13.08,shijiangzhuang_man2-tangshan_core-qhd_man1-qhd_edge1,"[shijiangzhuang_man2-tangshan_core],[tangshan_core-qhd_man1],[qhd_man1-qhd_edge1]",shijiangzhuang_man2~qhd_edge1
shijiangzhuang_man2,6,qhd_edge2,53,13.65,shijiangzhuang_man2-tangshan_core-qhd_man2-qhd_edge2,"[shijiangzhuang_man2-tangshan_core],[tangshan_core-qhd_man2],[qhd_man2-qhd_edge2]",shijiangzhuang_man2~qhd_edge2
shijiangzhuang_man2,6,handan_edge1,54,5.2,shijiangzhuang_man2-shijiangzhuang_core-handan_man1-handan_edge1,"[shijiangzhuang_man2-shijiangzhuang_core],[shijiangzhuang_core-handan_man1],[handan_man1-handan_edge1]",shijiangzhuang_man2~handan_edge1
shijiangzhuang_man2,6,handan_edge2,55,5.2,shijiangzhuang_man2-shijiangzhuang_core-handan_man2-handan_edge2,"[shijiangzhuang_man2-shijiangzhuang_core],[shijiangzhuang_core-handan_man2],[handan_man2-handan_edge2]",shijiangzhuang_man2~handan_edge2
shijiangzhuang_man2,6,xingtai_edge1,56,4.1,shijiangzhuang_man2-shijiangzhuang_core-xingtai_man1-xingtai_edge1,"[shijiangzhuang_man2-shijiangzhuang_core],[shijiangzhuang_core-xingtai_man1],[xingtai_man1-xingtai_edge1]",shijiangzhuang_man2~xingtai_edge1
shijiangzhuang_man2,6,xingtai_edge2,57,4.1,shijiangzhuang_man2-shijiangzhuang_core-xingtai_man2-xingtai_edge2,"[shijiangzhuang_man2-shijiangzhuang_core],[shijiangzhuang_core-xingtai_man2],[xingtai_man2-xingtai_edge2]",shijiangzhuang_man2~xingtai_edge2
shijiangzhuang_man2,6,baoding_edge1,58,4.61,shijiangzhuang_man2-shijiangzhuang_core-baoding_man1-baoding_edge1,"[shijiangzhuang_man2-shijiangzhuang_core],[shijiangzhuang_core-baoding_man1],[baoding_man1-baoding_edge1]",shijiangzhuang_man2~baoding_edge1
shijiangzhuang_man2,6,baoding_edge2,59,4.61,shijiangzhuang_man2-shijiangzhuang_core-baoding_man2-baoding_edge2,"[shijiangzhuang_man2-shijiangzhuang_core],[shijiangzhuang_core-baoding_man2],[baoding_man2-baoding_edge2]",shijiangzhuang_man2~baoding_edge2
shijiangzhuang_man2,6,zhangjiako_edge1,60,10.3,shijiangzhuang_man2-shijiangzhuang_core-zhangjiako_man1-zhangjiako_edge1,"[shijiangzhuang_man2-shijiangzhuang_core],[shijiangzhuang_core-zhangjiako_man1],[zhangjiako_man1-zhangjiako_edge1]",shijiangzhuang_man2~zhangjiako_edge1
shijiangzhuang_man2,6,zhangjiako_edge2,61,10.3,shijiangzhuang_man2-shijiangzhuang_core-zhangjiako_man2-zhangjiako_edge2,"[shijiangzhuang_man2-shijiangzhuang_core],[shijiangzhuang_core-zhangjiako_man2],[zhangjiako_man2-zhangjiako_edge2]",shijiangzhuang_man2~zhangjiako_edge2
shijiangzhuang_man2,6,chengde_edge1,62,12.58,shijiangzhuang_man2-shijiangzhuang_core-beijing_core2-chengde_man1-chengde_edge1,"[shijiangzhuang_man2-shijiangzhuang_core],[shijiangzhuang_core-beijing_core2],[beijing_core2-chengde_man1],[chengde_man1-chengde_edge1]",shijiangzhuang_man2~chengde_edge1
shijiangzhuang_man2,6,chengde_edge2,63,12.58,shijiangzhuang_man2-shijiangzhuang_core-beijing_core2-chengde_man2-chengde_edge2,"[shijiangzhuang_man2-shijiangzhuang_core],[shijiangzhuang_core-beijing_core2],[beijing_core2-chengde_man2],[chengde_man2-chengde_edge2]",shijiangzhuang_man2~chengde_edge2
shijiangzhuang_man2,6,cangzhou_edge1,64,6.67,shijiangzhuang_man2-shijiangzhuang_core-cangzhou_man1-cangzhou_edge1,"[shijiangzhuang_man2-shijiangzhuang_core],[shijiangzhuang_core-cangzhou_man1],[cangzhou_man1-cangzhou_edge1]",shijiangzhuang_man2~cangzhou_edge1
shijiangzhuang_man2,6,cangzhou_edge2,65,6.67,shijiangzhuang_man2-shijiangzhuang_core-cangzhou_man2-cangzhou_edge2,"[shijiangzhuang_man2-shijiangzhuang_core],[shijiangzhuang_core-cangzhou_man2],[cangzhou_man2-cangzhou_edge2]",shijiangzhuang_man2~cangzhou_edge2
shijiangzhuang_man2,6,langfang_edge1,66,8.23,shijiangzhuang_man2-shijiangzhuang_core-langfang_man1-langfang_edge1,"[shijiangzhuang_man2-shijiangzhuang_core],[shijiangzhuang_core-langfang_man1],[langfang_man1-langfang_edge1]",shijiangzhuang_man2~langfang_edge1
shijiangzhuang_man2,6,langfang_edge2,67,8.23,shijiangzhuang_man2-shijiangzhuang_core-langfang_man2-langfang_edge2,"[shijiangzhuang_man2-shijiangzhuang_core],[shijiangzhuang_core-langfang_man2],[langfang_man2-langfang_edge2]",shijiangzhuang_man2~langfang_edge2
shijiangzhuang_man2,6,hengshui_edge1,68,4.08,shijiangzhuang_man2-shijiangzhuang_core-hengshui_man1-hengshui_edge1,"[shijiangzhuang_man2-shijiangzhuang_core],[shijiangzhuang_core-hengshui_man1],[hengshui_man1-hengshui_edge1]",shijiangzhuang_man2~hengshui_edge1
shijiangzhuang_man2,6,hengshui_edge2,69,4.08,shijiangzhuang_man2-shijiangzhuang_core-hengshui_man2-hengshui_edge2,"[shijiangzhuang_man2-shijiangzhuang_core],[shijiangzhuang_core-hengshui_man2],[hengshui_man2-hengshui_edge2]",shijiangzhuang_man2~hengshui_edge2
tangshan_man1,7,beijing_cloud1,5,4.35,tangshan_man1-tangshan_core-beijing_core1-beijing_cloud1,"[tangshan_man1-tangshan_core],[tangshan_core-beijing_core1],[beijing_core1-beijing_cloud1]",tangshan_man1~beijing_cloud1
tangshan_man1,7,beijing_cloud2,6,5.35,tangshan_man1-tangshan_core-beijing_core1-beijing_cloud2,"[tangshan_man1-tangshan_core],[tangshan_core-beijing_core1],[beijing_core1-beijing_cloud2]",tangshan_man1~beijing_cloud2
tangshan_man1,7,beijing_edge1,7,5.35,tangshan_man1-tangshan_core-beijing_core1-beijing_man1-beijing_edge1,"[tangshan_man1-tangshan_core],[tangshan_core-beijing_core1],[beijing_core1-beijing_man1],[beijing_man1-beijing_edge1]",tangshan_man1~beijing_edge1
tangshan_man1,7,beijing_edge2,8,5.35,tangshan_man1-tangshan_core-beijing_core1-beijing_man2-beijing_edge2,"[tangshan_man1-tangshan_core],[tangshan_core-beijing_core1],[beijing_core1-beijing_man2],[beijing_man2-beijing_edge2]",tangshan_man1~beijing_edge2
tangshan_man1,7,beijing_edge3,9,5.85,tangshan_man1-tangshan_core-beijing_core1-beijing_man1-beijing_edge3,"[tangshan_man1-tangshan_core],[tangshan_core-beijing_core1],[beijing_core1-beijing_man1],[beijing_man1-beijing_edge3]",tangshan_man1~beijing_edge3
tangshan_man1,7,beijing_edge4,10,5.85,tangshan_man1-tangshan_core-beijing_core1-beijing_man1-beijing_edge4,"[tangshan_man1-tangshan_core],[tangshan_core-beijing_core1],[beijing_core1-beijing_man1],[beijing_man1-beijing_edge4]",tangshan_man1~beijing_edge4
tangshan_man1,7,tianjin_cloud1,15,3.1,tangshan_man1-tangshan_core-tianjin_core1-tianjin_cloud1,"[tangshan_man1-tangshan_core],[tangshan_core-tianjin_core1],[tianjin_core1-tianjin_cloud1]",tangshan_man1~tianjin_cloud1
tangshan_man1,7,tianjin_cloud2,16,3.57,tangshan_man1-tangshan_core-tianjin_core2-tianjin_cloud2,"[tangshan_man1-tangshan_core],[tangshan_core-tianjin_core2],[tianjin_core2-tianjin_cloud2]",tangshan_man1~tianjin_cloud2
tangshan_man1,7,tianjin_edge1,17,4.1,tangshan_man1-tangshan_core-tianjin_core1-tianjin_man1-tianjin_edge1,"[tangshan_man1-tangshan_core],[tangshan_core-tianjin_core1],[tianjin_core1-tianjin_man1],[tianjin_man1-tianjin_edge1]",tangshan_man1~tianjin_edge1
tangshan_man1,7,tianjin_edge2,18,4.1,tangshan_man1-tangshan_core-tianjin_core1-tianjin_man2-tianjin_edge2,"[tangshan_man1-tangshan_core],[tangshan_core-tianjin_core1],[tianjin_core1-tianjin_man2],[tianjin_man2-tianjin_edge2]",tangshan_man1~tianjin_edge2
tangshan_man1,7,tianjin_edge3,19,4.6,tangshan_man1-tangshan_core-tianjin_core1-tianjin_man1-tianjin_edge3,"[tangshan_man1-tangshan_core],[tangshan_core-tianjin_core1],[tianjin_core1-tianjin_man1],[tianjin_man1-tianjin_edge3]",tangshan_man1~tianjin_edge3
tangshan_man1,7,tianjin_edge4,20,4.6,tangshan_man1-tangshan_core-tianjin_core1-tianjin_man1-tianjin_edge4,"[tangshan_man1-tangshan_core],[tangshan_core-tianjin_core1],[tianjin_core1-tianjin_man1],[tianjin_man1-tianjin_edge4]",tangshan_man1~tianjin_edge4
tangshan_man1,7,shijiangzhuang_cloud,24,10.43,tangshan_man1-shijiangzhuang_core-shijiangzhuang_cloud,"[tangshan_man1-shijiangzhuang_core],[shijiangzhuang_core-shijiangzhuang_cloud]",tangshan_man1~shijiangzhuang_cloud
tangshan_man1,7,baoding_cloud,36,8.09,tangshan_man1-tangshan_core-baoding_man2-baoding_cloud,"[tangshan_man1-tangshan_core],[tangshan_core-baoding_man2],[baoding_man2-baoding_cloud]",tangshan_man1~baoding_cloud
tangshan_man1,7,zhangjiako_cloud,39,10.08,tangshan_man1-tangshan_core-beijing_core1-zhangjiako_man2-zhangjiako_cloud,"[tangshan_man1-tangshan_core],[tangshan_core-beijing_core1],[beijing_core1-zhangjiako_man2],[zhangjiako_man2-zhangjiako_cloud]",tangshan_man1~zhangjiako_cloud
tangshan_man1,7,shijiangzhuang_edge1,48,11.03,tangshan_man1-tangshan_core-shijiangzhuang_man1-shijiangzhuang_edge1,"[tangshan_man1-tangshan_core],[tangshan_core-shijiangzhuang_man1],[shijiangzhuang_man1-shijiangzhuang_edge1]",tangshan_man1~shijiangzhuang_edge1
tangshan_man1,7,shijiangzhuang_edge2,49,10.58,tangshan_man1-tangshan_core-shijiangzhuang_man2-shijiangzhuang_edge2,"[tangshan_man1-tangshan_core],[tangshan_core-shijiangzhuang_man2],[shijiangzhuang_man2-shijiangzhuang_edge2]",tangshan_man1~shijiangzhuang_edge2
tangshan_man1,7,tangshan_edge1,50,0.1,tangshan_man1-tangshan_edge1,[tangshan_man1-tangshan_edge1],tangshan_man1~tangshan_edge1
tangshan_man1,7,tangshan_edge2,51,1.1,tangshan_man1-tangshan_edge2,[tangshan_man1-tangshan_edge2],tangshan_man1~tangshan_edge2
tangshan_man1,7,qhd_edge1,52,4.6,tangshan_man1-tangshan_core-qhd_man1-qhd_edge1,"[tangshan_man1-tangshan_core],[tangshan_core-qhd_man1],[qhd_man1-qhd_edge1]",tangshan_man1~qhd_edge1
tangshan_man1,7,qhd_edge2,53,5.17,tangshan_man1-tangshan_core-qhd_man2-qhd_edge2,"[tangshan_man1-tangshan_core],[tangshan_core-qhd_man2],[qhd_man2-qhd_edge2]",tangshan_man1~qhd_edge2
tangshan_man1,7,handan_edge1,54,14.53,tangshan_man1-shijiangzhuang_core-handan_man1-handan_edge1,"[tangshan_man1-shijiangzhuang_core],[shijiangzhuang_core-handan_man1],[handan_man1-handan_edge1]",tangshan_man1~handan_edge1
tangshan_man1,7,handan_edge2,55,14.53,tangshan_man1-shijiangzhuang_core-handan_man2-handan_edge2,"[tangshan_man1-shijiangzhuang_core],[shijiangzhuang_core-handan_man2],[handan_man2-handan_edge2]",tangshan_man1~handan_edge2
tangshan_man1,7,xingtai_edge1,56,12.93,tangshan_man1-tangshan_core-xingtai_man2-xingtai_edge1,"[tangshan_man1-tangshan_core],[tangshan_core-xingtai_man2],[xingtai_man2-xingtai_edge1]",tangshan_man1~xingtai_edge1
tangshan_man1,7,xingtai_edge2,57,11.93,tangshan_man1-tangshan_core-xingtai_man2-xingtai_edge2,"[tangshan_man1-tangshan_core],[tangshan_core-xingtai_man2],[xingtai_man2-xingtai_edge2]",tangshan_man1~xingtai_edge2
tangshan_man1,7,baoding_edge1,58,8.09,tangshan_man1-tangshan_core-baoding_man2-baoding_edge1,"[tangshan_man1-tangshan_core],[tangshan_core-baoding_man2],[baoding_man2-baoding_edge1]",tangshan_man1~baoding_edge1
tangshan_man1,7,baoding_edge2,59,7.09,tangshan_man1-tangshan_core-baoding_man2-baoding_edge2,"[tangshan_man1-tangshan_core],[tangshan_core-baoding_man2],[baoding_man2-baoding_edge2]",tangshan_man1~baoding_edge2
tangshan_man1,7,zhangjiako_edge1,60,9.08,tangshan_man1-tangshan_core-beijing_core1-zhangjiako_man1-zhangjiako_edge1,"[tangshan_man1-tangshan_core],[tangshan_core-beijing_core1],[beijing_core1-zhangjiako_man1],[zhangjiako_man1-zhangjiako_edge1]",tangshan_man1~zhangjiako_edge1
tangshan_man1,7,zhangjiako_edge2,61,9.08,tangshan_man1-tangshan_core-beijing_core1-zhangjiako_man2-zhangjiako_edge2,"[tangshan_man1-tangshan_core],[tangshan_core-beijing_core1],[beijing_core1-zhangjiako_man2],[zhangjiako_man2-zhangjiako_edge2]",tangshan_man1~zhangjiako_edge2
tangshan_man1,7,chengde_edge1,62,5.82,tangshan_man1-tangshan_core-chengde_man1-chengde_edge1,"[tangshan_man1-tangshan_core],[tangshan_core-chengde_man1],[chengde_man1-chengde_edge1]",tangshan_man1~chengde_edge1
tangshan_man1,7,chengde_edge2,63,6.21,tangshan_man1-tangshan_core-chengde_man2-chengde_edge2,"[tangshan_man1-tangshan_core],[tangshan_core-chengde_man2],[chengde_man2-chengde_edge2]",tangshan_man1~chengde_edge2
tangshan_man1,7,cangzhou_edge1,64,5.88,tangshan_man1-tangshan_core-tianjin_core1-cangzhou_man1-cangzhou_edge1,"[tangshan_man1-tangshan_core],[tangshan_core-tianjin_core1],[tianjin_core1-cangzhou_man1],[cangzhou_man1-cangzhou_edge1]",tangshan_man1~cangzhou_edge1
tangshan_man1,7,cangzhou_edge2,65,5.88,tangshan_man1-tangshan_core-tianjin_core1-cangzhou_man2-cangzhou_edge2,"[tangshan_man1-tangshan_core],[tangshan_core-tianjin_core1],[tianjin_core1-cangzhou_man2],[cangzhou_man2-cangzhou_edge2]",tangshan_man1~cangzhou_edge2
tangshan_man1,7,langfang_edge1,66,5.15,tangshan_man1-tangshan_core-langfang_man1-langfang_edge1,"[tangshan_man1-tangshan_core],[tangshan_core-langfang_man1],[langfang_man1-langfang_edge1]",tangshan_man1~langfang_edge1
tangshan_man1,7,langfang_edge2,67,4.31,tangshan_man1-tangshan_core-langfang_man2-langfang_edge2,"[tangshan_man1-tangshan_core],[tangshan_core-langfang_man2],[langfang_man2-langfang_edge2]",tangshan_man1~langfang_edge2
tangshan_man1,7,hengshui_edge1,68,10.62,tangshan_man1-tangshan_core-hengshui_man2-hengshui_edge1,"[tangshan_man1-tangshan_core],[tangshan_core-hengshui_man2],[hengshui_man2-hengshui_edge1]",tangshan_man1~hengshui_edge1
tangshan_man1,7,hengshui_edge2,69,9.62,tangshan_man1-tangshan_core-hengshui_man2-hengshui_edge2,"[tangshan_man1-tangshan_core],[tangshan_core-hengshui_man2],[hengshui_man2-hengshui_edge2]",tangshan_man1~hengshui_edge2
tangshan_man2,8,beijing_cloud1,5,4.35,tangshan_man2-tangshan_core-beijing_core1-beijing_cloud1,"[tangshan_man2-tangshan_core],[tangshan_core-beijing_core1],[beijing_core1-beijing_cloud1]",tangshan_man2~beijing_cloud1
tangshan_man2,8,beijing_cloud2,6,5.35,tangshan_man2-tangshan_core-beijing_core1-beijing_cloud2,"[tangshan_man2-tangshan_core],[tangshan_core-beijing_core1],[beijing_core1-beijing_cloud2]",tangshan_man2~beijing_cloud2
tangshan_man2,8,beijing_edge1,7,5.35,tangshan_man2-tangshan_core-beijing_core1-beijing_man1-beijing_edge1,"[tangshan_man2-tangshan_core],[tangshan_core-beijing_core1],[beijing_core1-beijing_man1],[beijing_man1-beijing_edge1]",tangshan_man2~beijing_edge1
tangshan_man2,8,beijing_edge2,8,5.35,tangshan_man2-tangshan_core-beijing_core1-beijing_man2-beijing_edge2,"[tangshan_man2-tangshan_core],[tangshan_core-beijing_core1],[beijing_core1-beijing_man2],[beijing_man2-beijing_edge2]",tangshan_man2~beijing_edge2
tangshan_man2,8,beijing_edge3,9,5.85,tangshan_man2-tangshan_core-beijing_core1-beijing_man2-beijing_edge3,"[tangshan_man2-tangshan_core],[tangshan_core-beijing_core1],[beijing_core1-beijing_man2],[beijing_man2-beijing_edge3]",tangshan_man2~beijing_edge3
tangshan_man2,8,beijing_edge4,10,5.85,tangshan_man2-tangshan_core-beijing_core1-beijing_man2-beijing_edge4,"[tangshan_man2-tangshan_core],[tangshan_core-beijing_core1],[beijing_core1-beijing_man2],[beijing_man2-beijing_edge4]",tangshan_man2~beijing_edge4
tangshan_man2,8,tianjin_cloud1,15,3.1,tangshan_man2-tangshan_core-tianjin_core1-tianjin_cloud1,"[tangshan_man2-tangshan_core],[tangshan_core-tianjin_core1],[tianjin_core1-tianjin_cloud1]",tangshan_man2~tianjin_cloud1
tangshan_man2,8,tianjin_cloud2,16,3.57,tangshan_man2-tangshan_core-tianjin_core2-tianjin_cloud2,"[tangshan_man2-tangshan_core],[tangshan_core-tianjin_core2],[tianjin_core2-tianjin_cloud2]",tangshan_man2~tianjin_cloud2
tangshan_man2,8,tianjin_edge1,17,4.1,tangshan_man2-tangshan_core-tianjin_core1-tianjin_man1-tianjin_edge1,"[tangshan_man2-tangshan_core],[tangshan_core-tianjin_core1],[tianjin_core1-tianjin_man1],[tianjin_man1-tianjin_edge1]",tangshan_man2~tianjin_edge1
tangshan_man2,8,tianjin_edge2,18,4.1,tangshan_man2-tangshan_core-tianjin_core1-tianjin_man2-tianjin_edge2,"[tangshan_man2-tangshan_core],[tangshan_core-tianjin_core1],[tianjin_core1-tianjin_man2],[tianjin_man2-tianjin_edge2]",tangshan_man2~tianjin_edge2
tangshan_man2,8,tianjin_edge3,19,4.6,tangshan_man2-tangshan_core-tianjin_core1-tianjin_man1-tianjin_edge3,"[tangshan_man2-tangshan_core],[tangshan_core-tianjin_core1],[tianjin_core1-tianjin_man1],[tianjin_man1-tianjin_edge3]",tangshan_man2~tianjin_edge3
tangshan_man2,8,tianjin_edge4,20,4.6,tangshan_man2-tangshan_core-tianjin_core1-tianjin_man1-tianjin_edge4,"[tangshan_man2-tangshan_core],[tangshan_core-tianjin_core1],[tianjin_core1-tianjin_man1],[tianjin_man1-tianjin_edge4]",tangshan_man2~tianjin_edge4
tangshan_man2,8,shijiangzhuang_cloud,24,10.43,tangshan_man2-shijiangzhuang_core-shijiangzhuang_cloud,"[tangshan_man2-shijiangzhuang_core],[shijiangzhuang_core-shijiangzhuang_cloud]",tangshan_man2~shijiangzhuang_cloud
tangshan_man2,8,baoding_cloud,36,8.09,tangshan_man2-tangshan_core-baoding_man2-baoding_cloud,"[tangshan_man2-tangshan_core],[tangshan_core-baoding_man2],[baoding_man2-baoding_cloud]",tangshan_man2~baoding_cloud
tangshan_man2,8,zhangjiako_cloud,39,10.08,tangshan_man2-tangshan_core-beijing_core1-zhangjiako_man1-zhangjiako_cloud,"[tangshan_man2-tangshan_core],[tangshan_core-beijing_core1],[beijing_core1-zhangjiako_man1],[zhangjiako_man1-zhangjiako_cloud]",tangshan_man2~zhangjiako_cloud
tangshan_man2,8,shijiangzhuang_edge1,48,11.03,tangshan_man2-tangshan_core-shijiangzhuang_man1-shijiangzhuang_edge1,"[tangshan_man2-tangshan_core],[tangshan_core-shijiangzhuang_man1],[shijiangzhuang_man1-shijiangzhuang_edge1]",tangshan_man2~shijiangzhuang_edge1
tangshan_man2,8,shijiangzhuang_edge2,49,10.58,tangshan_man2-tangshan_core-shijiangzhuang_man2-shijiangzhuang_edge2,"[tangshan_man2-tangshan_core],[tangshan_core-shijiangzhuang_man2],[shijiangzhuang_man2-shijiangzhuang_edge2]",tangshan_man2~shijiangzhuang_edge2
tangshan_man2,8,tangshan_edge1,50,1.1,tangshan_man2-tangshan_edge1,[tangshan_man2-tangshan_edge1],tangshan_man2~tangshan_edge1
tangshan_man2,8,tangshan_edge2,51,0.1,tangshan_man2-tangshan_edge2,[tangshan_man2-tangshan_edge2],tangshan_man2~tangshan_edge2
tangshan_man2,8,qhd_edge1,52,4.6,tangshan_man2-tangshan_core-qhd_man1-qhd_edge1,"[tangshan_man2-tangshan_core],[tangshan_core-qhd_man1],[qhd_man1-qhd_edge1]",tangshan_man2~qhd_edge1
tangshan_man2,8,qhd_edge2,53,5.17,tangshan_man2-tangshan_core-qhd_man2-qhd_edge2,"[tangshan_man2-tangshan_core],[tangshan_core-qhd_man2],[qhd_man2-qhd_edge2]",tangshan_man2~qhd_edge2
tangshan_man2,8,handan_edge1,54,14.53,tangshan_man2-shijiangzhuang_core-handan_man1-handan_edge1,"[tangshan_man2-shijiangzhuang_core],[shijiangzhuang_core-handan_man1],[handan_man1-handan_edge1]",tangshan_man2~handan_edge1
tangshan_man2,8,handan_edge2,55,14.53,tangshan_man2-shijiangzhuang_core-handan_man2-handan_edge2,"[tangshan_man2-shijiangzhuang_core],[shijiangzhuang_core-handan_man2],[handan_man2-handan_edge2]",tangshan_man2~handan_edge2
tangshan_man2,8,xingtai_edge1,56,12.93,tangshan_man2-tangshan_core-xingtai_man2-xingtai_edge1,"[tangshan_man2-tangshan_core],[tangshan_core-xingtai_man2],[xingtai_man2-xingtai_edge1]",tangshan_man2~xingtai_edge1
tangshan_man2,8,xingtai_edge2,57,11.93,tangshan_man2-tangshan_core-xingtai_man2-xingtai_edge2,"[tangshan_man2-tangshan_core],[tangshan_core-xingtai_man2],[xingtai_man2-xingtai_edge2]",tangshan_man2~xingtai_edge2
tangshan_man2,8,baoding_edge1,58,8.09,tangshan_man2-tangshan_core-baoding_man2-baoding_edge1,"[tangshan_man2-tangshan_core],[tangshan_core-baoding_man2],[baoding_man2-baoding_edge1]",tangshan_man2~baoding_edge1
tangshan_man2,8,baoding_edge2,59,7.09,tangshan_man2-tangshan_core-baoding_man2-baoding_edge2,"[tangshan_man2-tangshan_core],[tangshan_core-baoding_man2],[baoding_man2-baoding_edge2]",tangshan_man2~baoding_edge2
tangshan_man2,8,zhangjiako_edge1,60,9.08,tangshan_man2-tangshan_core-beijing_core1-zhangjiako_man1-zhangjiako_edge1,"[tangshan_man2-tangshan_core],[tangshan_core-beijing_core1],[beijing_core1-zhangjiako_man1],[zhangjiako_man1-zhangjiako_edge1]",tangshan_man2~zhangjiako_edge1
tangshan_man2,8,zhangjiako_edge2,61,9.08,tangshan_man2-tangshan_core-beijing_core1-zhangjiako_man2-zhangjiako_edge2,"[tangshan_man2-tangshan_core],[tangshan_core-beijing_core1],[beijing_core1-zhangjiako_man2],[zhangjiako_man2-zhangjiako_edge2]",tangshan_man2~zhangjiako_edge2
tangshan_man2,8,chengde_edge1,62,5.82,tangshan_man2-tangshan_core-chengde_man1-chengde_edge1,"[tangshan_man2-tangshan_core],[tangshan_core-chengde_man1],[chengde_man1-chengde_edge1]",tangshan_man2~chengde_edge1
tangshan_man2,8,chengde_edge2,63,6.21,tangshan_man2-tangshan_core-chengde_man2-chengde_edge2,"[tangshan_man2-tangshan_core],[tangshan_core-chengde_man2],[chengde_man2-chengde_edge2]",tangshan_man2~chengde_edge2
tangshan_man2,8,cangzhou_edge1,64,5.88,tangshan_man2-tangshan_core-tianjin_core1-cangzhou_man1-cangzhou_edge1,"[tangshan_man2-tangshan_core],[tangshan_core-tianjin_core1],[tianjin_core1-cangzhou_man1],[cangzhou_man1-cangzhou_edge1]",tangshan_man2~cangzhou_edge1
tangshan_man2,8,cangzhou_edge2,65,5.88,tangshan_man2-tangshan_core-tianjin_core1-cangzhou_man2-cangzhou_edge2,"[tangshan_man2-tangshan_core],[tangshan_core-tianjin_core1],[tianjin_core1-cangzhou_man2],[cangzhou_man2-cangzhou_edge2]",tangshan_man2~cangzhou_edge2
tangshan_man2,8,langfang_edge1,66,5.15,tangshan_man2-tangshan_core-langfang_man1-langfang_edge1,"[tangshan_man2-tangshan_core],[tangshan_core-langfang_man1],[langfang_man1-langfang_edge1]",tangshan_man2~langfang_edge1
tangshan_man2,8,langfang_edge2,67,4.31,tangshan_man2-tangshan_core-langfang_man2-langfang_edge2,"[tangshan_man2-tangshan_core],[tangshan_core-langfang_man2],[langfang_man2-langfang_edge2]",tangshan_man2~langfang_edge2
tangshan_man2,8,hengshui_edge1,68,10.62,tangshan_man2-tangshan_core-hengshui_man2-hengshui_edge1,"[tangshan_man2-tangshan_core],[tangshan_core-hengshui_man2],[hengshui_man2-hengshui_edge1]",tangshan_man2~hengshui_edge1
tangshan_man2,8,hengshui_edge2,69,9.62,tangshan_man2-tangshan_core-hengshui_man2-hengshui_edge2,"[tangshan_man2-tangshan_core],[tangshan_core-hengshui_man2],[hengshui_man2-hengshui_edge2]",tangshan_man2~hengshui_edge2
qhd_man1,9,beijing_cloud1,5,6.85,qhd_man1-tangshan_core-beijing_core1-beijing_cloud1,"[qhd_man1-tangshan_core],[tangshan_core-beijing_core1],[beijing_core1-beijing_cloud1]",qhd_man1~beijing_cloud1
qhd_man1,9,beijing_cloud2,6,7.85,qhd_man1-tangshan_core-beijing_core1-beijing_cloud2,"[qhd_man1-tangshan_core],[tangshan_core-beijing_core1],[beijing_core1-beijing_cloud2]",qhd_man1~beijing_cloud2
qhd_man1,9,beijing_edge1,7,7.85,qhd_man1-tangshan_core-beijing_core1-beijing_man1-beijing_edge1,"[qhd_man1-tangshan_core],[tangshan_core-beijing_core1],[beijing_core1-beijing_man1],[beijing_man1-beijing_edge1]",qhd_man1~beijing_edge1
qhd_man1,9,beijing_edge2,8,7.85,qhd_man1-tangshan_core-beijing_core1-beijing_man2-beijing_edge2,"[qhd_man1-tangshan_core],[tangshan_core-beijing_core1],[beijing_core1-beijing_man2],[beijing_man2-beijing_edge2]",qhd_man1~beijing_edge2
qhd_man1,9,beijing_edge3,9,8.35,qhd_man1-tangshan_core-beijing_core1-beijing_man2-beijing_edge3,"[qhd_man1-tangshan_core],[tangshan_core-beijing_core1],[beijing_core1-beijing_man2],[beijing_man2-beijing_edge3]",qhd_man1~beijing_edge3
qhd_man1,9,beijing_edge4,10,8.35,qhd_man1-tangshan_core-beijing_core1-beijing_man2-beijing_edge4,"[qhd_man1-tangshan_core],[tangshan_core-beijing_core1],[beijing_core1-beijing_man2],[beijing_man2-beijing_edge4]",qhd_man1~beijing_edge4
qhd_man1,9,tianjin_cloud1,15,5.6,qhd_man1-tangshan_core-tianjin_core1-tianjin_cloud1,"[qhd_man1-tangshan_core],[tangshan_core-tianjin_core1],[tianjin_core1-tianjin_cloud1]",qhd_man1~tianjin_cloud1
qhd_man1,9,tianjin_cloud2,16,6.07,qhd_man1-tangshan_core-tianjin_core2-tianjin_cloud2,"[qhd_man1-tangshan_core],[tangshan_core-tianjin_core2],[tianjin_core2-tianjin_cloud2]",qhd_man1~tianjin_cloud2
qhd_man1,9,tianjin_edge1,17,6.6,qhd_man1-tangshan_core-tianjin_core1-tianjin_man1-tianjin_edge1,"[qhd_man1-tangshan_core],[tangshan_core-tianjin_core1],[tianjin_core1-tianjin_man1],[tianjin_man1-tianjin_edge1]",qhd_man1~tianjin_edge1
qhd_man1,9,tianjin_edge2,18,6.6,qhd_man1-tangshan_core-tianjin_core1-tianjin_man2-tianjin_edge2,"[qhd_man1-tangshan_core],[tangshan_core-tianjin_core1],[tianjin_core1-tianjin_man2],[tianjin_man2-tianjin_edge2]",qhd_man1~tianjin_edge2
qhd_man1,9,tianjin_edge3,19,7.1,qhd_man1-tangshan_core-tianjin_core1-tianjin_man1-tianjin_edge3,"[qhd_man1-tangshan_core],[tangshan_core-tianjin_core1],[tianjin_core1-tianjin_man1],[tianjin_man1-tianjin_edge3]",qhd_man1~tianjin_edge3
qhd_man1,9,tianjin_edge4,20,7.1,qhd_man1-tangshan_core-tianjin_core1-tianjin_man1-tianjin_edge4,"[qhd_man1-tangshan_core],[tangshan_core-tianjin_core1],[tianjin_core1-tianjin_man1],[tianjin_man1-tianjin_edge4]",qhd_man1~tianjin_edge4
qhd_man1,9,shijiangzhuang_cloud,24,12.99,qhd_man1-tangshan_core-tianjin_core1-shijiangzhuang_core-shijiangzhuang_cloud,"[qhd_man1-tangshan_core],[tangshan_core-tianjin_core1],[tianjin_core1-shijiangzhuang_core],[shijiangzhuang_core-shijiangzhuang_cloud]",qhd_man1~shijiangzhuang_cloud
qhd_man1,9,baoding_cloud,36,10.59,qhd_man1-tangshan_core-baoding_man2-baoding_cloud,"[qhd_man1-tangshan_core],[tangshan_core-baoding_man2],[baoding_man2-baoding_cloud]",qhd_man1~baoding_cloud
qhd_man1,9,zhangjiako_cloud,39,12.59,qhd_man1-tangshan_core-beijing_core1-zhangjiako_man2-zhangjiako_cloud,"[qhd_man1-tangshan_core],[tangshan_core-beijing_core1],[beijing_core1-zhangjiako_man2],[zhangjiako_man2-zhangjiako_cloud]",qhd_man1~zhangjiako_cloud
qhd_man1,9,shijiangzhuang_edge1,48,13.53,qhd_man1-tangshan_core-shijiangzhuang_man1-shijiangzhuang_edge1,"[qhd_man1-tangshan_core],[tangshan_core-shijiangzhuang_man1],[shijiangzhuang_man1-shijiangzhuang_edge1]",qhd_man1~shijiangzhuang_edge1
qhd_man1,9,shijiangzhuang_edge2,49,13.08,qhd_man1-tangshan_core-shijiangzhuang_man2-shijiangzhuang_edge2,"[qhd_man1-tangshan_core],[tangshan_core-shijiangzhuang_man2],[shijiangzhuang_man2-shijiangzhuang_edge2]",qhd_man1~shijiangzhuang_edge2
qhd_man1,9,tangshan_edge1,50,4.6,qhd_man1-tangshan_core-tangshan_man1-tangshan_edge1,"[qhd_man1-tangshan_core],[tangshan_core-tangshan_man1],[tangshan_man1-tangshan_edge1]",qhd_man1~tangshan_edge1
qhd_man1,9,tangshan_edge2,51,4.6,qhd_man1-tangshan_core-tangshan_man2-tangshan_edge2,"[qhd_man1-tangshan_core],[tangshan_core-tangshan_man2],[tangshan_man2-tangshan_edge2]",qhd_man1~tangshan_edge2
qhd_man1,9,qhd_edge1,52,0.1,qhd_man1-qhd_edge1,[qhd_man1-qhd_edge1],qhd_man1~qhd_edge1
qhd_man1,9,qhd_edge2,53,1.1,qhd_man1-qhd_edge2,[qhd_man1-qhd_edge2],qhd_man1~qhd_edge2
qhd_man1,9,handan_edge1,54,17.1,qhd_man1-tangshan_core-tianjin_core1-shijiangzhuang_core-handan_man1-handan_edge1,"[qhd_man1-tangshan_core],[tangshan_core-tianjin_core1],[tianjin_core1-shijiangzhuang_core],[shijiangzhuang_core-handan_man1],[handan_man1-handan_edge1]",qhd_man1~handan_edge1
qhd_man1,9,handan_edge2,55,17.1,qhd_man1-tangshan_core-tianjin_core1-shijiangzhuang_core-handan_man2-handan_edge2,"[qhd_man1-tangshan_core],[tangshan_core-tianjin_core1],[tianjin_core1-shijiangzhuang_core],[shijiangzhuang_core-handan_man2],[handan_man2-handan_edge2]",qhd_man1~handan_edge2
qhd_man1,9,xingtai_edge1,56,15.43,qhd_man1-tangshan_core-xingtai_man2-xingtai_edge1,"[qhd_man1-tangshan_core],[tangshan_core-xingtai_man2],[xingtai_man2-xingtai_edge1]",qhd_man1~xingtai_edge1
qhd_man1,9,xingtai_edge2,57,14.43,qhd_man1-tangshan_core-xingtai_man2-xingtai_edge2,"[qhd_man1-tangshan_core],[tangshan_core-xingtai_man2],[xingtai_man2-xingtai_edge2]",qhd_man1~xingtai_edge2
qhd_man1,9,baoding_edge1,58,10.59,qhd_man1-tangshan_core-baoding_man2-baoding_edge1,"[qhd_man1-tangshan_core],[tangshan_core-baoding_man2],[baoding_man2-baoding_edge1]",qhd_man1~baoding_edge1
qhd_man1,9,baoding_edge2,59,9.59,qhd_man1-tangshan_core-baoding_man2-baoding_edge2,"[qhd_man1-tangshan_core],[tangshan_core-baoding_man2],[baoding_man2-baoding_edge2]",qhd_man1~baoding_edge2
qhd_man1,9,zhangjiako_edge1,60,11.59,qhd_man1-tangshan_core-beijing_core1-zhangjiako_man1-zhangjiako_edge1,"[qhd_man1-tangshan_core],[tangshan_core-beijing_core1],[beijing_core1-zhangjiako_man1],[zhangjiako_man1-zhangjiako_edge1]",qhd_man1~zhangjiako_edge1
qhd_man1,9,zhangjiako_edge2,61,11.59,qhd_man1-tangshan_core-beijing_core1-zhangjiako_man2-zhangjiako_edge2,"[qhd_man1-tangshan_core],[tangshan_core-beijing_core1],[beijing_core1-zhangjiako_man2],[zhangjiako_man2-zhangjiako_edge2]",qhd_man1~zhangjiako_edge2
qhd_man1,9,chengde_edge1,62,8.32,qhd_man1-tangshan_core-chengde_man1-chengde_edge1,"[qhd_man1-tangshan_core],[tangshan_core-chengde_man1],[chengde_man1-chengde_edge1]",qhd_man1~chengde_edge1
qhd_man1,9,chengde_edge2,63,8.71,qhd_man1-tangshan_core-chengde_man2-chengde_edge2,"[qhd_man1-tangshan_core],[tangshan_core-chengde_man2],[chengde_man2-chengde_edge2]",qhd_man1~chengde_edge2
qhd_man1,9,cangzhou_edge1,64,8.38,qhd_man1-tangshan_core-tianjin_core1-cangzhou_man1-cangzhou_edge1,"[qhd_man1-tangshan_core],[tangshan_core-tianjin_core1],[tianjin_core1-cangzhou_man1],[cangzhou_man1-cangzhou_edge1]",qhd_man1~cangzhou_edge1
qhd_man1,9,cangzhou_edge2,65,8.38,qhd_man1-tangshan_core-tianjin_core1-cangzhou_man2-cangzhou_edge2,"[qhd_man1-tangshan_core],[tangshan_core-tianjin_core1],[tianjin_core1-cangzhou_man2],[cangzhou_man2-cangzhou_edge2]",qhd_man1~cangzhou_edge2
qhd_man1,9,langfang_edge1,66,7.65,qhd_man1-tangshan_core-langfang_man1-langfang_edge1,"[qhd_man1-tangshan_core],[tangshan_core-langfang_man1],[langfang_man1-langfang_edge1]",qhd_man1~langfang_edge1
qhd_man1,9,langfang_edge2,67,6.81,qhd_man1-tangshan_core-langfang_man2-langfang_edge2,"[qhd_man1-tangshan_core],[tangshan_core-langfang_man2],[langfang_man2-langfang_edge2]",qhd_man1~langfang_edge2
qhd_man1,9,hengshui_edge1,68,13.12,qhd_man1-tangshan_core-hengshui_man2-hengshui_edge1,"[qhd_man1-tangshan_core],[tangshan_core-hengshui_man2],[hengshui_man2-hengshui_edge1]",qhd_man1~hengshui_edge1
qhd_man1,9,hengshui_edge2,69,12.12,qhd_man1-tangshan_core-hengshui_man2-hengshui_edge2,"[qhd_man1-tangshan_core],[tangshan_core-hengshui_man2],[hengshui_man2-hengshui_edge2]",qhd_man1~hengshui_edge2
qhd_man2,10,beijing_cloud1,5,7.42,qhd_man2-tangshan_core-beijing_core1-beijing_cloud1,"[qhd_man2-tangshan_core],[tangshan_core-beijing_core1],[beijing_core1-beijing_cloud1]",qhd_man2~beijing_cloud1
qhd_man2,10,beijing_cloud2,6,8.42,qhd_man2-tangshan_core-beijing_core1-beijing_cloud2,"[qhd_man2-tangshan_core],[tangshan_core-beijing_core1],[beijing_core1-beijing_cloud2]",qhd_man2~beijing_cloud2
qhd_man2,10,beijing_edge1,7,8.42,qhd_man2-tangshan_core-beijing_core1-beijing_man1-beijing_edge1,"[qhd_man2-tangshan_core],[tangshan_core-beijing_core1],[beijing_core1-beijing_man1],[beijing_man1-beijing_edge1]",qhd_man2~beijing_edge1
qhd_man2,10,beijing_edge2,8,8.42,qhd_man2-tangshan_core-beijing_core1-beijing_man2-beijing_edge2,"[qhd_man2-tangshan_core],[tangshan_core-beijing_core1],[beijing_core1-beijing_man2],[beijing_man2-beijing_edge2]",qhd_man2~beijing_edge2
qhd_man2,10,beijing_edge3,9,8.92,qhd_man2-tangshan_core-beijing_core1-beijing_man2-beijing_edge3,"[qhd_man2-tangshan_core],[tangshan_core-beijing_core1],[beijing_core1-beijing_man2],[beijing_man2-beijing_edge3]",qhd_man2~beijing_edge3
qhd_man2,10,beijing_edge4,10,8.92,qhd_man2-tangshan_core-beijing_core1-beijing_man2-beijing_edge4,"[qhd_man2-tangshan_core],[tangshan_core-beijing_core1],[beijing_core1-beijing_man2],[beijing_man2-beijing_edge4]",qhd_man2~beijing_edge4
qhd_man2,10,tianjin_cloud1,15,6.17,qhd_man2-tangshan_core-tianjin_core1-tianjin_cloud1,"[qhd_man2-tangshan_core],[tangshan_core-tianjin_core1],[tianjin_core1-tianjin_cloud1]",qhd_man2~tianjin_cloud1
qhd_man2,10,tianjin_cloud2,16,6.57,qhd_man2-tianjin_core2-tianjin_cloud2,"[qhd_man2-tianjin_core2],[tianjin_core2-tianjin_cloud2]",qhd_man2~tianjin_cloud2
qhd_man2,10,tianjin_edge1,17,7.17,qhd_man2-tangshan_core-tianjin_core1-tianjin_man1-tianjin_edge1,"[qhd_man2-tangshan_core],[tangshan_core-tianjin_core1],[tianjin_core1-tianjin_man1],[tianjin_man1-tianjin_edge1]",qhd_man2~tianjin_edge1
qhd_man2,10,tianjin_edge2,18,7.17,qhd_man2-tangshan_core-tianjin_core1-tianjin_man2-tianjin_edge2,"[qhd_man2-tangshan_core],[tangshan_core-tianjin_core1],[tianjin_core1-tianjin_man2],[tianjin_man2-tianjin_edge2]",qhd_man2~tianjin_edge2
qhd_man2,10,tianjin_edge3,19,7.67,qhd_man2-tangshan_core-tianjin_core1-tianjin_man2-tianjin_edge3,"[qhd_man2-tangshan_core],[tangshan_core-tianjin_core1],[tianjin_core1-tianjin_man2],[tianjin_man2-tianjin_edge3]",qhd_man2~tianjin_edge3
qhd_man2,10,tianjin_edge4,20,7.67,qhd_man2-tangshan_core-tianjin_core1-tianjin_man2-tianjin_edge4,"[qhd_man2-tangshan_core],[tangshan_core-tianjin_core1],[tianjin_core1-tianjin_man2],[tianjin_man2-tianjin_edge4]",qhd_man2~tianjin_edge4
qhd_man2,10,shijiangzhuang_cloud,24,13.56,qhd_man2-tangshan_core-tianjin_core1-shijiangzhuang_core-shijiangzhuang_cloud,"[qhd_man2-tangshan_core],[tangshan_core-tianjin_core1],[tianjin_core1-shijiangzhuang_core],[shijiangzhuang_core-shijiangzhuang_cloud]",qhd_man2~shijiangzhuang_cloud
qhd_man2,10,baoding_cloud,36,11.15,qhd_man2-tangshan_core-baoding_man2-baoding_cloud,"[qhd_man2-tangshan_core],[tangshan_core-baoding_man2],[baoding_man2-baoding_cloud]",qhd_man2~baoding_cloud
qhd_man2,10,zhangjiako_cloud,39,13.15,qhd_man2-tangshan_core-beijing_core1-zhangjiako_man2-zhangjiako_cloud,"[qhd_man2-tangshan_core],[tangshan_core-beijing_core1],[beijing_core1-zhangjiako_man2],[zhangjiako_man2-zhangjiako_cloud]",qhd_man2~zhangjiako_cloud
qhd_man2,10,shijiangzhuang_edge1,48,14.09,qhd_man2-tangshan_core-shijiangzhuang_man1-shijiangzhuang_edge1,"[qhd_man2-tangshan_core],[tangshan_core-shijiangzhuang_man1],[shijiangzhuang_man1-shijiangzhuang_edge1]",qhd_man2~shijiangzhuang_edge1
qhd_man2,10,shijiangzhuang_edge2,49,13.65,qhd_man2-tangshan_core-shijiangzhuang_man2-shijiangzhuang_edge2,"[qhd_man2-tangshan_core],[tangshan_core-shijiangzhuang_man2],[shijiangzhuang_man2-shijiangzhuang_edge2]",qhd_man2~shijiangzhuang_edge2
qhd_man2,10,tangshan_edge1,50,5.17,qhd_man2-tangshan_core-tangshan_man1-tangshan_edge1,"[qhd_man2-tangshan_core],[tangshan_core-tangshan_man1],[tangshan_man1-tangshan_edge1]",qhd_man2~tangshan_edge1
qhd_man2,10,tangshan_edge2,51,5.17,qhd_man2-tangshan_core-tangshan_man2-tangshan_edge2,"[qhd_man2-tangshan_core],[tangshan_core-tangshan_man2],[tangshan_man2-tangshan_edge2]",qhd_man2~tangshan_edge2
qhd_man2,10,qhd_edge1,52,1.1,qhd_man2-qhd_edge1,[qhd_man2-qhd_edge1],qhd_man2~qhd_edge1
qhd_man2,10,qhd_edge2,53,0.1,qhd_man2-qhd_edge2,[qhd_man2-qhd_edge2],qhd_man2~qhd_edge2
qhd_man2,10,handan_edge1,54,17.66,qhd_man2-tangshan_core-tianjin_core1-shijiangzhuang_core-handan_man1-handan_edge1,"[qhd_man2-tangshan_core],[tangshan_core-tianjin_core1],[tianjin_core1-shijiangzhuang_core],[shijiangzhuang_core-handan_man1],[handan_man1-handan_edge1]",qhd_man2~handan_edge1
qhd_man2,10,handan_edge2,55,17.66,qhd_man2-tangshan_core-tianjin_core1-shijiangzhuang_core-handan_man2-handan_edge2,"[qhd_man2-tangshan_core],[tangshan_core-tianjin_core1],[tianjin_core1-shijiangzhuang_core],[shijiangzhuang_core-handan_man2],[handan_man2-handan_edge2]",qhd_man2~handan_edge2
qhd_man2,10,xingtai_edge1,56,15.99,qhd_man2-tangshan_core-xingtai_man2-xingtai_edge1,"[qhd_man2-tangshan_core],[tangshan_core-xingtai_man2],[xingtai_man2-xingtai_edge1]",qhd_man2~xingtai_edge1
qhd_man2,10,xingtai_edge2,57,14.99,qhd_man2-tangshan_core-xingtai_man2-xingtai_edge2,"[qhd_man2-tangshan_core],[tangshan_core-xingtai_man2],[xingtai_man2-xingtai_edge2]",qhd_man2~xingtai_edge2
qhd_man2,10,baoding_edge1,58,11.15,qhd_man2-tangshan_core-baoding_man2-baoding_edge1,"[qhd_man2-tangshan_core],[tangshan_core-baoding_man2],[baoding_man2-baoding_edge1]",qhd_man2~baoding_edge1
qhd_man2,10,baoding_edge2,59,10.15,qhd_man2-tangshan_core-baoding_man2-baoding_edge2,"[qhd_man2-tangshan_core],[tangshan_core-baoding_man2],[baoding_man2-baoding_edge2]",qhd_man2~baoding_edge2
qhd_man2,10,zhangjiako_edge1,60,12.15,qhd_man2-tangshan_core-beijing_core1-zhangjiako_man1-zhangjiako_edge1,"[qhd_man2-tangshan_core],[tangshan_core-beijing_core1],[beijing_core1-zhangjiako_man1],[zhangjiako_man1-zhangjiako_edge1]",qhd_man2~zhangjiako_edge1
qhd_man2,10,zhangjiako_edge2,61,12.15,qhd_man2-tangshan_core-beijing_core1-zhangjiako_man2-zhangjiako_edge2,"[qhd_man2-tangshan_core],[tangshan_core-beijing_core1],[beijing_core1-zhangjiako_man2],[zhangjiako_man2-zhangjiako_edge2]",qhd_man2~zhangjiako_edge2
qhd_man2,10,chengde_edge1,62,8.89,qhd_man2-tangshan_core-chengde_man1-chengde_edge1,"[qhd_man2-tangshan_core],[tangshan_core-chengde_man1],[chengde_man1-chengde_edge1]",qhd_man2~chengde_edge1
qhd_man2,10,chengde_edge2,63,9.28,qhd_man2-tangshan_core-chengde_man2-chengde_edge2,"[qhd_man2-tangshan_core],[tangshan_core-chengde_man2],[chengde_man2-chengde_edge2]",qhd_man2~chengde_edge2
qhd_man2,10,cangzhou_edge1,64,8.95,qhd_man2-tangshan_core-tianjin_core1-cangzhou_man1-cangzhou_edge1,"[qhd_man2-tangshan_core],[tangshan_core-tianjin_core1],[tianjin_core1-cangzhou_man1],[cangzhou_man1-cangzhou_edge1]",qhd_man2~cangzhou_edge1
qhd_man2,10,cangzhou_edge2,65,8.95,qhd_man2-tangshan_core-tianjin_core1-cangzhou_man2-cangzhou_edge2,"[qhd_man2-tangshan_core],[tangshan_core-tianjin_core1],[tianjin_core1-cangzhou_man2],[cangzhou_man2-cangzhou_edge2]",qhd_man2~cangzhou_edge2
qhd_man2,10,langfang_edge1,66,8.21,qhd_man2-tangshan_core-langfang_man1-langfang_edge1,"[qhd_man2-tangshan_core],[tangshan_core-langfang_man1],[langfang_man1-langfang_edge1]",qhd_man2~langfang_edge1
qhd_man2,10,langfang_edge2,67,7.37,qhd_man2-tangshan_core-langfang_man2-langfang_edge2,"[qhd_man2-tangshan_core],[tangshan_core-langfang_man2],[langfang_man2-langfang_edge2]",qhd_man2~langfang_edge2
qhd_man2,10,hengshui_edge1,68,13.68,qhd_man2-tangshan_core-hengshui_man2-hengshui_edge1,"[qhd_man2-tangshan_core],[tangshan_core-hengshui_man2],[hengshui_man2-hengshui_edge1]",qhd_man2~hengshui_edge1
qhd_man2,10,hengshui_edge2,69,12.68,qhd_man2-tangshan_core-hengshui_man2-hengshui_edge2,"[qhd_man2-tangshan_core],[tangshan_core-hengshui_man2],[hengshui_man2-hengshui_edge2]",qhd_man2~hengshui_edge2
handan_man1,11,beijing_cloud1,5,11.19,handan_man1-shijiangzhuang_core-beijing_core2-beijing_cloud1,"[handan_man1-shijiangzhuang_core],[shijiangzhuang_core-beijing_core2],[beijing_core2-beijing_cloud1]",handan_man1~beijing_cloud1
handan_man1,11,beijing_cloud2,6,10.19,handan_man1-shijiangzhuang_core-beijing_core2-beijing_cloud2,"[handan_man1-shijiangzhuang_core],[shijiangzhuang_core-beijing_core2],[beijing_core2-beijing_cloud2]",handan_man1~beijing_cloud2
handan_man1,11,beijing_edge1,7,11.19,handan_man1-shijiangzhuang_core-beijing_core2-beijing_man1-beijing_edge1,"[handan_man1-shijiangzhuang_core],[shijiangzhuang_core-beijing_core2],[beijing_core2-beijing_man1],[beijing_man1-beijing_edge1]",handan_man1~beijing_edge1
handan_man1,11,beijing_edge2,8,11.19,handan_man1-shijiangzhuang_core-beijing_core2-beijing_man2-beijing_edge2,"[handan_man1-shijiangzhuang_core],[shijiangzhuang_core-beijing_core2],[beijing_core2-beijing_man2],[beijing_man2-beijing_edge2]",handan_man1~beijing_edge2
handan_man1,11,beijing_edge3,9,11.69,handan_man1-shijiangzhuang_core-beijing_core2-beijing_man2-beijing_edge3,"[handan_man1-shijiangzhuang_core],[shijiangzhuang_core-beijing_core2],[beijing_core2-beijing_man2],[beijing_man2-beijing_edge3]",handan_man1~beijing_edge3
handan_man1,11,beijing_edge4,10,11.69,handan_man1-shijiangzhuang_core-beijing_core2-beijing_man2-beijing_edge4,"[handan_man1-shijiangzhuang_core],[shijiangzhuang_core-beijing_core2],[beijing_core2-beijing_man2],[beijing_man2-beijing_edge4]",handan_man1~beijing_edge4
handan_man1,11,tianjin_cloud1,15,11.59,handan_man1-shijiangzhuang_core-tianjin_core1-tianjin_cloud1,"[handan_man1-shijiangzhuang_core],[shijiangzhuang_core-tianjin_core1],[tianjin_core1-tianjin_cloud1]",handan_man1~tianjin_cloud1
handan_man1,11,tianjin_cloud2,16,12.55,handan_man1-shijiangzhuang_core-cangzhou_man1-tianjin_core2-tianjin_cloud2,"[handan_man1-shijiangzhuang_core],[shijiangzhuang_core-cangzhou_man1],[cangzhou_man1-tianjin_core2],[tianjin_core2-tianjin_cloud2]",handan_man1~tianjin_cloud2
handan_man1,11,tianjin_edge1,17,12.59,handan_man1-shijiangzhuang_core-tianjin_core1-tianjin_man1-tianjin_edge1,"[handan_man1-shijiangzhuang_core],[shijiangzhuang_core-tianjin_core1],[tianjin_core1-tianjin_man1],[tianjin_man1-tianjin_edge1]",handan_man1~tianjin_edge1
handan_man1,11,tianjin_edge2,18,12.59,handan_man1-shijiangzhuang_core-tianjin_core1-tianjin_man2-tianjin_edge2,"[handan_man1-shijiangzhuang_core],[shijiangzhuang_core-tianjin_core1],[tianjin_core1-tianjin_man2],[tianjin_man2-tianjin_edge2]",handan_man1~tianjin_edge2
handan_man1,11,tianjin_edge3,19,13.09,handan_man1-shijiangzhuang_core-tianjin_core1-tianjin_man1-tianjin_edge3,"[handan_man1-shijiangzhuang_core],[shijiangzhuang_core-tianjin_core1],[tianjin_core1-tianjin_man1],[tianjin_man1-tianjin_edge3]",handan_man1~tianjin_edge3
handan_man1,11,tianjin_edge4,20,13.09,handan_man1-shijiangzhuang_core-tianjin_core1-tianjin_man1-tianjin_edge4,"[handan_man1-shijiangzhuang_core],[shijiangzhuang_core-tianjin_core1],[tianjin_core1-tianjin_man1],[tianjin_man1-tianjin_edge4]",handan_man1~tianjin_edge4
handan_man1,11,shijiangzhuang_cloud,24,4.2,handan_man1-shijiangzhuang_core-shijiangzhuang_cloud,"[handan_man1-shijiangzhuang_core],[shijiangzhuang_core-shijiangzhuang_cloud]",handan_man1~shijiangzhuang_cloud
handan_man1,11,baoding_cloud,36,8.72,handan_man1-shijiangzhuang_core-baoding_man2-baoding_cloud,"[handan_man1-shijiangzhuang_core],[shijiangzhuang_core-baoding_man2],[baoding_man2-baoding_cloud]",handan_man1~baoding_cloud
handan_man1,11,zhangjiako_cloud,39,14.4,handan_man1-shijiangzhuang_core-zhangjiako_man2-zhangjiako_cloud,"[handan_man1-shijiangzhuang_core],[shijiangzhuang_core-zhangjiako_man2],[zhangjiako_man2-zhangjiako_cloud]",handan_man1~zhangjiako_cloud
handan_man1,11,shijiangzhuang_edge1,48,5.2,handan_man1-shijiangzhuang_core-shijiangzhuang_man1-shijiangzhuang_edge1,"[handan_man1-shijiangzhuang_core],[shijiangzhuang_core-shijiangzhuang_man1],[shijiangzhuang_man1-shijiangzhuang_edge1]",handan_man1~shijiangzhuang_edge1
handan_man1,11,shijiangzhuang_edge2,49,5.2,handan_man1-shijiangzhuang_core-shijiangzhuang_man2-shijiangzhuang_edge2,"[handan_man1-shijiangzhuang_core],[shijiangzhuang_core-shijiangzhuang_man2],[shijiangzhuang_man2-shijiangzhuang_edge2]",handan_man1~shijiangzhuang_edge2
handan_man1,11,tangshan_edge1,50,14.53,handan_man1-shijiangzhuang_core-tangshan_man1-tangshan_edge1,"[handan_man1-shijiangzhuang_core],[shijiangzhuang_core-tangshan_man1],[tangshan_man1-tangshan_edge1]",handan_man1~tangshan_edge1
handan_man1,11,tangshan_edge2,51,14.53,handan_man1-shijiangzhuang_core-tangshan_man2-tangshan_edge2,"[handan_man1-shijiangzhuang_core],[shijiangzhuang_core-tangshan_man2],[tangshan_man2-tangshan_edge2]",handan_man1~tangshan_edge2
handan_man1,11,qhd_edge1,52,17.1,handan_man1-shijiangzhuang_core-tianjin_core1-tangshan_core-qhd_man1-qhd_edge1,"[handan_man1-shijiangzhuang_core],[shijiangzhuang_core-tianjin_core1],[tianjin_core1-tangshan_core],[tangshan_core-qhd_man1],[qhd_man1-qhd_edge1]",handan_man1~qhd_edge1
handan_man1,11,qhd_edge2,53,17.66,handan_man1-shijiangzhuang_core-tianjin_core1-tangshan_core-qhd_man2-qhd_edge2,"[handan_man1-shijiangzhuang_core],[shijiangzhuang_core-tianjin_core1],[tianjin_core1-tangshan_core],[tangshan_core-qhd_man2],[qhd_man2-qhd_edge2]",handan_man1~qhd_edge2
handan_man1,11,handan_edge1,54,0.1,handan_man1-handan_edge1,[handan_man1-handan_edge1],handan_man1~handan_edge1
handan_man1,11,handan_edge2,55,1.1,handan_man1-handan_edge2,[handan_man1-handan_edge2],handan_man1~handan_edge2
handan_man1,11,xingtai_edge1,56,7.2,handan_man1-shijiangzhuang_core-xingtai_man1-xingtai_edge1,"[handan_man1-shijiangzhuang_core],[shijiangzhuang_core-xingtai_man1],[xingtai_man1-xingtai_edge1]",handan_man1~xingtai_edge1
handan_man1,11,xingtai_edge2,57,7.2,handan_man1-shijiangzhuang_core-xingtai_man2-xingtai_edge2,"[handan_man1-shijiangzhuang_core],[shijiangzhuang_core-xingtai_man2],[xingtai_man2-xingtai_edge2]",handan_man1~xingtai_edge2
handan_man1,11,baoding_edge1,58,7.72,handan_man1-shijiangzhuang_core-baoding_man1-baoding_edge1,"[handan_man1-shijiangzhuang_core],[shijiangzhuang_core-baoding_man1],[baoding_man1-baoding_edge1]",handan_man1~baoding_edge1
handan_man1,11,baoding_edge2,59,7.72,handan_man1-shijiangzhuang_core-baoding_man2-baoding_edge2,"[handan_man1-shijiangzhuang_core],[shijiangzhuang_core-baoding_man2],[baoding_man2-baoding_edge2]",handan_man1~baoding_edge2
handan_man1,11,zhangjiako_edge1,60,13.4,handan_man1-shijiangzhuang_core-zhangjiako_man1-zhangjiako_edge1,"[handan_man1-shijiangzhuang_core],[shijiangzhuang_core-zhangjiako_man1],[zhangjiako_man1-zhangjiako_edge1]",handan_man1~zhangjiako_edge1
handan_man1,11,zhangjiako_edge2,61,13.4,handan_man1-shijiangzhuang_core-zhangjiako_man2-zhangjiako_edge2,"[handan_man1-shijiangzhuang_core],[shijiangzhuang_core-zhangjiako_man2],[zhangjiako_man2-zhangjiako_edge2]",handan_man1~zhangjiako_edge2
handan_man1,11,chengde_edge1,62,15.68,handan_man1-shijiangzhuang_core-beijing_core2-chengde_man1-chengde_edge1,"[handan_man1-shijiangzhuang_core],[shijiangzhuang_core-beijing_core2],[beijing_core2-chengde_man1],[chengde_man1-chengde_edge1]",handan_man1~chengde_edge1
handan_man1,11,chengde_edge2,63,15.68,handan_man1-shijiangzhuang_core-beijing_core2-chengde_man2-chengde_edge2,"[handan_man1-shijiangzhuang_core],[shijiangzhuang_core-beijing_core2],[beijing_core2-chengde_man2],[chengde_man2-chengde_edge2]",handan_man1~chengde_edge2
handan_man1,11,cangzhou_edge1,64,9.77,handan_man1-shijiangzhuang_core-cangzhou_man1-cangzhou_edge1,"[handan_man1-shijiangzhuang_core],[shijiangzhuang_core-cangzhou_man1],[cangzhou_man1-cangzhou_edge1]",handan_man1~cangzhou_edge1
handan_man1,11,cangzhou_edge2,65,9.77,handan_man1-shijiangzhuang_core-cangzhou_man2-cangzhou_edge2,"[handan_man1-shijiangzhuang_core],[shijiangzhuang_core-cangzhou_man2],[cangzhou_man2-cangzhou_edge2]",handan_man1~cangzhou_edge2
handan_man1,11,langfang_edge1,66,11.33,handan_man1-shijiangzhuang_core-langfang_man1-langfang_edge1,"[handan_man1-shijiangzhuang_core],[shijiangzhuang_core-langfang_man1],[langfang_man1-langfang_edge1]",handan_man1~langfang_edge1
handan_man1,11,langfang_edge2,67,11.33,handan_man1-shijiangzhuang_core-langfang_man2-langfang_edge2,"[handan_man1-shijiangzhuang_core],[shijiangzhuang_core-langfang_man2],[langfang_man2-langfang_edge2]",handan_man1~langfang_edge2
handan_man1,11,hengshui_edge1,68,7.18,handan_man1-shijiangzhuang_core-hengshui_man1-hengshui_edge1,"[handan_man1-shijiangzhuang_core],[shijiangzhuang_core-hengshui_man1],[hengshui_man1-hengshui_edge1]",handan_man1~hengshui_edge1
handan_man1,11,hengshui_edge2,69,7.18,handan_man1-shijiangzhuang_core-hengshui_man2-hengshui_edge2,"[handan_man1-shijiangzhuang_core],[shijiangzhuang_core-hengshui_man2],[hengshui_man2-hengshui_edge2]",handan_man1~hengshui_edge2
handan_man2,12,beijing_cloud1,5,11.19,handan_man2-shijiangzhuang_core-beijing_core2-beijing_cloud1,"[handan_man2-shijiangzhuang_core],[shijiangzhuang_core-beijing_core2],[beijing_core2-beijing_cloud1]",handan_man2~beijing_cloud1
handan_man2,12,beijing_cloud2,6,10.19,handan_man2-shijiangzhuang_core-beijing_core2-beijing_cloud2,"[handan_man2-shijiangzhuang_core],[shijiangzhuang_core-beijing_core2],[beijing_core2-beijing_cloud2]",handan_man2~beijing_cloud2
handan_man2,12,beijing_edge1,7,11.19,handan_man2-shijiangzhuang_core-beijing_core2-beijing_man1-beijing_edge1,"[handan_man2-shijiangzhuang_core],[shijiangzhuang_core-beijing_core2],[beijing_core2-beijing_man1],[beijing_man1-beijing_edge1]",handan_man2~beijing_edge1
handan_man2,12,beijing_edge2,8,11.19,handan_man2-shijiangzhuang_core-beijing_core2-beijing_man2-beijing_edge2,"[handan_man2-shijiangzhuang_core],[shijiangzhuang_core-beijing_core2],[beijing_core2-beijing_man2],[beijing_man2-beijing_edge2]",handan_man2~beijing_edge2
handan_man2,12,beijing_edge3,9,11.69,handan_man2-shijiangzhuang_core-beijing_core2-beijing_man1-beijing_edge3,"[handan_man2-shijiangzhuang_core],[shijiangzhuang_core-beijing_core2],[beijing_core2-beijing_man1],[beijing_man1-beijing_edge3]",handan_man2~beijing_edge3
handan_man2,12,beijing_edge4,10,11.69,handan_man2-shijiangzhuang_core-beijing_core2-beijing_man1-beijing_edge4,"[handan_man2-shijiangzhuang_core],[shijiangzhuang_core-beijing_core2],[beijing_core2-beijing_man1],[beijing_man1-beijing_edge4]",handan_man2~beijing_edge4
handan_man2,12,tianjin_cloud1,15,11.59,handan_man2-shijiangzhuang_core-tianjin_core1-tianjin_cloud1,"[handan_man2-shijiangzhuang_core],[shijiangzhuang_core-tianjin_core1],[tianjin_core1-tianjin_cloud1]",handan_man2~tianjin_cloud1
handan_man2,12,tianjin_cloud2,16,12.55,handan_man2-shijiangzhuang_core-cangzhou_man2-tianjin_core2-tianjin_cloud2,"[handan_man2-shijiangzhuang_core],[shijiangzhuang_core-cangzhou_man2],[cangzhou_man2-tianjin_core2],[tianjin_core2-tianjin_cloud2]",handan_man2~tianjin_cloud2
handan_man2,12,tianjin_edge1,17,12.59,handan_man2-shijiangzhuang_core-tianjin_core1-tianjin_man1-tianjin_edge1,"[handan_man2-shijiangzhuang_core],[shijiangzhuang_core-tianjin_core1],[tianjin_core1-tianjin_man1],[tianjin_man1-tianjin_edge1]",handan_man2~tianjin_edge1
handan_man2,12,tianjin_edge2,18,12.59,handan_man2-shijiangzhuang_core-tianjin_core1-tianjin_man2-tianjin_edge2,"[handan_man2-shijiangzhuang_core],[shijiangzhuang_core-tianjin_core1],[tianjin_core1-tianjin_man2],[tianjin_man2-tianjin_edge2]",handan_man2~tianjin_edge2
handan_man2,12,tianjin_edge3,19,13.09,handan_man2-shijiangzhuang_core-tianjin_core1-tianjin_man2-tianjin_edge3,"[handan_man2-shijiangzhuang_core],[shijiangzhuang_core-tianjin_core1],[tianjin_core1-tianjin_man2],[tianjin_man2-tianjin_edge3]",handan_man2~tianjin_edge3
handan_man2,12,tianjin_edge4,20,13.09,handan_man2-shijiangzhuang_core-tianjin_core1-tianjin_man2-tianjin_edge4,"[handan_man2-shijiangzhuang_core],[shijiangzhuang_core-tianjin_core1],[tianjin_core1-tianjin_man2],[tianjin_man2-tianjin_edge4]",handan_man2~tianjin_edge4
handan_man2,12,shijiangzhuang_cloud,24,4.2,handan_man2-shijiangzhuang_core-shijiangzhuang_cloud,"[handan_man2-shijiangzhuang_core],[shijiangzhuang_core-shijiangzhuang_cloud]",handan_man2~shijiangzhuang_cloud
handan_man2,12,baoding_cloud,36,8.72,handan_man2-shijiangzhuang_core-baoding_man2-baoding_cloud,"[handan_man2-shijiangzhuang_core],[shijiangzhuang_core-baoding_man2],[baoding_man2-baoding_cloud]",handan_man2~baoding_cloud
handan_man2,12,zhangjiako_cloud,39,14.4,handan_man2-shijiangzhuang_core-zhangjiako_man2-zhangjiako_cloud,"[handan_man2-shijiangzhuang_core],[shijiangzhuang_core-zhangjiako_man2],[zhangjiako_man2-zhangjiako_cloud]",handan_man2~zhangjiako_cloud
handan_man2,12,shijiangzhuang_edge1,48,5.2,handan_man2-shijiangzhuang_core-shijiangzhuang_man1-shijiangzhuang_edge1,"[handan_man2-shijiangzhuang_core],[shijiangzhuang_core-shijiangzhuang_man1],[shijiangzhuang_man1-shijiangzhuang_edge1]",handan_man2~shijiangzhuang_edge1
handan_man2,12,shijiangzhuang_edge2,49,5.2,handan_man2-shijiangzhuang_core-shijiangzhuang_man2-shijiangzhuang_edge2,"[handan_man2-shijiangzhuang_core],[shijiangzhuang_core-shijiangzhuang_man2],[shijiangzhuang_man2-shijiangzhuang_edge2]",handan_man2~shijiangzhuang_edge2
handan_man2,12,tangshan_edge1,50,14.53,handan_man2-shijiangzhuang_core-tangshan_man1-tangshan_edge1,"[handan_man2-shijiangzhuang_core],[shijiangzhuang_core-tangshan_man1],[tangshan_man1-tangshan_edge1]",handan_man2~tangshan_edge1
handan_man2,12,tangshan_edge2,51,14.53,handan_man2-shijiangzhuang_core-tangshan_man2-tangshan_edge2,"[handan_man2-shijiangzhuang_core],[shijiangzhuang_core-tangshan_man2],[tangshan_man2-tangshan_edge2]",handan_man2~tangshan_edge2
handan_man2,12,qhd_edge1,52,17.1,handan_man2-shijiangzhuang_core-tianjin_core1-tangshan_core-qhd_man1-qhd_edge1,"[handan_man2-shijiangzhuang_core],[shijiangzhuang_core-tianjin_core1],[tianjin_core1-tangshan_core],[tangshan_core-qhd_man1],[qhd_man1-qhd_edge1]",handan_man2~qhd_edge1
handan_man2,12,qhd_edge2,53,17.66,handan_man2-shijiangzhuang_core-tianjin_core1-tangshan_core-qhd_man2-qhd_edge2,"[handan_man2-shijiangzhuang_core],[shijiangzhuang_core-tianjin_core1],[tianjin_core1-tangshan_core],[tangshan_core-qhd_man2],[qhd_man2-qhd_edge2]",handan_man2~qhd_edge2
handan_man2,12,handan_edge1,54,1.1,handan_man2-handan_edge1,[handan_man2-handan_edge1],handan_man2~handan_edge1
handan_man2,12,handan_edge2,55,0.1,handan_man2-handan_edge2,[handan_man2-handan_edge2],handan_man2~handan_edge2
handan_man2,12,xingtai_edge1,56,7.2,handan_man2-shijiangzhuang_core-xingtai_man1-xingtai_edge1,"[handan_man2-shijiangzhuang_core],[shijiangzhuang_core-xingtai_man1],[xingtai_man1-xingtai_edge1]",handan_man2~xingtai_edge1
handan_man2,12,xingtai_edge2,57,7.2,handan_man2-shijiangzhuang_core-xingtai_man2-xingtai_edge2,"[handan_man2-shijiangzhuang_core],[shijiangzhuang_core-xingtai_man2],[xingtai_man2-xingtai_edge2]",handan_man2~xingtai_edge2
handan_man2,12,baoding_edge1,58,7.72,handan_man2-shijiangzhuang_core-baoding_man1-baoding_edge1,"[handan_man2-shijiangzhuang_core],[shijiangzhuang_core-baoding_man1],[baoding_man1-baoding_edge1]",handan_man2~baoding_edge1
handan_man2,12,baoding_edge2,59,7.72,handan_man2-shijiangzhuang_core-baoding_man2-baoding_edge2,"[handan_man2-shijiangzhuang_core],[shijiangzhuang_core-baoding_man2],[baoding_man2-baoding_edge2]",handan_man2~baoding_edge2
handan_man2,12,zhangjiako_edge1,60,13.4,handan_man2-shijiangzhuang_core-zhangjiako_man1-zhangjiako_edge1,"[handan_man2-shijiangzhuang_core],[shijiangzhuang_core-zhangjiako_man1],[zhangjiako_man1-zhangjiako_edge1]",handan_man2~zhangjiako_edge1
handan_man2,12,zhangjiako_edge2,61,13.4,handan_man2-shijiangzhuang_core-zhangjiako_man2-zhangjiako_edge2,"[handan_man2-shijiangzhuang_core],[shijiangzhuang_core-zhangjiako_man2],[zhangjiako_man2-zhangjiako_edge2]",handan_man2~zhangjiako_edge2
handan_man2,12,chengde_edge1,62,15.68,handan_man2-shijiangzhuang_core-beijing_core2-chengde_man1-chengde_edge1,"[handan_man2-shijiangzhuang_core],[shijiangzhuang_core-beijing_core2],[beijing_core2-chengde_man1],[chengde_man1-chengde_edge1]",handan_man2~chengde_edge1
handan_man2,12,chengde_edge2,63,15.68,handan_man2-shijiangzhuang_core-beijing_core2-chengde_man2-chengde_edge2,"[handan_man2-shijiangzhuang_core],[shijiangzhuang_core-beijing_core2],[beijing_core2-chengde_man2],[chengde_man2-chengde_edge2]",handan_man2~chengde_edge2
handan_man2,12,cangzhou_edge1,64,9.77,handan_man2-shijiangzhuang_core-cangzhou_man1-cangzhou_edge1,"[handan_man2-shijiangzhuang_core],[shijiangzhuang_core-cangzhou_man1],[cangzhou_man1-cangzhou_edge1]",handan_man2~cangzhou_edge1
handan_man2,12,cangzhou_edge2,65,9.77,handan_man2-shijiangzhuang_core-cangzhou_man2-cangzhou_edge2,"[handan_man2-shijiangzhuang_core],[shijiangzhuang_core-cangzhou_man2],[cangzhou_man2-cangzhou_edge2]",handan_man2~cangzhou_edge2
handan_man2,12,langfang_edge1,66,11.33,handan_man2-shijiangzhuang_core-langfang_man1-langfang_edge1,"[handan_man2-shijiangzhuang_core],[shijiangzhuang_core-langfang_man1],[langfang_man1-langfang_edge1]",handan_man2~langfang_edge1
handan_man2,12,langfang_edge2,67,11.33,handan_man2-shijiangzhuang_core-langfang_man2-langfang_edge2,"[handan_man2-shijiangzhuang_core],[shijiangzhuang_core-langfang_man2],[langfang_man2-langfang_edge2]",handan_man2~langfang_edge2
handan_man2,12,hengshui_edge1,68,7.18,handan_man2-shijiangzhuang_core-hengshui_man1-hengshui_edge1,"[handan_man2-shijiangzhuang_core],[shijiangzhuang_core-hengshui_man1],[hengshui_man1-hengshui_edge1]",handan_man2~hengshui_edge1
handan_man2,12,hengshui_edge2,69,7.18,handan_man2-shijiangzhuang_core-hengshui_man2-hengshui_edge2,"[handan_man2-shijiangzhuang_core],[shijiangzhuang_core-hengshui_man2],[hengshui_man2-hengshui_edge2]",handan_man2~hengshui_edge2
xingtai_man1,13,beijing_cloud1,5,10.09,xingtai_man1-shijiangzhuang_core-beijing_core2-beijing_cloud1,"[xingtai_man1-shijiangzhuang_core],[shijiangzhuang_core-beijing_core2],[beijing_core2-beijing_cloud1]",xingtai_man1~beijing_cloud1
xingtai_man1,13,beijing_cloud2,6,9.09,xingtai_man1-shijiangzhuang_core-beijing_core2-beijing_cloud2,"[xingtai_man1-shijiangzhuang_core],[shijiangzhuang_core-beijing_core2],[beijing_core2-beijing_cloud2]",xingtai_man1~beijing_cloud2
xingtai_man1,13,beijing_edge1,7,10.09,xingtai_man1-shijiangzhuang_core-beijing_core2-beijing_man1-beijing_edge1,"[xingtai_man1-shijiangzhuang_core],[shijiangzhuang_core-beijing_core2],[beijing_core2-beijing_man1],[beijing_man1-beijing_edge1]",xingtai_man1~beijing_edge1
xingtai_man1,13,beijing_edge2,8,10.09,xingtai_man1-shijiangzhuang_core-beijing_core2-beijing_man2-beijing_edge2,"[xingtai_man1-shijiangzhuang_core],[shijiangzhuang_core-beijing_core2],[beijing_core2-beijing_man2],[beijing_man2-beijing_edge2]",xingtai_man1~beijing_edge2
xingtai_man1,13,beijing_edge3,9,10.59,xingtai_man1-shijiangzhuang_core-beijing_core2-beijing_man1-beijing_edge3,"[xingtai_man1-shijiangzhuang_core],[shijiangzhuang_core-beijing_core2],[beijing_core2-beijing_man1],[beijing_man1-beijing_edge3]",xingtai_man1~beijing_edge3
xingtai_man1,13,beijing_edge4,10,10.59,xingtai_man1-shijiangzhuang_core-beijing_core2-beijing_man1-beijing_edge4,"[xingtai_man1-shijiangzhuang_core],[shijiangzhuang_core-beijing_core2],[beijing_core2-beijing_man1],[beijing_man1-beijing_edge4]",xingtai_man1~beijing_edge4
xingtai_man1,13,tianjin_cloud1,15,10.5,xingtai_man1-shijiangzhuang_core-tianjin_core1-tianjin_cloud1,"[xingtai_man1-shijiangzhuang_core],[shijiangzhuang_core-tianjin_core1],[tianjin_core1-tianjin_cloud1]",xingtai_man1~tianjin_cloud1
xingtai_man1,13,tianjin_cloud2,16,11.45,xingtai_man1-shijiangzhuang_core-cangzhou_man1-tianjin_core2-tianjin_cloud2,"[xingtai_man1-shijiangzhuang_core],[shijiangzhuang_core-cangzhou_man1],[cangzhou_man1-tianjin_core2],[tianjin_core2-tianjin_cloud2]",xingtai_man1~tianjin_cloud2
xingtai_man1,13,tianjin_edge1,17,11.5,xingtai_man1-shijiangzhuang_core-tianjin_core1-tianjin_man1-tianjin_edge1,"[xingtai_man1-shijiangzhuang_core],[shijiangzhuang_core-tianjin_core1],[tianjin_core1-tianjin_man1],[tianjin_man1-tianjin_edge1]",xingtai_man1~tianjin_edge1
xingtai_man1,13,tianjin_edge2,18,11.5,xingtai_man1-shijiangzhuang_core-tianjin_core1-tianjin_man2-tianjin_edge2,"[xingtai_man1-shijiangzhuang_core],[shijiangzhuang_core-tianjin_core1],[tianjin_core1-tianjin_man2],[tianjin_man2-tianjin_edge2]",xingtai_man1~tianjin_edge2
xingtai_man1,13,tianjin_edge3,19,12,xingtai_man1-shijiangzhuang_core-tianjin_core1-tianjin_man1-tianjin_edge3,"[xingtai_man1-shijiangzhuang_core],[shijiangzhuang_core-tianjin_core1],[tianjin_core1-tianjin_man1],[tianjin_man1-tianjin_edge3]",xingtai_man1~tianjin_edge3
xingtai_man1,13,tianjin_edge4,20,12,xingtai_man1-shijiangzhuang_core-tianjin_core1-tianjin_man2-tianjin_edge4,"[xingtai_man1-shijiangzhuang_core],[shijiangzhuang_core-tianjin_core1],[tianjin_core1-tianjin_man2],[tianjin_man2-tianjin_edge4]",xingtai_man1~tianjin_edge4
xingtai_man1,13,shijiangzhuang_cloud,24,3.1,xingtai_man1-shijiangzhuang_core-shijiangzhuang_cloud,"[xingtai_man1-shijiangzhuang_core],[shijiangzhuang_core-shijiangzhuang_cloud]",xingtai_man1~shijiangzhuang_cloud
xingtai_man1,13,baoding_cloud,36,7.62,xingtai_man1-shijiangzhuang_core-baoding_man1-baoding_cloud,"[xingtai_man1-shijiangzhuang_core],[shijiangzhuang_core-baoding_man1],[baoding_man1-baoding_cloud]",xingtai_man1~baoding_cloud
xingtai_man1,13,zhangjiako_cloud,39,13.3,xingtai_man1-shijiangzhuang_core-zhangjiako_man2-zhangjiako_cloud,"[xingtai_man1-shijiangzhuang_core],[shijiangzhuang_core-zhangjiako_man2],[zhangjiako_man2-zhangjiako_cloud]",xingtai_man1~zhangjiako_cloud
xingtai_man1,13,shijiangzhuang_edge1,48,4.1,xingtai_man1-shijiangzhuang_core-shijiangzhuang_man1-shijiangzhuang_edge1,"[xingtai_man1-shijiangzhuang_core],[shijiangzhuang_core-shijiangzhuang_man1],[shijiangzhuang_man1-shijiangzhuang_edge1]",xingtai_man1~shijiangzhuang_edge1
xingtai_man1,13,shijiangzhuang_edge2,49,4.1,xingtai_man1-shijiangzhuang_core-shijiangzhuang_man2-shijiangzhuang_edge2,"[xingtai_man1-shijiangzhuang_core],[shijiangzhuang_core-shijiangzhuang_man2],[shijiangzhuang_man2-shijiangzhuang_edge2]",xingtai_man1~shijiangzhuang_edge2
xingtai_man1,13,tangshan_edge1,50,12.93,xingtai_man1-xingtai_man2-tangshan_core-tangshan_man1-tangshan_edge1,"[xingtai_man1-xingtai_man2],[xingtai_man2-tangshan_core],[tangshan_core-tangshan_man1],[tangshan_man1-tangshan_edge1]",xingtai_man1~tangshan_edge1
xingtai_man1,13,tangshan_edge2,51,12.93,xingtai_man1-xingtai_man2-tangshan_core-tangshan_man2-tangshan_edge2,"[xingtai_man1-xingtai_man2],[xingtai_man2-tangshan_core],[tangshan_core-tangshan_man2],[tangshan_man2-tangshan_edge2]",xingtai_man1~tangshan_edge2
xingtai_man1,13,qhd_edge1,52,15.43,xingtai_man1-xingtai_man2-tangshan_core-qhd_man1-qhd_edge1,"[xingtai_man1-xingtai_man2],[xingtai_man2-tangshan_core],[tangshan_core-qhd_man1],[qhd_man1-qhd_edge1]",xingtai_man1~qhd_edge1
xingtai_man1,13,qhd_edge2,53,15.99,xingtai_man1-xingtai_man2-tangshan_core-qhd_man2-qhd_edge2,"[xingtai_man1-xingtai_man2],[xingtai_man2-tangshan_core],[tangshan_core-qhd_man2],[qhd_man2-qhd_edge2]",xingtai_man1~qhd_edge2
xingtai_man1,13,handan_edge1,54,7.2,xingtai_man1-shijiangzhuang_core-handan_man1-handan_edge1,"[xingtai_man1-shijiangzhuang_core],[shijiangzhuang_core-handan_man1],[handan_man1-handan_edge1]",xingtai_man1~handan_edge1
xingtai_man1,13,handan_edge2,55,7.2,xingtai_man1-shijiangzhuang_core-handan_man2-handan_edge2,"[xingtai_man1-shijiangzhuang_core],[shijiangzhuang_core-handan_man2],[handan_man2-handan_edge2]",xingtai_man1~handan_edge2
xingtai_man1,13,xingtai_edge1,56,0.1,xingtai_man1-xingtai_edge1,[xingtai_man1-xingtai_edge1],xingtai_man1~xingtai_edge1
xingtai_man1,13,xingtai_edge2,57,1.1,xingtai_man1-xingtai_edge2,[xingtai_man1-xingtai_edge2],xingtai_man1~xingtai_edge2
xingtai_man1,13,baoding_edge1,58,6.62,xingtai_man1-shijiangzhuang_core-baoding_man1-baoding_edge1,"[xingtai_man1-shijiangzhuang_core],[shijiangzhuang_core-baoding_man1],[baoding_man1-baoding_edge1]",xingtai_man1~baoding_edge1
xingtai_man1,13,baoding_edge2,59,6.62,xingtai_man1-shijiangzhuang_core-baoding_man2-baoding_edge2,"[xingtai_man1-shijiangzhuang_core],[shijiangzhuang_core-baoding_man2],[baoding_man2-baoding_edge2]",xingtai_man1~baoding_edge2
xingtai_man1,13,zhangjiako_edge1,60,12.3,xingtai_man1-shijiangzhuang_core-zhangjiako_man1-zhangjiako_edge1,"[xingtai_man1-shijiangzhuang_core],[shijiangzhuang_core-zhangjiako_man1],[zhangjiako_man1-zhangjiako_edge1]",xingtai_man1~zhangjiako_edge1
xingtai_man1,13,zhangjiako_edge2,61,12.3,xingtai_man1-shijiangzhuang_core-zhangjiako_man2-zhangjiako_edge2,"[xingtai_man1-shijiangzhuang_core],[shijiangzhuang_core-zhangjiako_man2],[zhangjiako_man2-zhangjiako_edge2]",xingtai_man1~zhangjiako_edge2
xingtai_man1,13,chengde_edge1,62,14.58,xingtai_man1-shijiangzhuang_core-beijing_core2-chengde_man1-chengde_edge1,"[xingtai_man1-shijiangzhuang_core],[shijiangzhuang_core-beijing_core2],[beijing_core2-chengde_man1],[chengde_man1-chengde_edge1]",xingtai_man1~chengde_edge1
xingtai_man1,13,chengde_edge2,63,14.58,xingtai_man1-shijiangzhuang_core-beijing_core2-chengde_man2-chengde_edge2,"[xingtai_man1-shijiangzhuang_core],[shijiangzhuang_core-beijing_core2],[beijing_core2-chengde_man2],[chengde_man2-chengde_edge2]",xingtai_man1~chengde_edge2
xingtai_man1,13,cangzhou_edge1,64,8.67,xingtai_man1-shijiangzhuang_core-cangzhou_man1-cangzhou_edge1,"[xingtai_man1-shijiangzhuang_core],[shijiangzhuang_core-cangzhou_man1],[cangzhou_man1-cangzhou_edge1]",xingtai_man1~cangzhou_edge1
xingtai_man1,13,cangzhou_edge2,65,8.67,xingtai_man1-shijiangzhuang_core-cangzhou_man2-cangzhou_edge2,"[xingtai_man1-shijiangzhuang_core],[shijiangzhuang_core-cangzhou_man2],[cangzhou_man2-cangzhou_edge2]",xingtai_man1~cangzhou_edge2
xingtai_man1,13,langfang_edge1,66,10.23,xingtai_man1-shijiangzhuang_core-langfang_man1-langfang_edge1,"[xingtai_man1-shijiangzhuang_core],[shijiangzhuang_core-langfang_man1],[langfang_man1-langfang_edge1]",xingtai_man1~langfang_edge1
xingtai_man1,13,langfang_edge2,67,10.23,xingtai_man1-shijiangzhuang_core-langfang_man2-langfang_edge2,"[xingtai_man1-shijiangzhuang_core],[shijiangzhuang_core-langfang_man2],[langfang_man2-langfang_edge2]",xingtai_man1~langfang_edge2
xingtai_man1,13,hengshui_edge1,68,6.08,xingtai_man1-shijiangzhuang_core-hengshui_man1-hengshui_edge1,"[xingtai_man1-shijiangzhuang_core],[shijiangzhuang_core-hengshui_man1],[hengshui_man1-hengshui_edge1]",xingtai_man1~hengshui_edge1
xingtai_man1,13,hengshui_edge2,69,6.08,xingtai_man1-shijiangzhuang_core-hengshui_man2-hengshui_edge2,"[xingtai_man1-shijiangzhuang_core],[shijiangzhuang_core-hengshui_man2],[hengshui_man2-hengshui_edge2]",xingtai_man1~hengshui_edge2
xingtai_man2,14,beijing_cloud1,5,10.09,xingtai_man2-shijiangzhuang_core-beijing_core2-beijing_cloud1,"[xingtai_man2-shijiangzhuang_core],[shijiangzhuang_core-beijing_core2],[beijing_core2-beijing_cloud1]",xingtai_man2~beijing_cloud1
xingtai_man2,14,beijing_cloud2,6,9.09,xingtai_man2-shijiangzhuang_core-beijing_core2-beijing_cloud2,"[xingtai_man2-shijiangzhuang_core],[shijiangzhuang_core-beijing_core2],[beijing_core2-beijing_cloud2]",xingtai_man2~beijing_cloud2
xingtai_man2,14,beijing_edge1,7,10.09,xingtai_man2-shijiangzhuang_core-beijing_core2-beijing_man1-beijing_edge1,"[xingtai_man2-shijiangzhuang_core],[shijiangzhuang_core-beijing_core2],[beijing_core2-beijing_man1],[beijing_man1-beijing_edge1]",xingtai_man2~beijing_edge1
xingtai_man2,14,beijing_edge2,8,10.09,xingtai_man2-shijiangzhuang_core-beijing_core2-beijing_man2-beijing_edge2,"[xingtai_man2-shijiangzhuang_core],[shijiangzhuang_core-beijing_core2],[beijing_core2-beijing_man2],[beijing_man2-beijing_edge2]",xingtai_man2~beijing_edge2
xingtai_man2,14,beijing_edge3,9,10.59,xingtai_man2-shijiangzhuang_core-beijing_core2-beijing_man1-beijing_edge3,"[xingtai_man2-shijiangzhuang_core],[shijiangzhuang_core-beijing_core2],[beijing_core2-beijing_man1],[beijing_man1-beijing_edge3]",xingtai_man2~beijing_edge3
xingtai_man2,14,beijing_edge4,10,10.59,xingtai_man2-shijiangzhuang_core-beijing_core2-beijing_man1-beijing_edge4,"[xingtai_man2-shijiangzhuang_core],[shijiangzhuang_core-beijing_core2],[beijing_core2-beijing_man1],[beijing_man1-beijing_edge4]",xingtai_man2~beijing_edge4
xingtai_man2,14,tianjin_cloud1,15,10.5,xingtai_man2-shijiangzhuang_core-tianjin_core1-tianjin_cloud1,"[xingtai_man2-shijiangzhuang_core],[shijiangzhuang_core-tianjin_core1],[tianjin_core1-tianjin_cloud1]",xingtai_man2~tianjin_cloud1
xingtai_man2,14,tianjin_cloud2,16,11.45,xingtai_man2-shijiangzhuang_core-cangzhou_man1-tianjin_core2-tianjin_cloud2,"[xingtai_man2-shijiangzhuang_core],[shijiangzhuang_core-cangzhou_man1],[cangzhou_man1-tianjin_core2],[tianjin_core2-tianjin_cloud2]",xingtai_man2~tianjin_cloud2
xingtai_man2,14,tianjin_edge1,17,11.5,xingtai_man2-shijiangzhuang_core-tianjin_core1-tianjin_man1-tianjin_edge1,"[xingtai_man2-shijiangzhuang_core],[shijiangzhuang_core-tianjin_core1],[tianjin_core1-tianjin_man1],[tianjin_man1-tianjin_edge1]",xingtai_man2~tianjin_edge1
xingtai_man2,14,tianjin_edge2,18,11.5,xingtai_man2-shijiangzhuang_core-tianjin_core1-tianjin_man2-tianjin_edge2,"[xingtai_man2-shijiangzhuang_core],[shijiangzhuang_core-tianjin_core1],[tianjin_core1-tianjin_man2],[tianjin_man2-tianjin_edge2]",xingtai_man2~tianjin_edge2
xingtai_man2,14,tianjin_edge3,19,12,xingtai_man2-shijiangzhuang_core-tianjin_core1-tianjin_man1-tianjin_edge3,"[xingtai_man2-shijiangzhuang_core],[shijiangzhuang_core-tianjin_core1],[tianjin_core1-tianjin_man1],[tianjin_man1-tianjin_edge3]",xingtai_man2~tianjin_edge3
xingtai_man2,14,tianjin_edge4,20,12,xingtai_man2-shijiangzhuang_core-tianjin_core1-tianjin_man1-tianjin_edge4,"[xingtai_man2-shijiangzhuang_core],[shijiangzhuang_core-tianjin_core1],[tianjin_core1-tianjin_man1],[tianjin_man1-tianjin_edge4]",xingtai_man2~tianjin_edge4
xingtai_man2,14,shijiangzhuang_cloud,24,3.1,xingtai_man2-shijiangzhuang_core-shijiangzhuang_cloud,"[xingtai_man2-shijiangzhuang_core],[shijiangzhuang_core-shijiangzhuang_cloud]",xingtai_man2~shijiangzhuang_cloud
xingtai_man2,14,baoding_cloud,36,7.62,xingtai_man2-shijiangzhuang_core-baoding_man1-baoding_cloud,"[xingtai_man2-shijiangzhuang_core],[shijiangzhuang_core-baoding_man1],[baoding_man1-baoding_cloud]",xingtai_man2~baoding_cloud
xingtai_man2,14,zhangjiako_cloud,39,13.3,xingtai_man2-shijiangzhuang_core-zhangjiako_man2-zhangjiako_cloud,"[xingtai_man2-shijiangzhuang_core],[shijiangzhuang_core-zhangjiako_man2],[zhangjiako_man2-zhangjiako_cloud]",xingtai_man2~zhangjiako_cloud
xingtai_man2,14,shijiangzhuang_edge1,48,4.1,xingtai_man2-shijiangzhuang_core-shijiangzhuang_man1-shijiangzhuang_edge1,"[xingtai_man2-shijiangzhuang_core],[shijiangzhuang_core-shijiangzhuang_man1],[shijiangzhuang_man1-shijiangzhuang_edge1]",xingtai_man2~shijiangzhuang_edge1
xingtai_man2,14,shijiangzhuang_edge2,49,4.1,xingtai_man2-shijiangzhuang_core-shijiangzhuang_man2-shijiangzhuang_edge2,"[xingtai_man2-shijiangzhuang_core],[shijiangzhuang_core-shijiangzhuang_man2],[shijiangzhuang_man2-shijiangzhuang_edge2]",xingtai_man2~shijiangzhuang_edge2
xingtai_man2,14,tangshan_edge1,50,11.93,xingtai_man2-tangshan_core-tangshan_man1-tangshan_edge1,"[xingtai_man2-tangshan_core],[tangshan_core-tangshan_man1],[tangshan_man1-tangshan_edge1]",xingtai_man2~tangshan_edge1
xingtai_man2,14,tangshan_edge2,51,11.93,xingtai_man2-tangshan_core-tangshan_man2-tangshan_edge2,"[xingtai_man2-tangshan_core],[tangshan_core-tangshan_man2],[tangshan_man2-tangshan_edge2]",xingtai_man2~tangshan_edge2
xingtai_man2,14,qhd_edge1,52,14.43,xingtai_man2-tangshan_core-qhd_man1-qhd_edge1,"[xingtai_man2-tangshan_core],[tangshan_core-qhd_man1],[qhd_man1-qhd_edge1]",xingtai_man2~qhd_edge1
xingtai_man2,14,qhd_edge2,53,14.99,xingtai_man2-tangshan_core-qhd_man2-qhd_edge2,"[xingtai_man2-tangshan_core],[tangshan_core-qhd_man2],[qhd_man2-qhd_edge2]",xingtai_man2~qhd_edge2
xingtai_man2,14,handan_edge1,54,7.2,xingtai_man2-shijiangzhuang_core-handan_man1-handan_edge1,"[xingtai_man2-shijiangzhuang_core],[shijiangzhuang_core-handan_man1],[handan_man1-handan_edge1]",xingtai_man2~handan_edge1
xingtai_man2,14,handan_edge2,55,7.2,xingtai_man2-shijiangzhuang_core-handan_man2-handan_edge2,"[xingtai_man2-shijiangzhuang_core],[shijiangzhuang_core-handan_man2],[handan_man2-handan_edge2]",xingtai_man2~handan_edge2
xingtai_man2,14,xingtai_edge1,56,1.1,xingtai_man2-xingtai_edge1,[xingtai_man2-xingtai_edge1],xingtai_man2~xingtai_edge1
xingtai_man2,14,xingtai_edge2,57,0.1,xingtai_man2-xingtai_edge2,[xingtai_man2-xingtai_edge2],xingtai_man2~xingtai_edge2
xingtai_man2,14,baoding_edge1,58,6.62,xingtai_man2-shijiangzhuang_core-baoding_man1-baoding_edge1,"[xingtai_man2-shijiangzhuang_core],[shijiangzhuang_core-baoding_man1],[baoding_man1-baoding_edge1]",xingtai_man2~baoding_edge1
xingtai_man2,14,baoding_edge2,59,6.62,xingtai_man2-shijiangzhuang_core-baoding_man2-baoding_edge2,"[xingtai_man2-shijiangzhuang_core],[shijiangzhuang_core-baoding_man2],[baoding_man2-baoding_edge2]",xingtai_man2~baoding_edge2
xingtai_man2,14,zhangjiako_edge1,60,12.3,xingtai_man2-shijiangzhuang_core-zhangjiako_man1-zhangjiako_edge1,"[xingtai_man2-shijiangzhuang_core],[shijiangzhuang_core-zhangjiako_man1],[zhangjiako_man1-zhangjiako_edge1]",xingtai_man2~zhangjiako_edge1
xingtai_man2,14,zhangjiako_edge2,61,12.3,xingtai_man2-shijiangzhuang_core-zhangjiako_man2-zhangjiako_edge2,"[xingtai_man2-shijiangzhuang_core],[shijiangzhuang_core-zhangjiako_man2],[zhangjiako_man2-zhangjiako_edge2]",xingtai_man2~zhangjiako_edge2
xingtai_man2,14,chengde_edge1,62,14.58,xingtai_man2-shijiangzhuang_core-beijing_core2-chengde_man1-chengde_edge1,"[xingtai_man2-shijiangzhuang_core],[shijiangzhuang_core-beijing_core2],[beijing_core2-chengde_man1],[chengde_man1-chengde_edge1]",xingtai_man2~chengde_edge1
xingtai_man2,14,chengde_edge2,63,14.58,xingtai_man2-shijiangzhuang_core-beijing_core2-chengde_man2-chengde_edge2,"[xingtai_man2-shijiangzhuang_core],[shijiangzhuang_core-beijing_core2],[beijing_core2-chengde_man2],[chengde_man2-chengde_edge2]",xingtai_man2~chengde_edge2
xingtai_man2,14,cangzhou_edge1,64,8.67,xingtai_man2-shijiangzhuang_core-cangzhou_man1-cangzhou_edge1,"[xingtai_man2-shijiangzhuang_core],[shijiangzhuang_core-cangzhou_man1],[cangzhou_man1-cangzhou_edge1]",xingtai_man2~cangzhou_edge1
xingtai_man2,14,cangzhou_edge2,65,8.67,xingtai_man2-shijiangzhuang_core-cangzhou_man2-cangzhou_edge2,"[xingtai_man2-shijiangzhuang_core],[shijiangzhuang_core-cangzhou_man2],[cangzhou_man2-cangzhou_edge2]",xingtai_man2~cangzhou_edge2
xingtai_man2,14,langfang_edge1,66,10.23,xingtai_man2-shijiangzhuang_core-langfang_man1-langfang_edge1,"[xingtai_man2-shijiangzhuang_core],[shijiangzhuang_core-langfang_man1],[langfang_man1-langfang_edge1]",xingtai_man2~langfang_edge1
xingtai_man2,14,langfang_edge2,67,10.23,xingtai_man2-shijiangzhuang_core-langfang_man2-langfang_edge2,"[xingtai_man2-shijiangzhuang_core],[shijiangzhuang_core-langfang_man2],[langfang_man2-langfang_edge2]",xingtai_man2~langfang_edge2
xingtai_man2,14,hengshui_edge1,68,6.08,xingtai_man2-shijiangzhuang_core-hengshui_man1-hengshui_edge1,"[xingtai_man2-shijiangzhuang_core],[shijiangzhuang_core-hengshui_man1],[hengshui_man1-hengshui_edge1]",xingtai_man2~hengshui_edge1
xingtai_man2,14,hengshui_edge2,69,6.08,xingtai_man2-shijiangzhuang_core-hengshui_man2-hengshui_edge2,"[xingtai_man2-shijiangzhuang_core],[shijiangzhuang_core-hengshui_man2],[hengshui_man2-hengshui_edge2]",xingtai_man2~hengshui_edge2
baoding_man1,15,beijing_cloud1,5,10.34,baoding_man1-baoding_man2-tangshan_core-beijing_core1-beijing_cloud1,"[baoding_man1-baoding_man2],[baoding_man2-tangshan_core],[tangshan_core-beijing_core1],[beijing_core1-beijing_cloud1]",baoding_man1~beijing_cloud1
baoding_man1,15,beijing_cloud2,6,9.6,baoding_man1-shijiangzhuang_core-beijing_core2-beijing_cloud2,"[baoding_man1-shijiangzhuang_core],[shijiangzhuang_core-beijing_core2],[beijing_core2-beijing_cloud2]",baoding_man1~beijing_cloud2
baoding_man1,15,beijing_edge1,7,10.6,baoding_man1-shijiangzhuang_core-beijing_core2-beijing_man1-beijing_edge1,"[baoding_man1-shijiangzhuang_core],[shijiangzhuang_core-beijing_core2],[beijing_core2-beijing_man1],[beijing_man1-beijing_edge1]",baoding_man1~beijing_edge1
baoding_man1,15,beijing_edge2,8,10.6,baoding_man1-shijiangzhuang_core-beijing_core2-beijing_man2-beijing_edge2,"[baoding_man1-shijiangzhuang_core],[shijiangzhuang_core-beijing_core2],[beijing_core2-beijing_man2],[beijing_man2-beijing_edge2]",baoding_man1~beijing_edge2
baoding_man1,15,beijing_edge3,9,11.1,baoding_man1-shijiangzhuang_core-beijing_core2-beijing_man2-beijing_edge3,"[baoding_man1-shijiangzhuang_core],[shijiangzhuang_core-beijing_core2],[beijing_core2-beijing_man2],[beijing_man2-beijing_edge3]",baoding_man1~beijing_edge3
baoding_man1,15,beijing_edge4,10,11.1,baoding_man1-shijiangzhuang_core-beijing_core2-beijing_man2-beijing_edge4,"[baoding_man1-shijiangzhuang_core],[shijiangzhuang_core-beijing_core2],[beijing_core2-beijing_man2],[beijing_man2-beijing_edge4]",baoding_man1~beijing_edge4
baoding_man1,15,tianjin_cloud1,15,9.09,baoding_man1-baoding_man2-tangshan_core-tianjin_core1-tianjin_cloud1,"[baoding_man1-baoding_man2],[baoding_man2-tangshan_core],[tangshan_core-tianjin_core1],[tianjin_core1-tianjin_cloud1]",baoding_man1~tianjin_cloud1
baoding_man1,15,tianjin_cloud2,16,9.56,baoding_man1-baoding_man2-tangshan_core-tianjin_core2-tianjin_cloud2,"[baoding_man1-baoding_man2],[baoding_man2-tangshan_core],[tangshan_core-tianjin_core2],[tianjin_core2-tianjin_cloud2]",baoding_man1~tianjin_cloud2
baoding_man1,15,tianjin_edge1,17,10.09,baoding_man1-baoding_man2-tangshan_core-tianjin_core1-tianjin_man1-tianjin_edge1,"[baoding_man1-baoding_man2],[baoding_man2-tangshan_core],[tangshan_core-tianjin_core1],[tianjin_core1-tianjin_man1],[tianjin_man1-tianjin_edge1]",baoding_man1~tianjin_edge1
baoding_man1,15,tianjin_edge2,18,10.09,baoding_man1-baoding_man2-tangshan_core-tianjin_core1-tianjin_man2-tianjin_edge2,"[baoding_man1-baoding_man2],[baoding_man2-tangshan_core],[tangshan_core-tianjin_core1],[tianjin_core1-tianjin_man2],[tianjin_man2-tianjin_edge2]",baoding_man1~tianjin_edge2
baoding_man1,15,tianjin_edge3,19,10.59,baoding_man1-baoding_man2-tangshan_core-tianjin_core1-tianjin_man1-tianjin_edge3,"[baoding_man1-baoding_man2],[baoding_man2-tangshan_core],[tangshan_core-tianjin_core1],[tianjin_core1-tianjin_man1],[tianjin_man1-tianjin_edge3]",baoding_man1~tianjin_edge3
baoding_man1,15,tianjin_edge4,20,10.59,baoding_man1-baoding_man2-tangshan_core-tianjin_core1-tianjin_man1-tianjin_edge4,"[baoding_man1-baoding_man2],[baoding_man2-tangshan_core],[tangshan_core-tianjin_core1],[tianjin_core1-tianjin_man1],[tianjin_man1-tianjin_edge4]",baoding_man1~tianjin_edge4
baoding_man1,15,shijiangzhuang_cloud,24,3.61,baoding_man1-shijiangzhuang_core-shijiangzhuang_cloud,"[baoding_man1-shijiangzhuang_core],[shijiangzhuang_core-shijiangzhuang_cloud]",baoding_man1~shijiangzhuang_cloud
baoding_man1,15,baoding_cloud,36,1.1,baoding_man1-baoding_cloud,[baoding_man1-baoding_cloud],baoding_man1~baoding_cloud
baoding_man1,15,zhangjiako_cloud,39,13.82,baoding_man1-shijiangzhuang_core-zhangjiako_man1-zhangjiako_cloud,"[baoding_man1-shijiangzhuang_core],[shijiangzhuang_core-zhangjiako_man1],[zhangjiako_man1-zhangjiako_cloud]",baoding_man1~zhangjiako_cloud
baoding_man1,15,shijiangzhuang_edge1,48,4.61,baoding_man1-shijiangzhuang_core-shijiangzhuang_man1-shijiangzhuang_edge1,"[baoding_man1-shijiangzhuang_core],[shijiangzhuang_core-shijiangzhuang_man1],[shijiangzhuang_man1-shijiangzhuang_edge1]",baoding_man1~shijiangzhuang_edge1
baoding_man1,15,shijiangzhuang_edge2,49,4.61,baoding_man1-shijiangzhuang_core-shijiangzhuang_man2-shijiangzhuang_edge2,"[baoding_man1-shijiangzhuang_core],[shijiangzhuang_core-shijiangzhuang_man2],[shijiangzhuang_man2-shijiangzhuang_edge2]",baoding_man1~shijiangzhuang_edge2
baoding_man1,15,tangshan_edge1,50,8.09,baoding_man1-baoding_man2-tangshan_core-tangshan_man1-tangshan_edge1,"[baoding_man1-baoding_man2],[baoding_man2-tangshan_core],[tangshan_core-tangshan_man1],[tangshan_man1-tangshan_edge1]",baoding_man1~tangshan_edge1
baoding_man1,15,tangshan_edge2,51,8.09,baoding_man1-baoding_man2-tangshan_core-tangshan_man2-tangshan_edge2,"[baoding_man1-baoding_man2],[baoding_man2-tangshan_core],[tangshan_core-tangshan_man2],[tangshan_man2-tangshan_edge2]",baoding_man1~tangshan_edge2
baoding_man1,15,qhd_edge1,52,10.59,baoding_man1-baoding_man2-tangshan_core-qhd_man1-qhd_edge1,"[baoding_man1-baoding_man2],[baoding_man2-tangshan_core],[tangshan_core-qhd_man1],[qhd_man1-qhd_edge1]",baoding_man1~qhd_edge1
baoding_man1,15,qhd_edge2,53,11.15,baoding_man1-baoding_man2-tangshan_core-qhd_man2-qhd_edge2,"[baoding_man1-baoding_man2],[baoding_man2-tangshan_core],[tangshan_core-qhd_man2],[qhd_man2-qhd_edge2]",baoding_man1~qhd_edge2
baoding_man1,15,handan_edge1,54,7.72,baoding_man1-shijiangzhuang_core-handan_man1-handan_edge1,"[baoding_man1-shijiangzhuang_core],[shijiangzhuang_core-handan_man1],[handan_man1-handan_edge1]",baoding_man1~handan_edge1
baoding_man1,15,handan_edge2,55,7.72,baoding_man1-shijiangzhuang_core-handan_man2-handan_edge2,"[baoding_man1-shijiangzhuang_core],[shijiangzhuang_core-handan_man2],[handan_man2-handan_edge2]",baoding_man1~handan_edge2
baoding_man1,15,xingtai_edge1,56,6.62,baoding_man1-shijiangzhuang_core-xingtai_man1-xingtai_edge1,"[baoding_man1-shijiangzhuang_core],[shijiangzhuang_core-xingtai_man1],[xingtai_man1-xingtai_edge1]",baoding_man1~xingtai_edge1
baoding_man1,15,xingtai_edge2,57,6.62,baoding_man1-shijiangzhuang_core-xingtai_man2-xingtai_edge2,"[baoding_man1-shijiangzhuang_core],[shijiangzhuang_core-xingtai_man2],[xingtai_man2-xingtai_edge2]",baoding_man1~xingtai_edge2
baoding_man1,15,baoding_edge1,58,0.1,baoding_man1-baoding_edge1,[baoding_man1-baoding_edge1],baoding_man1~baoding_edge1
baoding_man1,15,baoding_edge2,59,1.1,baoding_man1-baoding_edge2,[baoding_man1-baoding_edge2],baoding_man1~baoding_edge2
baoding_man1,15,zhangjiako_edge1,60,12.82,baoding_man1-shijiangzhuang_core-zhangjiako_man1-zhangjiako_edge1,"[baoding_man1-shijiangzhuang_core],[shijiangzhuang_core-zhangjiako_man1],[zhangjiako_man1-zhangjiako_edge1]",baoding_man1~zhangjiako_edge1
baoding_man1,15,zhangjiako_edge2,61,12.82,baoding_man1-shijiangzhuang_core-zhangjiako_man2-zhangjiako_edge2,"[baoding_man1-shijiangzhuang_core],[shijiangzhuang_core-zhangjiako_man2],[zhangjiako_man2-zhangjiako_edge2]",baoding_man1~zhangjiako_edge2
baoding_man1,15,chengde_edge1,62,11.81,baoding_man1-baoding_man2-tangshan_core-chengde_man1-chengde_edge1,"[baoding_man1-baoding_man2],[baoding_man2-tangshan_core],[tangshan_core-chengde_man1],[chengde_man1-chengde_edge1]",baoding_man1~chengde_edge1
baoding_man1,15,chengde_edge2,63,12.2,baoding_man1-baoding_man2-tangshan_core-chengde_man2-chengde_edge2,"[baoding_man1-baoding_man2],[baoding_man2-tangshan_core],[tangshan_core-chengde_man2],[chengde_man2-chengde_edge2]",baoding_man1~chengde_edge2
baoding_man1,15,cangzhou_edge1,64,9.18,baoding_man1-shijiangzhuang_core-cangzhou_man1-cangzhou_edge1,"[baoding_man1-shijiangzhuang_core],[shijiangzhuang_core-cangzhou_man1],[cangzhou_man1-cangzhou_edge1]",baoding_man1~cangzhou_edge1
baoding_man1,15,cangzhou_edge2,65,9.18,baoding_man1-shijiangzhuang_core-cangzhou_man2-cangzhou_edge2,"[baoding_man1-shijiangzhuang_core],[shijiangzhuang_core-cangzhou_man2],[cangzhou_man2-cangzhou_edge2]",baoding_man1~cangzhou_edge2
baoding_man1,15,langfang_edge1,66,10.74,baoding_man1-shijiangzhuang_core-langfang_man1-langfang_edge1,"[baoding_man1-shijiangzhuang_core],[shijiangzhuang_core-langfang_man1],[langfang_man1-langfang_edge1]",baoding_man1~langfang_edge1
baoding_man1,15,langfang_edge2,67,10.3,baoding_man1-baoding_man2-tangshan_core-langfang_man2-langfang_edge2,"[baoding_man1-baoding_man2],[baoding_man2-tangshan_core],[tangshan_core-langfang_man2],[langfang_man2-langfang_edge2]",baoding_man1~langfang_edge2
baoding_man1,15,hengshui_edge1,68,6.59,baoding_man1-shijiangzhuang_core-hengshui_man1-hengshui_edge1,"[baoding_man1-shijiangzhuang_core],[shijiangzhuang_core-hengshui_man1],[hengshui_man1-hengshui_edge1]",baoding_man1~hengshui_edge1
baoding_man1,15,hengshui_edge2,69,6.59,baoding_man1-shijiangzhuang_core-hengshui_man2-hengshui_edge2,"[baoding_man1-shijiangzhuang_core],[shijiangzhuang_core-hengshui_man2],[hengshui_man2-hengshui_edge2]",baoding_man1~hengshui_edge2
baoding_man2,16,beijing_cloud1,5,9.34,baoding_man2-tangshan_core-beijing_core1-beijing_cloud1,"[baoding_man2-tangshan_core],[tangshan_core-beijing_core1],[beijing_core1-beijing_cloud1]",baoding_man2~beijing_cloud1
baoding_man2,16,beijing_cloud2,6,9.6,baoding_man2-shijiangzhuang_core-beijing_core2-beijing_cloud2,"[baoding_man2-shijiangzhuang_core],[shijiangzhuang_core-beijing_core2],[beijing_core2-beijing_cloud2]",baoding_man2~beijing_cloud2
baoding_man2,16,beijing_edge1,7,10.34,baoding_man2-tangshan_core-beijing_core1-beijing_man1-beijing_edge1,"[baoding_man2-tangshan_core],[tangshan_core-beijing_core1],[beijing_core1-beijing_man1],[beijing_man1-beijing_edge1]",baoding_man2~beijing_edge1
baoding_man2,16,beijing_edge2,8,10.34,baoding_man2-tangshan_core-beijing_core1-beijing_man2-beijing_edge2,"[baoding_man2-tangshan_core],[tangshan_core-beijing_core1],[beijing_core1-beijing_man2],[beijing_man2-beijing_edge2]",baoding_man2~beijing_edge2
baoding_man2,16,beijing_edge3,9,10.84,baoding_man2-tangshan_core-beijing_core1-beijing_man1-beijing_edge3,"[baoding_man2-tangshan_core],[tangshan_core-beijing_core1],[beijing_core1-beijing_man1],[beijing_man1-beijing_edge3]",baoding_man2~beijing_edge3
baoding_man2,16,beijing_edge4,10,10.84,baoding_man2-tangshan_core-beijing_core1-beijing_man1-beijing_edge4,"[baoding_man2-tangshan_core],[tangshan_core-beijing_core1],[beijing_core1-beijing_man1],[beijing_man1-beijing_edge4]",baoding_man2~beijing_edge4
baoding_man2,16,tianjin_cloud1,15,8.09,baoding_man2-tangshan_core-tianjin_core1-tianjin_cloud1,"[baoding_man2-tangshan_core],[tangshan_core-tianjin_core1],[tianjin_core1-tianjin_cloud1]",baoding_man2~tianjin_cloud1
baoding_man2,16,tianjin_cloud2,16,8.56,baoding_man2-tangshan_core-tianjin_core2-tianjin_cloud2,"[baoding_man2-tangshan_core],[tangshan_core-tianjin_core2],[tianjin_core2-tianjin_cloud2]",baoding_man2~tianjin_cloud2
baoding_man2,16,tianjin_edge1,17,9.09,baoding_man2-tangshan_core-tianjin_core1-tianjin_man1-tianjin_edge1,"[baoding_man2-tangshan_core],[tangshan_core-tianjin_core1],[tianjin_core1-tianjin_man1],[tianjin_man1-tianjin_edge1]",baoding_man2~tianjin_edge1
baoding_man2,16,tianjin_edge2,18,9.09,baoding_man2-tangshan_core-tianjin_core1-tianjin_man2-tianjin_edge2,"[baoding_man2-tangshan_core],[tangshan_core-tianjin_core1],[tianjin_core1-tianjin_man2],[tianjin_man2-tianjin_edge2]",baoding_man2~tianjin_edge2
baoding_man2,16,tianjin_edge3,19,9.59,baoding_man2-tangshan_core-tianjin_core1-tianjin_man1-tianjin_edge3,"[baoding_man2-tangshan_core],[tangshan_core-tianjin_core1],[tianjin_core1-tianjin_man1],[tianjin_man1-tianjin_edge3]",baoding_man2~tianjin_edge3
baoding_man2,16,tianjin_edge4,20,9.59,baoding_man2-tangshan_core-tianjin_core1-tianjin_man1-tianjin_edge4,"[baoding_man2-tangshan_core],[tangshan_core-tianjin_core1],[tianjin_core1-tianjin_man1],[tianjin_man1-tianjin_edge4]",baoding_man2~tianjin_edge4
baoding_man2,16,shijiangzhuang_cloud,24,3.61,baoding_man2-shijiangzhuang_core-shijiangzhuang_cloud,"[baoding_man2-shijiangzhuang_core],[shijiangzhuang_core-shijiangzhuang_cloud]",baoding_man2~shijiangzhuang_cloud
baoding_man2,16,baoding_cloud,36,1.1,baoding_man2-baoding_cloud,[baoding_man2-baoding_cloud],baoding_man2~baoding_cloud
baoding_man2,16,zhangjiako_cloud,39,13.82,baoding_man2-shijiangzhuang_core-zhangjiako_man1-zhangjiako_cloud,"[baoding_man2-shijiangzhuang_core],[shijiangzhuang_core-zhangjiako_man1],[zhangjiako_man1-zhangjiako_cloud]",baoding_man2~zhangjiako_cloud
baoding_man2,16,shijiangzhuang_edge1,48,4.61,baoding_man2-shijiangzhuang_core-shijiangzhuang_man1-shijiangzhuang_edge1,"[baoding_man2-shijiangzhuang_core],[shijiangzhuang_core-shijiangzhuang_man1],[shijiangzhuang_man1-shijiangzhuang_edge1]",baoding_man2~shijiangzhuang_edge1
baoding_man2,16,shijiangzhuang_edge2,49,4.61,baoding_man2-shijiangzhuang_core-shijiangzhuang_man2-shijiangzhuang_edge2,"[baoding_man2-shijiangzhuang_core],[shijiangzhuang_core-shijiangzhuang_man2],[shijiangzhuang_man2-shijiangzhuang_edge2]",baoding_man2~shijiangzhuang_edge2
baoding_man2,16,tangshan_edge1,50,7.09,baoding_man2-tangshan_core-tangshan_man1-tangshan_edge1,"[baoding_man2-tangshan_core],[tangshan_core-tangshan_man1],[tangshan_man1-tangshan_edge1]",baoding_man2~tangshan_edge1
baoding_man2,16,tangshan_edge2,51,7.09,baoding_man2-tangshan_core-tangshan_man2-tangshan_edge2,"[baoding_man2-tangshan_core],[tangshan_core-tangshan_man2],[tangshan_man2-tangshan_edge2]",baoding_man2~tangshan_edge2
baoding_man2,16,qhd_edge1,52,9.59,baoding_man2-tangshan_core-qhd_man1-qhd_edge1,"[baoding_man2-tangshan_core],[tangshan_core-qhd_man1],[qhd_man1-qhd_edge1]",baoding_man2~qhd_edge1
baoding_man2,16,qhd_edge2,53,10.15,baoding_man2-tangshan_core-qhd_man2-qhd_edge2,"[baoding_man2-tangshan_core],[tangshan_core-qhd_man2],[qhd_man2-qhd_edge2]",baoding_man2~qhd_edge2
baoding_man2,16,handan_edge1,54,7.72,baoding_man2-shijiangzhuang_core-handan_man1-handan_edge1,"[baoding_man2-shijiangzhuang_core],[shijiangzhuang_core-handan_man1],[handan_man1-handan_edge1]",baoding_man2~handan_edge1
baoding_man2,16,handan_edge2,55,7.72,baoding_man2-shijiangzhuang_core-handan_man2-handan_edge2,"[baoding_man2-shijiangzhuang_core],[shijiangzhuang_core-handan_man2],[handan_man2-handan_edge2]",baoding_man2~handan_edge2
baoding_man2,16,xingtai_edge1,56,6.62,baoding_man2-shijiangzhuang_core-xingtai_man1-xingtai_edge1,"[baoding_man2-shijiangzhuang_core],[shijiangzhuang_core-xingtai_man1],[xingtai_man1-xingtai_edge1]",baoding_man2~xingtai_edge1
baoding_man2,16,xingtai_edge2,57,6.62,baoding_man2-shijiangzhuang_core-xingtai_man2-xingtai_edge2,"[baoding_man2-shijiangzhuang_core],[shijiangzhuang_core-xingtai_man2],[xingtai_man2-xingtai_edge2]",baoding_man2~xingtai_edge2
baoding_man2,16,baoding_edge1,58,1.1,baoding_man2-baoding_edge1,[baoding_man2-baoding_edge1],baoding_man2~baoding_edge1
baoding_man2,16,baoding_edge2,59,0.1,baoding_man2-baoding_edge2,[baoding_man2-baoding_edge2],baoding_man2~baoding_edge2
baoding_man2,16,zhangjiako_edge1,60,12.82,baoding_man2-shijiangzhuang_core-zhangjiako_man1-zhangjiako_edge1,"[baoding_man2-shijiangzhuang_core],[shijiangzhuang_core-zhangjiako_man1],[zhangjiako_man1-zhangjiako_edge1]",baoding_man2~zhangjiako_edge1
baoding_man2,16,zhangjiako_edge2,61,12.82,baoding_man2-shijiangzhuang_core-zhangjiako_man2-zhangjiako_edge2,"[baoding_man2-shijiangzhuang_core],[shijiangzhuang_core-zhangjiako_man2],[zhangjiako_man2-zhangjiako_edge2]",baoding_man2~zhangjiako_edge2
baoding_man2,16,chengde_edge1,62,10.81,baoding_man2-tangshan_core-chengde_man1-chengde_edge1,"[baoding_man2-tangshan_core],[tangshan_core-chengde_man1],[chengde_man1-chengde_edge1]",baoding_man2~chengde_edge1
baoding_man2,16,chengde_edge2,63,11.2,baoding_man2-tangshan_core-chengde_man2-chengde_edge2,"[baoding_man2-tangshan_core],[tangshan_core-chengde_man2],[chengde_man2-chengde_edge2]",baoding_man2~chengde_edge2
baoding_man2,16,cangzhou_edge1,64,9.18,baoding_man2-shijiangzhuang_core-cangzhou_man1-cangzhou_edge1,"[baoding_man2-shijiangzhuang_core],[shijiangzhuang_core-cangzhou_man1],[cangzhou_man1-cangzhou_edge1]",baoding_man2~cangzhou_edge1
baoding_man2,16,cangzhou_edge2,65,9.18,baoding_man2-shijiangzhuang_core-cangzhou_man2-cangzhou_edge2,"[baoding_man2-shijiangzhuang_core],[shijiangzhuang_core-cangzhou_man2],[cangzhou_man2-cangzhou_edge2]",baoding_man2~cangzhou_edge2
baoding_man2,16,langfang_edge1,66,10.13,baoding_man2-tangshan_core-langfang_man1-langfang_edge1,"[baoding_man2-tangshan_core],[tangshan_core-langfang_man1],[langfang_man1-langfang_edge1]",baoding_man2~langfang_edge1
baoding_man2,16,langfang_edge2,67,9.3,baoding_man2-tangshan_core-langfang_man2-langfang_edge2,"[baoding_man2-tangshan_core],[tangshan_core-langfang_man2],[langfang_man2-langfang_edge2]",baoding_man2~langfang_edge2
baoding_man2,16,hengshui_edge1,68,6.59,baoding_man2-shijiangzhuang_core-hengshui_man1-hengshui_edge1,"[baoding_man2-shijiangzhuang_core],[shijiangzhuang_core-hengshui_man1],[hengshui_man1-hengshui_edge1]",baoding_man2~hengshui_edge1
baoding_man2,16,hengshui_edge2,69,6.59,baoding_man2-shijiangzhuang_core-hengshui_man2-hengshui_edge2,"[baoding_man2-shijiangzhuang_core],[shijiangzhuang_core-hengshui_man2],[hengshui_man2-hengshui_edge2]",baoding_man2~hengshui_edge2
zhangjiako_man1,17,beijing_cloud1,5,4.83,zhangjiako_man1-beijing_core1-beijing_cloud1,"[zhangjiako_man1-beijing_core1],[beijing_core1-beijing_cloud1]",zhangjiako_man1~beijing_cloud1
zhangjiako_man1,17,beijing_cloud2,6,4.83,zhangjiako_man1-beijing_core2-beijing_cloud2,"[zhangjiako_man1-beijing_core2],[beijing_core2-beijing_cloud2]",zhangjiako_man1~beijing_cloud2
zhangjiako_man1,17,beijing_edge1,7,5.83,zhangjiako_man1-beijing_core1-beijing_man1-beijing_edge1,"[zhangjiako_man1-beijing_core1],[beijing_core1-beijing_man1],[beijing_man1-beijing_edge1]",zhangjiako_man1~beijing_edge1
zhangjiako_man1,17,beijing_edge2,8,5.83,zhangjiako_man1-beijing_core1-beijing_man2-beijing_edge2,"[zhangjiako_man1-beijing_core1],[beijing_core1-beijing_man2],[beijing_man2-beijing_edge2]",zhangjiako_man1~beijing_edge2
zhangjiako_man1,17,beijing_edge3,9,6.33,zhangjiako_man1-beijing_core1-beijing_man1-beijing_edge3,"[zhangjiako_man1-beijing_core1],[beijing_core1-beijing_man1],[beijing_man1-beijing_edge3]",zhangjiako_man1~beijing_edge3
zhangjiako_man1,17,beijing_edge4,10,6.33,zhangjiako_man1-beijing_core1-beijing_man2-beijing_edge4,"[zhangjiako_man1-beijing_core1],[beijing_core1-beijing_man2],[beijing_man2-beijing_edge4]",zhangjiako_man1~beijing_edge4
zhangjiako_man1,17,tianjin_cloud1,15,7.3,zhangjiako_man1-beijing_core1-tianjin_core1-tianjin_cloud1,"[zhangjiako_man1-beijing_core1],[beijing_core1-tianjin_core1],[tianjin_core1-tianjin_cloud1]",zhangjiako_man1~tianjin_cloud1
zhangjiako_man1,17,tianjin_cloud2,16,8.3,zhangjiako_man1-beijing_core1-tianjin_core1-tianjin_cloud2,"[zhangjiako_man1-beijing_core1],[beijing_core1-tianjin_core1],[tianjin_core1-tianjin_cloud2]",zhangjiako_man1~tianjin_cloud2
zhangjiako_man1,17,tianjin_edge1,17,8.3,zhangjiako_man1-beijing_core1-tianjin_core1-tianjin_man1-tianjin_edge1,"[zhangjiako_man1-beijing_core1],[beijing_core1-tianjin_core1],[tianjin_core1-tianjin_man1],[tianjin_man1-tianjin_edge1]",zhangjiako_man1~tianjin_edge1
zhangjiako_man1,17,tianjin_edge2,18,8.3,zhangjiako_man1-beijing_core1-tianjin_core1-tianjin_man2-tianjin_edge2,"[zhangjiako_man1-beijing_core1],[beijing_core1-tianjin_core1],[tianjin_core1-tianjin_man2],[tianjin_man2-tianjin_edge2]",zhangjiako_man1~tianjin_edge2
zhangjiako_man1,17,tianjin_edge3,19,8.8,zhangjiako_man1-beijing_core1-tianjin_core1-tianjin_man2-tianjin_edge3,"[zhangjiako_man1-beijing_core1],[beijing_core1-tianjin_core1],[tianjin_core1-tianjin_man2],[tianjin_man2-tianjin_edge3]",zhangjiako_man1~tianjin_edge3
zhangjiako_man1,17,tianjin_edge4,20,8.8,zhangjiako_man1-beijing_core1-tianjin_core1-tianjin_man2-tianjin_edge4,"[zhangjiako_man1-beijing_core1],[beijing_core1-tianjin_core1],[tianjin_core1-tianjin_man2],[tianjin_man2-tianjin_edge4]",zhangjiako_man1~tianjin_edge4
zhangjiako_man1,17,shijiangzhuang_cloud,24,9.3,zhangjiako_man1-shijiangzhuang_core-shijiangzhuang_cloud,"[zhangjiako_man1-shijiangzhuang_core],[shijiangzhuang_core-shijiangzhuang_cloud]",zhangjiako_man1~shijiangzhuang_cloud
zhangjiako_man1,17,baoding_cloud,36,13.82,zhangjiako_man1-shijiangzhuang_core-baoding_man2-baoding_cloud,"[zhangjiako_man1-shijiangzhuang_core],[shijiangzhuang_core-baoding_man2],[baoding_man2-baoding_cloud]",zhangjiako_man1~baoding_cloud
zhangjiako_man1,17,zhangjiako_cloud,39,1.1,zhangjiako_man1-zhangjiako_cloud,[zhangjiako_man1-zhangjiako_cloud],zhangjiako_man1~zhangjiako_cloud
zhangjiako_man1,17,shijiangzhuang_edge1,48,10.3,zhangjiako_man1-shijiangzhuang_core-shijiangzhuang_man1-shijiangzhuang_edge1,"[zhangjiako_man1-shijiangzhuang_core],[shijiangzhuang_core-shijiangzhuang_man1],[shijiangzhuang_man1-shijiangzhuang_edge1]",zhangjiako_man1~shijiangzhuang_edge1
zhangjiako_man1,17,shijiangzhuang_edge2,49,10.3,zhangjiako_man1-shijiangzhuang_core-shijiangzhuang_man2-shijiangzhuang_edge2,"[zhangjiako_man1-shijiangzhuang_core],[shijiangzhuang_core-shijiangzhuang_man2],[shijiangzhuang_man2-shijiangzhuang_edge2]",zhangjiako_man1~shijiangzhuang_edge2
zhangjiako_man1,17,tangshan_edge1,50,9.08,zhangjiako_man1-beijing_core1-tangshan_core-tangshan_man1-tangshan_edge1,"[zhangjiako_man1-beijing_core1],[beijing_core1-tangshan_core],[tangshan_core-tangshan_man1],[tangshan_man1-tangshan_edge1]",zhangjiako_man1~tangshan_edge1
zhangjiako_man1,17,tangshan_edge2,51,9.08,zhangjiako_man1-beijing_core1-tangshan_core-tangshan_man2-tangshan_edge2,"[zhangjiako_man1-beijing_core1],[beijing_core1-tangshan_core],[tangshan_core-tangshan_man2],[tangshan_man2-tangshan_edge2]",zhangjiako_man1~tangshan_edge2
zhangjiako_man1,17,qhd_edge1,52,11.59,zhangjiako_man1-beijing_core1-tangshan_core-qhd_man1-qhd_edge1,"[zhangjiako_man1-beijing_core1],[beijing_core1-tangshan_core],[tangshan_core-qhd_man1],[qhd_man1-qhd_edge1]",zhangjiako_man1~qhd_edge1
zhangjiako_man1,17,qhd_edge2,53,12.15,zhangjiako_man1-beijing_core1-tangshan_core-qhd_man2-qhd_edge2,"[zhangjiako_man1-beijing_core1],[beijing_core1-tangshan_core],[tangshan_core-qhd_man2],[qhd_man2-qhd_edge2]",zhangjiako_man1~qhd_edge2
zhangjiako_man1,17,handan_edge1,54,13.4,zhangjiako_man1-shijiangzhuang_core-handan_man1-handan_edge1,"[zhangjiako_man1-shijiangzhuang_core],[shijiangzhuang_core-handan_man1],[handan_man1-handan_edge1]",zhangjiako_man1~handan_edge1
zhangjiako_man1,17,handan_edge2,55,13.4,zhangjiako_man1-shijiangzhuang_core-handan_man2-handan_edge2,"[zhangjiako_man1-shijiangzhuang_core],[shijiangzhuang_core-handan_man2],[handan_man2-handan_edge2]",zhangjiako_man1~handan_edge2
zhangjiako_man1,17,xingtai_edge1,56,12.3,zhangjiako_man1-shijiangzhuang_core-xingtai_man1-xingtai_edge1,"[zhangjiako_man1-shijiangzhuang_core],[shijiangzhuang_core-xingtai_man1],[xingtai_man1-xingtai_edge1]",zhangjiako_man1~xingtai_edge1
zhangjiako_man1,17,xingtai_edge2,57,12.3,zhangjiako_man1-shijiangzhuang_core-xingtai_man2-xingtai_edge2,"[zhangjiako_man1-shijiangzhuang_core],[shijiangzhuang_core-xingtai_man2],[xingtai_man2-xingtai_edge2]",zhangjiako_man1~xingtai_edge2
zhangjiako_man1,17,baoding_edge1,58,12.82,zhangjiako_man1-shijiangzhuang_core-baoding_man1-baoding_edge1,"[zhangjiako_man1-shijiangzhuang_core],[shijiangzhuang_core-baoding_man1],[baoding_man1-baoding_edge1]",zhangjiako_man1~baoding_edge1
zhangjiako_man1,17,baoding_edge2,59,12.82,zhangjiako_man1-shijiangzhuang_core-baoding_man2-baoding_edge2,"[zhangjiako_man1-shijiangzhuang_core],[shijiangzhuang_core-baoding_man2],[baoding_man2-baoding_edge2]",zhangjiako_man1~baoding_edge2
zhangjiako_man1,17,zhangjiako_edge1,60,0.1,zhangjiako_man1-zhangjiako_edge1,[zhangjiako_man1-zhangjiako_edge1],zhangjiako_man1~zhangjiako_edge1
zhangjiako_man1,17,zhangjiako_edge2,61,1.1,zhangjiako_man1-zhangjiako_edge2,[zhangjiako_man1-zhangjiako_edge2],zhangjiako_man1~zhangjiako_edge2
zhangjiako_man1,17,chengde_edge1,62,10.32,zhangjiako_man1-beijing_core1-chengde_man1-chengde_edge1,"[zhangjiako_man1-beijing_core1],[beijing_core1-chengde_man1],[chengde_man1-chengde_edge1]",zhangjiako_man1~chengde_edge1
zhangjiako_man1,17,chengde_edge2,63,10.32,zhangjiako_man1-beijing_core2-chengde_man2-chengde_edge2,"[zhangjiako_man1-beijing_core2],[beijing_core2-chengde_man2],[chengde_man2-chengde_edge2]",zhangjiako_man1~chengde_edge2
zhangjiako_man1,17,cangzhou_edge1,64,10.08,zhangjiako_man1-beijing_core1-tianjin_core1-cangzhou_man1-cangzhou_edge1,"[zhangjiako_man1-beijing_core1],[beijing_core1-tianjin_core1],[tianjin_core1-cangzhou_man1],[cangzhou_man1-cangzhou_edge1]",zhangjiako_man1~cangzhou_edge1
zhangjiako_man1,17,cangzhou_edge2,65,10.08,zhangjiako_man1-beijing_core1-tianjin_core1-cangzhou_man2-cangzhou_edge2,"[zhangjiako_man1-beijing_core1],[beijing_core1-tianjin_core1],[tianjin_core1-cangzhou_man2],[cangzhou_man2-cangzhou_edge2]",zhangjiako_man1~cangzhou_edge2
zhangjiako_man1,17,langfang_edge1,66,6.2,zhangjiako_man1-beijing_core1-langfang_man1-langfang_edge1,"[zhangjiako_man1-beijing_core1],[beijing_core1-langfang_man1],[langfang_man1-langfang_edge1]",zhangjiako_man1~langfang_edge1
zhangjiako_man1,17,langfang_edge2,67,6.2,zhangjiako_man1-beijing_core1-langfang_man2-langfang_edge2,"[zhangjiako_man1-beijing_core1],[beijing_core1-langfang_man2],[langfang_man2-langfang_edge2]",zhangjiako_man1~langfang_edge2
zhangjiako_man1,17,hengshui_edge1,68,12.28,zhangjiako_man1-shijiangzhuang_core-hengshui_man1-hengshui_edge1,"[zhangjiako_man1-shijiangzhuang_core],[shijiangzhuang_core-hengshui_man1],[hengshui_man1-hengshui_edge1]",zhangjiako_man1~hengshui_edge1
zhangjiako_man1,17,hengshui_edge2,69,12.28,zhangjiako_man1-shijiangzhuang_core-hengshui_man2-hengshui_edge2,"[zhangjiako_man1-shijiangzhuang_core],[shijiangzhuang_core-hengshui_man2],[hengshui_man2-hengshui_edge2]",zhangjiako_man1~hengshui_edge2
zhangjiako_man2,18,beijing_cloud1,5,4.83,zhangjiako_man2-beijing_core1-beijing_cloud1,"[zhangjiako_man2-beijing_core1],[beijing_core1-beijing_cloud1]",zhangjiako_man2~beijing_cloud1
zhangjiako_man2,18,beijing_cloud2,6,4.83,zhangjiako_man2-beijing_core2-beijing_cloud2,"[zhangjiako_man2-beijing_core2],[beijing_core2-beijing_cloud2]",zhangjiako_man2~beijing_cloud2
zhangjiako_man2,18,beijing_edge1,7,5.83,zhangjiako_man2-beijing_core1-beijing_man1-beijing_edge1,"[zhangjiako_man2-beijing_core1],[beijing_core1-beijing_man1],[beijing_man1-beijing_edge1]",zhangjiako_man2~beijing_edge1
zhangjiako_man2,18,beijing_edge2,8,5.83,zhangjiako_man2-beijing_core1-beijing_man2-beijing_edge2,"[zhangjiako_man2-beijing_core1],[beijing_core1-beijing_man2],[beijing_man2-beijing_edge2]",zhangjiako_man2~beijing_edge2
zhangjiako_man2,18,beijing_edge3,9,6.33,zhangjiako_man2-beijing_core1-beijing_man1-beijing_edge3,"[zhangjiako_man2-beijing_core1],[beijing_core1-beijing_man1],[beijing_man1-beijing_edge3]",zhangjiako_man2~beijing_edge3
zhangjiako_man2,18,beijing_edge4,10,6.33,zhangjiako_man2-beijing_core1-beijing_man2-beijing_edge4,"[zhangjiako_man2-beijing_core1],[beijing_core1-beijing_man2],[beijing_man2-beijing_edge4]",zhangjiako_man2~beijing_edge4
zhangjiako_man2,18,tianjin_cloud1,15,7.3,zhangjiako_man2-beijing_core1-tianjin_core1-tianjin_cloud1,"[zhangjiako_man2-beijing_core1],[beijing_core1-tianjin_core1],[tianjin_core1-tianjin_cloud1]",zhangjiako_man2~tianjin_cloud1
zhangjiako_man2,18,tianjin_cloud2,16,8.3,zhangjiako_man2-beijing_core1-tianjin_core1-tianjin_cloud2,"[zhangjiako_man2-beijing_core1],[beijing_core1-tianjin_core1],[tianjin_core1-tianjin_cloud2]",zhangjiako_man2~tianjin_cloud2
zhangjiako_man2,18,tianjin_edge1,17,8.3,zhangjiako_man2-beijing_core1-tianjin_core1-tianjin_man1-tianjin_edge1,"[zhangjiako_man2-beijing_core1],[beijing_core1-tianjin_core1],[tianjin_core1-tianjin_man1],[tianjin_man1-tianjin_edge1]",zhangjiako_man2~tianjin_edge1
zhangjiako_man2,18,tianjin_edge2,18,8.3,zhangjiako_man2-beijing_core1-tianjin_core1-tianjin_man2-tianjin_edge2,"[zhangjiako_man2-beijing_core1],[beijing_core1-tianjin_core1],[tianjin_core1-tianjin_man2],[tianjin_man2-tianjin_edge2]",zhangjiako_man2~tianjin_edge2
zhangjiako_man2,18,tianjin_edge3,19,8.8,zhangjiako_man2-beijing_core1-tianjin_core1-tianjin_man2-tianjin_edge3,"[zhangjiako_man2-beijing_core1],[beijing_core1-tianjin_core1],[tianjin_core1-tianjin_man2],[tianjin_man2-tianjin_edge3]",zhangjiako_man2~tianjin_edge3
zhangjiako_man2,18,tianjin_edge4,20,8.8,zhangjiako_man2-beijing_core1-tianjin_core1-tianjin_man2-tianjin_edge4,"[zhangjiako_man2-beijing_core1],[beijing_core1-tianjin_core1],[tianjin_core1-tianjin_man2],[tianjin_man2-tianjin_edge4]",zhangjiako_man2~tianjin_edge4
zhangjiako_man2,18,shijiangzhuang_cloud,24,9.3,zhangjiako_man2-shijiangzhuang_core-shijiangzhuang_cloud,"[zhangjiako_man2-shijiangzhuang_core],[shijiangzhuang_core-shijiangzhuang_cloud]",zhangjiako_man2~shijiangzhuang_cloud
zhangjiako_man2,18,baoding_cloud,36,13.82,zhangjiako_man2-shijiangzhuang_core-baoding_man2-baoding_cloud,"[zhangjiako_man2-shijiangzhuang_core],[shijiangzhuang_core-baoding_man2],[baoding_man2-baoding_cloud]",zhangjiako_man2~baoding_cloud
zhangjiako_man2,18,zhangjiako_cloud,39,1.1,zhangjiako_man2-zhangjiako_cloud,[zhangjiako_man2-zhangjiako_cloud],zhangjiako_man2~zhangjiako_cloud
zhangjiako_man2,18,shijiangzhuang_edge1,48,10.3,zhangjiako_man2-shijiangzhuang_core-shijiangzhuang_man1-shijiangzhuang_edge1,"[zhangjiako_man2-shijiangzhuang_core],[shijiangzhuang_core-shijiangzhuang_man1],[shijiangzhuang_man1-shijiangzhuang_edge1]",zhangjiako_man2~shijiangzhuang_edge1
zhangjiako_man2,18,shijiangzhuang_edge2,49,10.3,zhangjiako_man2-shijiangzhuang_core-shijiangzhuang_man2-shijiangzhuang_edge2,"[zhangjiako_man2-shijiangzhuang_core],[shijiangzhuang_core-shijiangzhuang_man2],[shijiangzhuang_man2-shijiangzhuang_edge2]",zhangjiako_man2~shijiangzhuang_edge2
zhangjiako_man2,18,tangshan_edge1,50,9.08,zhangjiako_man2-beijing_core1-tangshan_core-tangshan_man1-tangshan_edge1,"[zhangjiako_man2-beijing_core1],[beijing_core1-tangshan_core],[tangshan_core-tangshan_man1],[tangshan_man1-tangshan_edge1]",zhangjiako_man2~tangshan_edge1
zhangjiako_man2,18,tangshan_edge2,51,9.08,zhangjiako_man2-beijing_core1-tangshan_core-tangshan_man2-tangshan_edge2,"[zhangjiako_man2-beijing_core1],[beijing_core1-tangshan_core],[tangshan_core-tangshan_man2],[tangshan_man2-tangshan_edge2]",zhangjiako_man2~tangshan_edge2
zhangjiako_man2,18,qhd_edge1,52,11.59,zhangjiako_man2-beijing_core1-tangshan_core-qhd_man1-qhd_edge1,"[zhangjiako_man2-beijing_core1],[beijing_core1-tangshan_core],[tangshan_core-qhd_man1],[qhd_man1-qhd_edge1]",zhangjiako_man2~qhd_edge1
zhangjiako_man2,18,qhd_edge2,53,12.15,zhangjiako_man2-beijing_core1-tangshan_core-qhd_man2-qhd_edge2,"[zhangjiako_man2-beijing_core1],[beijing_core1-tangshan_core],[tangshan_core-qhd_man2],[qhd_man2-qhd_edge2]",zhangjiako_man2~qhd_edge2
zhangjiako_man2,18,handan_edge1,54,13.4,zhangjiako_man2-shijiangzhuang_core-handan_man1-handan_edge1,"[zhangjiako_man2-shijiangzhuang_core],[shijiangzhuang_core-handan_man1],[handan_man1-handan_edge1]",zhangjiako_man2~handan_edge1
zhangjiako_man2,18,handan_edge2,55,13.4,zhangjiako_man2-shijiangzhuang_core-handan_man2-handan_edge2,"[zhangjiako_man2-shijiangzhuang_core],[shijiangzhuang_core-handan_man2],[handan_man2-handan_edge2]",zhangjiako_man2~handan_edge2
zhangjiako_man2,18,xingtai_edge1,56,12.3,zhangjiako_man2-shijiangzhuang_core-xingtai_man1-xingtai_edge1,"[zhangjiako_man2-shijiangzhuang_core],[shijiangzhuang_core-xingtai_man1],[xingtai_man1-xingtai_edge1]",zhangjiako_man2~xingtai_edge1
zhangjiako_man2,18,xingtai_edge2,57,12.3,zhangjiako_man2-shijiangzhuang_core-xingtai_man2-xingtai_edge2,"[zhangjiako_man2-shijiangzhuang_core],[shijiangzhuang_core-xingtai_man2],[xingtai_man2-xingtai_edge2]",zhangjiako_man2~xingtai_edge2
zhangjiako_man2,18,baoding_edge1,58,12.82,zhangjiako_man2-shijiangzhuang_core-baoding_man1-baoding_edge1,"[zhangjiako_man2-shijiangzhuang_core],[shijiangzhuang_core-baoding_man1],[baoding_man1-baoding_edge1]",zhangjiako_man2~baoding_edge1
zhangjiako_man2,18,baoding_edge2,59,12.82,zhangjiako_man2-shijiangzhuang_core-baoding_man2-baoding_edge2,"[zhangjiako_man2-shijiangzhuang_core],[shijiangzhuang_core-baoding_man2],[baoding_man2-baoding_edge2]",zhangjiako_man2~baoding_edge2
zhangjiako_man2,18,zhangjiako_edge1,60,1.1,zhangjiako_man2-zhangjiako_edge1,[zhangjiako_man2-zhangjiako_edge1],zhangjiako_man2~zhangjiako_edge1
zhangjiako_man2,18,zhangjiako_edge2,61,0.1,zhangjiako_man2-zhangjiako_edge2,[zhangjiako_man2-zhangjiako_edge2],zhangjiako_man2~zhangjiako_edge2
zhangjiako_man2,18,chengde_edge1,62,10.32,zhangjiako_man2-beijing_core1-chengde_man1-chengde_edge1,"[zhangjiako_man2-beijing_core1],[beijing_core1-chengde_man1],[chengde_man1-chengde_edge1]",zhangjiako_man2~chengde_edge1
zhangjiako_man2,18,chengde_edge2,63,10.32,zhangjiako_man2-beijing_core2-chengde_man2-chengde_edge2,"[zhangjiako_man2-beijing_core2],[beijing_core2-chengde_man2],[chengde_man2-chengde_edge2]",zhangjiako_man2~chengde_edge2
zhangjiako_man2,18,cangzhou_edge1,64,10.08,zhangjiako_man2-beijing_core1-tianjin_core1-cangzhou_man1-cangzhou_edge1,"[zhangjiako_man2-beijing_core1],[beijing_core1-tianjin_core1],[tianjin_core1-cangzhou_man1],[cangzhou_man1-cangzhou_edge1]",zhangjiako_man2~cangzhou_edge1
zhangjiako_man2,18,cangzhou_edge2,65,10.08,zhangjiako_man2-beijing_core1-tianjin_core1-cangzhou_man2-cangzhou_edge2,"[zhangjiako_man2-beijing_core1],[beijing_core1-tianjin_core1],[tianjin_core1-cangzhou_man2],[cangzhou_man2-cangzhou_edge2]",zhangjiako_man2~cangzhou_edge2
zhangjiako_man2,18,langfang_edge1,66,6.2,zhangjiako_man2-beijing_core1-langfang_man1-langfang_edge1,"[zhangjiako_man2-beijing_core1],[beijing_core1-langfang_man1],[langfang_man1-langfang_edge1]",zhangjiako_man2~langfang_edge1
zhangjiako_man2,18,langfang_edge2,67,6.2,zhangjiako_man2-beijing_core1-langfang_man2-langfang_edge2,"[zhangjiako_man2-beijing_core1],[beijing_core1-langfang_man2],[langfang_man2-langfang_edge2]",zhangjiako_man2~langfang_edge2
zhangjiako_man2,18,hengshui_edge1,68,12.28,zhangjiako_man2-shijiangzhuang_core-hengshui_man1-hengshui_edge1,"[zhangjiako_man2-shijiangzhuang_core],[shijiangzhuang_core-hengshui_man1],[hengshui_man1-hengshui_edge1]",zhangjiako_man2~hengshui_edge1
zhangjiako_man2,18,hengshui_edge2,69,12.28,zhangjiako_man2-shijiangzhuang_core-hengshui_man2-hengshui_edge2,"[zhangjiako_man2-shijiangzhuang_core],[shijiangzhuang_core-hengshui_man2],[hengshui_man2-hengshui_edge2]",zhangjiako_man2~hengshui_edge2
chengde_man1,19,beijing_cloud1,5,5.59,chengde_man1-beijing_core1-beijing_cloud1,"[chengde_man1-beijing_core1],[beijing_core1-beijing_cloud1]",chengde_man1~beijing_cloud1
chengde_man1,19,beijing_cloud2,6,5.59,chengde_man1-beijing_core2-beijing_cloud2,"[chengde_man1-beijing_core2],[beijing_core2-beijing_cloud2]",chengde_man1~beijing_cloud2
chengde_man1,19,beijing_edge1,7,6.59,chengde_man1-beijing_core1-beijing_man1-beijing_edge1,"[chengde_man1-beijing_core1],[beijing_core1-beijing_man1],[beijing_man1-beijing_edge1]",chengde_man1~beijing_edge1
chengde_man1,19,beijing_edge2,8,6.59,chengde_man1-beijing_core1-beijing_man2-beijing_edge2,"[chengde_man1-beijing_core1],[beijing_core1-beijing_man2],[beijing_man2-beijing_edge2]",chengde_man1~beijing_edge2
chengde_man1,19,beijing_edge3,9,7.09,chengde_man1-beijing_core1-beijing_man2-beijing_edge3,"[chengde_man1-beijing_core1],[beijing_core1-beijing_man2],[beijing_man2-beijing_edge3]",chengde_man1~beijing_edge3
chengde_man1,19,beijing_edge4,10,7.09,chengde_man1-beijing_core1-beijing_man1-beijing_edge4,"[chengde_man1-beijing_core1],[beijing_core1-beijing_man1],[beijing_man1-beijing_edge4]",chengde_man1~beijing_edge4
chengde_man1,19,tianjin_cloud1,15,6.82,chengde_man1-tangshan_core-tianjin_core1-tianjin_cloud1,"[chengde_man1-tangshan_core],[tangshan_core-tianjin_core1],[tianjin_core1-tianjin_cloud1]",chengde_man1~tianjin_cloud1
chengde_man1,19,tianjin_cloud2,16,7.29,chengde_man1-tangshan_core-tianjin_core2-tianjin_cloud2,"[chengde_man1-tangshan_core],[tangshan_core-tianjin_core2],[tianjin_core2-tianjin_cloud2]",chengde_man1~tianjin_cloud2
chengde_man1,19,tianjin_edge1,17,7.82,chengde_man1-tangshan_core-tianjin_core1-tianjin_man1-tianjin_edge1,"[chengde_man1-tangshan_core],[tangshan_core-tianjin_core1],[tianjin_core1-tianjin_man1],[tianjin_man1-tianjin_edge1]",chengde_man1~tianjin_edge1
chengde_man1,19,tianjin_edge2,18,7.82,chengde_man1-tangshan_core-tianjin_core1-tianjin_man2-tianjin_edge2,"[chengde_man1-tangshan_core],[tangshan_core-tianjin_core1],[tianjin_core1-tianjin_man2],[tianjin_man2-tianjin_edge2]",chengde_man1~tianjin_edge2
chengde_man1,19,tianjin_edge3,19,8.32,chengde_man1-tangshan_core-tianjin_core1-tianjin_man1-tianjin_edge3,"[chengde_man1-tangshan_core],[tangshan_core-tianjin_core1],[tianjin_core1-tianjin_man1],[tianjin_man1-tianjin_edge3]",chengde_man1~tianjin_edge3
chengde_man1,19,tianjin_edge4,20,8.32,chengde_man1-tangshan_core-tianjin_core1-tianjin_man1-tianjin_edge4,"[chengde_man1-tangshan_core],[tangshan_core-tianjin_core1],[tianjin_core1-tianjin_man1],[tianjin_man1-tianjin_edge4]",chengde_man1~tianjin_edge4
chengde_man1,19,shijiangzhuang_cloud,24,11.58,chengde_man1-beijing_core2-shijiangzhuang_core-shijiangzhuang_cloud,"[chengde_man1-beijing_core2],[beijing_core2-shijiangzhuang_core],[shijiangzhuang_core-shijiangzhuang_cloud]",chengde_man1~shijiangzhuang_cloud
chengde_man1,19,baoding_cloud,36,11.81,chengde_man1-tangshan_core-baoding_man2-baoding_cloud,"[chengde_man1-tangshan_core],[tangshan_core-baoding_man2],[baoding_man2-baoding_cloud]",chengde_man1~baoding_cloud
chengde_man1,19,zhangjiako_cloud,39,11.32,chengde_man1-beijing_core1-zhangjiako_man1-zhangjiako_cloud,"[chengde_man1-beijing_core1],[beijing_core1-zhangjiako_man1],[zhangjiako_man1-zhangjiako_cloud]",chengde_man1~zhangjiako_cloud
chengde_man1,19,shijiangzhuang_edge1,48,12.58,chengde_man1-beijing_core2-shijiangzhuang_core-shijiangzhuang_man1-shijiangzhuang_edge1,"[chengde_man1-beijing_core2],[beijing_core2-shijiangzhuang_core],[shijiangzhuang_core-shijiangzhuang_man1],[shijiangzhuang_man1-shijiangzhuang_edge1]",chengde_man1~shijiangzhuang_edge1
chengde_man1,19,shijiangzhuang_edge2,49,12.58,chengde_man1-beijing_core2-shijiangzhuang_core-shijiangzhuang_man2-shijiangzhuang_edge2,"[chengde_man1-beijing_core2],[beijing_core2-shijiangzhuang_core],[shijiangzhuang_core-shijiangzhuang_man2],[shijiangzhuang_man2-shijiangzhuang_edge2]",chengde_man1~shijiangzhuang_edge2
chengde_man1,19,tangshan_edge1,50,5.82,chengde_man1-tangshan_core-tangshan_man1-tangshan_edge1,"[chengde_man1-tangshan_core],[tangshan_core-tangshan_man1],[tangshan_man1-tangshan_edge1]",chengde_man1~tangshan_edge1
chengde_man1,19,tangshan_edge2,51,5.82,chengde_man1-tangshan_core-tangshan_man2-tangshan_edge2,"[chengde_man1-tangshan_core],[tangshan_core-tangshan_man2],[tangshan_man2-tangshan_edge2]",chengde_man1~tangshan_edge2
chengde_man1,19,qhd_edge1,52,8.32,chengde_man1-tangshan_core-qhd_man1-qhd_edge1,"[chengde_man1-tangshan_core],[tangshan_core-qhd_man1],[qhd_man1-qhd_edge1]",chengde_man1~qhd_edge1
chengde_man1,19,qhd_edge2,53,8.89,chengde_man1-tangshan_core-qhd_man2-qhd_edge2,"[chengde_man1-tangshan_core],[tangshan_core-qhd_man2],[qhd_man2-qhd_edge2]",chengde_man1~qhd_edge2
chengde_man1,19,handan_edge1,54,15.68,chengde_man1-beijing_core2-shijiangzhuang_core-handan_man1-handan_edge1,"[chengde_man1-beijing_core2],[beijing_core2-shijiangzhuang_core],[shijiangzhuang_core-handan_man1],[handan_man1-handan_edge1]",chengde_man1~handan_edge1
chengde_man1,19,handan_edge2,55,15.68,chengde_man1-beijing_core2-shijiangzhuang_core-handan_man2-handan_edge2,"[chengde_man1-beijing_core2],[beijing_core2-shijiangzhuang_core],[shijiangzhuang_core-handan_man2],[handan_man2-handan_edge2]",chengde_man1~handan_edge2
chengde_man1,19,xingtai_edge1,56,14.58,chengde_man1-beijing_core2-shijiangzhuang_core-xingtai_man1-xingtai_edge1,"[chengde_man1-beijing_core2],[beijing_core2-shijiangzhuang_core],[shijiangzhuang_core-xingtai_man1],[xingtai_man1-xingtai_edge1]",chengde_man1~xingtai_edge1
chengde_man1,19,xingtai_edge2,57,14.58,chengde_man1-beijing_core2-shijiangzhuang_core-xingtai_man2-xingtai_edge2,"[chengde_man1-beijing_core2],[beijing_core2-shijiangzhuang_core],[shijiangzhuang_core-xingtai_man2],[xingtai_man2-xingtai_edge2]",chengde_man1~xingtai_edge2
chengde_man1,19,baoding_edge1,58,11.81,chengde_man1-tangshan_core-baoding_man2-baoding_edge1,"[chengde_man1-tangshan_core],[tangshan_core-baoding_man2],[baoding_man2-baoding_edge1]",chengde_man1~baoding_edge1
chengde_man1,19,baoding_edge2,59,10.81,chengde_man1-tangshan_core-baoding_man2-baoding_edge2,"[chengde_man1-tangshan_core],[tangshan_core-baoding_man2],[baoding_man2-baoding_edge2]",chengde_man1~baoding_edge2
chengde_man1,19,zhangjiako_edge1,60,10.32,chengde_man1-beijing_core1-zhangjiako_man1-zhangjiako_edge1,"[chengde_man1-beijing_core1],[beijing_core1-zhangjiako_man1],[zhangjiako_man1-zhangjiako_edge1]",chengde_man1~zhangjiako_edge1
chengde_man1,19,zhangjiako_edge2,61,10.32,chengde_man1-beijing_core2-zhangjiako_man2-zhangjiako_edge2,"[chengde_man1-beijing_core2],[beijing_core2-zhangjiako_man2],[zhangjiako_man2-zhangjiako_edge2]",chengde_man1~zhangjiako_edge2
chengde_man1,19,chengde_edge1,62,0.1,chengde_man1-chengde_edge1,[chengde_man1-chengde_edge1],chengde_man1~chengde_edge1
chengde_man1,19,chengde_edge2,63,1.1,chengde_man1-chengde_edge2,[chengde_man1-chengde_edge2],chengde_man1~chengde_edge2
chengde_man1,19,cangzhou_edge1,64,9.6,chengde_man1-tangshan_core-tianjin_core1-cangzhou_man1-cangzhou_edge1,"[chengde_man1-tangshan_core],[tangshan_core-tianjin_core1],[tianjin_core1-cangzhou_man1],[cangzhou_man1-cangzhou_edge1]",chengde_man1~cangzhou_edge1
chengde_man1,19,cangzhou_edge2,65,9.6,chengde_man1-tangshan_core-tianjin_core1-cangzhou_man2-cangzhou_edge2,"[chengde_man1-tangshan_core],[tangshan_core-tianjin_core1],[tianjin_core1-cangzhou_man2],[cangzhou_man2-cangzhou_edge2]",chengde_man1~cangzhou_edge2
chengde_man1,19,langfang_edge1,66,6.96,chengde_man1-beijing_core2-langfang_man1-langfang_edge1,"[chengde_man1-beijing_core2],[beijing_core2-langfang_man1],[langfang_man1-langfang_edge1]",chengde_man1~langfang_edge1
chengde_man1,19,langfang_edge2,67,6.96,chengde_man1-beijing_core2-langfang_man2-langfang_edge2,"[chengde_man1-beijing_core2],[beijing_core2-langfang_man2],[langfang_man2-langfang_edge2]",chengde_man1~langfang_edge2
chengde_man1,19,hengshui_edge1,68,14.34,chengde_man1-tangshan_core-hengshui_man2-hengshui_edge1,"[chengde_man1-tangshan_core],[tangshan_core-hengshui_man2],[hengshui_man2-hengshui_edge1]",chengde_man1~hengshui_edge1
chengde_man1,19,hengshui_edge2,69,13.34,chengde_man1-tangshan_core-hengshui_man2-hengshui_edge2,"[chengde_man1-tangshan_core],[tangshan_core-hengshui_man2],[hengshui_man2-hengshui_edge2]",chengde_man1~hengshui_edge2
chengde_man2,20,beijing_cloud1,5,5.59,chengde_man2-beijing_core1-beijing_cloud1,"[chengde_man2-beijing_core1],[beijing_core1-beijing_cloud1]",chengde_man2~beijing_cloud1
chengde_man2,20,beijing_cloud2,6,5.59,chengde_man2-beijing_core2-beijing_cloud2,"[chengde_man2-beijing_core2],[beijing_core2-beijing_cloud2]",chengde_man2~beijing_cloud2
chengde_man2,20,beijing_edge1,7,6.59,chengde_man2-beijing_core2-beijing_man1-beijing_edge1,"[chengde_man2-beijing_core2],[beijing_core2-beijing_man1],[beijing_man1-beijing_edge1]",chengde_man2~beijing_edge1
chengde_man2,20,beijing_edge2,8,6.59,chengde_man2-beijing_core1-beijing_man2-beijing_edge2,"[chengde_man2-beijing_core1],[beijing_core1-beijing_man2],[beijing_man2-beijing_edge2]",chengde_man2~beijing_edge2
chengde_man2,20,beijing_edge3,9,7.09,chengde_man2-beijing_core1-beijing_man2-beijing_edge3,"[chengde_man2-beijing_core1],[beijing_core1-beijing_man2],[beijing_man2-beijing_edge3]",chengde_man2~beijing_edge3
chengde_man2,20,beijing_edge4,10,7.09,chengde_man2-beijing_core1-beijing_man2-beijing_edge4,"[chengde_man2-beijing_core1],[beijing_core1-beijing_man2],[beijing_man2-beijing_edge4]",chengde_man2~beijing_edge4
chengde_man2,20,tianjin_cloud1,15,7.21,chengde_man2-tangshan_core-tianjin_core1-tianjin_cloud1,"[chengde_man2-tangshan_core],[tangshan_core-tianjin_core1],[tianjin_core1-tianjin_cloud1]",chengde_man2~tianjin_cloud1
chengde_man2,20,tianjin_cloud2,16,7.68,chengde_man2-tangshan_core-tianjin_core2-tianjin_cloud2,"[chengde_man2-tangshan_core],[tangshan_core-tianjin_core2],[tianjin_core2-tianjin_cloud2]",chengde_man2~tianjin_cloud2
chengde_man2,20,tianjin_edge1,17,8.21,chengde_man2-tangshan_core-tianjin_core1-tianjin_man1-tianjin_edge1,"[chengde_man2-tangshan_core],[tangshan_core-tianjin_core1],[tianjin_core1-tianjin_man1],[tianjin_man1-tianjin_edge1]",chengde_man2~tianjin_edge1
chengde_man2,20,tianjin_edge2,18,8.21,chengde_man2-tangshan_core-tianjin_core1-tianjin_man2-tianjin_edge2,"[chengde_man2-tangshan_core],[tangshan_core-tianjin_core1],[tianjin_core1-tianjin_man2],[tianjin_man2-tianjin_edge2]",chengde_man2~tianjin_edge2
chengde_man2,20,tianjin_edge3,19,8.71,chengde_man2-tangshan_core-tianjin_core1-tianjin_man1-tianjin_edge3,"[chengde_man2-tangshan_core],[tangshan_core-tianjin_core1],[tianjin_core1-tianjin_man1],[tianjin_man1-tianjin_edge3]",chengde_man2~tianjin_edge3
chengde_man2,20,tianjin_edge4,20,8.71,chengde_man2-tangshan_core-tianjin_core1-tianjin_man1-tianjin_edge4,"[chengde_man2-tangshan_core],[tangshan_core-tianjin_core1],[tianjin_core1-tianjin_man1],[tianjin_man1-tianjin_edge4]",chengde_man2~tianjin_edge4
chengde_man2,20,shijiangzhuang_cloud,24,11.58,chengde_man2-beijing_core2-shijiangzhuang_core-shijiangzhuang_cloud,"[chengde_man2-beijing_core2],[beijing_core2-shijiangzhuang_core],[shijiangzhuang_core-shijiangzhuang_cloud]",chengde_man2~shijiangzhuang_cloud
chengde_man2,20,baoding_cloud,36,12.2,chengde_man2-tangshan_core-baoding_man2-baoding_cloud,"[chengde_man2-tangshan_core],[tangshan_core-baoding_man2],[baoding_man2-baoding_cloud]",chengde_man2~baoding_cloud
chengde_man2,20,zhangjiako_cloud,39,11.32,chengde_man2-beijing_core1-zhangjiako_man1-zhangjiako_cloud,"[chengde_man2-beijing_core1],[beijing_core1-zhangjiako_man1],[zhangjiako_man1-zhangjiako_cloud]",chengde_man2~zhangjiako_cloud
chengde_man2,20,shijiangzhuang_edge1,48,12.58,chengde_man2-beijing_core2-shijiangzhuang_core-shijiangzhuang_man1-shijiangzhuang_edge1,"[chengde_man2-beijing_core2],[beijing_core2-shijiangzhuang_core],[shijiangzhuang_core-shijiangzhuang_man1],[shijiangzhuang_man1-shijiangzhuang_edge1]",chengde_man2~shijiangzhuang_edge1
chengde_man2,20,shijiangzhuang_edge2,49,12.58,chengde_man2-beijing_core2-shijiangzhuang_core-shijiangzhuang_man2-shijiangzhuang_edge2,"[chengde_man2-beijing_core2],[beijing_core2-shijiangzhuang_core],[shijiangzhuang_core-shijiangzhuang_man2],[shijiangzhuang_man2-shijiangzhuang_edge2]",chengde_man2~shijiangzhuang_edge2
chengde_man2,20,tangshan_edge1,50,6.21,chengde_man2-tangshan_core-tangshan_man1-tangshan_edge1,"[chengde_man2-tangshan_core],[tangshan_core-tangshan_man1],[tangshan_man1-tangshan_edge1]",chengde_man2~tangshan_edge1
chengde_man2,20,tangshan_edge2,51,6.21,chengde_man2-tangshan_core-tangshan_man2-tangshan_edge2,"[chengde_man2-tangshan_core],[tangshan_core-tangshan_man2],[tangshan_man2-tangshan_edge2]",chengde_man2~tangshan_edge2
chengde_man2,20,qhd_edge1,52,8.71,chengde_man2-tangshan_core-qhd_man1-qhd_edge1,"[chengde_man2-tangshan_core],[tangshan_core-qhd_man1],[qhd_man1-qhd_edge1]",chengde_man2~qhd_edge1
chengde_man2,20,qhd_edge2,53,9.28,chengde_man2-tangshan_core-qhd_man2-qhd_edge2,"[chengde_man2-tangshan_core],[tangshan_core-qhd_man2],[qhd_man2-qhd_edge2]",chengde_man2~qhd_edge2
chengde_man2,20,handan_edge1,54,15.68,chengde_man2-beijing_core2-shijiangzhuang_core-handan_man1-handan_edge1,"[chengde_man2-beijing_core2],[beijing_core2-shijiangzhuang_core],[shijiangzhuang_core-handan_man1],[handan_man1-handan_edge1]",chengde_man2~handan_edge1
chengde_man2,20,handan_edge2,55,15.68,chengde_man2-beijing_core2-shijiangzhuang_core-handan_man2-handan_edge2,"[chengde_man2-beijing_core2],[beijing_core2-shijiangzhuang_core],[shijiangzhuang_core-handan_man2],[handan_man2-handan_edge2]",chengde_man2~handan_edge2
chengde_man2,20,xingtai_edge1,56,14.58,chengde_man2-beijing_core2-shijiangzhuang_core-xingtai_man1-xingtai_edge1,"[chengde_man2-beijing_core2],[beijing_core2-shijiangzhuang_core],[shijiangzhuang_core-xingtai_man1],[xingtai_man1-xingtai_edge1]",chengde_man2~xingtai_edge1
chengde_man2,20,xingtai_edge2,57,14.58,chengde_man2-beijing_core2-shijiangzhuang_core-xingtai_man2-xingtai_edge2,"[chengde_man2-beijing_core2],[beijing_core2-shijiangzhuang_core],[shijiangzhuang_core-xingtai_man2],[xingtai_man2-xingtai_edge2]",chengde_man2~xingtai_edge2
chengde_man2,20,baoding_edge1,58,12.2,chengde_man2-tangshan_core-baoding_man2-baoding_edge1,"[chengde_man2-tangshan_core],[tangshan_core-baoding_man2],[baoding_man2-baoding_edge1]",chengde_man2~baoding_edge1
chengde_man2,20,baoding_edge2,59,11.2,chengde_man2-tangshan_core-baoding_man2-baoding_edge2,"[chengde_man2-tangshan_core],[tangshan_core-baoding_man2],[baoding_man2-baoding_edge2]",chengde_man2~baoding_edge2
chengde_man2,20,zhangjiako_edge1,60,10.32,chengde_man2-beijing_core1-zhangjiako_man1-zhangjiako_edge1,"[chengde_man2-beijing_core1],[beijing_core1-zhangjiako_man1],[zhangjiako_man1-zhangjiako_edge1]",chengde_man2~zhangjiako_edge1
chengde_man2,20,zhangjiako_edge2,61,10.32,chengde_man2-beijing_core1-zhangjiako_man2-zhangjiako_edge2,"[chengde_man2-beijing_core1],[beijing_core1-zhangjiako_man2],[zhangjiako_man2-zhangjiako_edge2]",chengde_man2~zhangjiako_edge2
chengde_man2,20,chengde_edge1,62,1.1,chengde_man2-chengde_edge1,[chengde_man2-chengde_edge1],chengde_man2~chengde_edge1
chengde_man2,20,chengde_edge2,63,0.1,chengde_man2-chengde_edge2,[chengde_man2-chengde_edge2],chengde_man2~chengde_edge2
chengde_man2,20,cangzhou_edge1,64,9.99,chengde_man2-tangshan_core-tianjin_core1-cangzhou_man1-cangzhou_edge1,"[chengde_man2-tangshan_core],[tangshan_core-tianjin_core1],[tianjin_core1-cangzhou_man1],[cangzhou_man1-cangzhou_edge1]",chengde_man2~cangzhou_edge1
chengde_man2,20,cangzhou_edge2,65,9.99,chengde_man2-tangshan_core-tianjin_core1-cangzhou_man2-cangzhou_edge2,"[chengde_man2-tangshan_core],[tangshan_core-tianjin_core1],[tianjin_core1-cangzhou_man2],[cangzhou_man2-cangzhou_edge2]",chengde_man2~cangzhou_edge2
chengde_man2,20,langfang_edge1,66,6.96,chengde_man2-beijing_core1-langfang_man1-langfang_edge1,"[chengde_man2-beijing_core1],[beijing_core1-langfang_man1],[langfang_man1-langfang_edge1]",chengde_man2~langfang_edge1
chengde_man2,20,langfang_edge2,67,6.96,chengde_man2-beijing_core2-langfang_man2-langfang_edge2,"[chengde_man2-beijing_core2],[beijing_core2-langfang_man2],[langfang_man2-langfang_edge2]",chengde_man2~langfang_edge2
chengde_man2,20,hengshui_edge1,68,14.56,chengde_man2-beijing_core2-shijiangzhuang_core-hengshui_man1-hengshui_edge1,"[chengde_man2-beijing_core2],[beijing_core2-shijiangzhuang_core],[shijiangzhuang_core-hengshui_man1],[hengshui_man1-hengshui_edge1]",chengde_man2~hengshui_edge1
chengde_man2,20,hengshui_edge2,69,13.73,chengde_man2-tangshan_core-hengshui_man2-hengshui_edge2,"[chengde_man2-tangshan_core],[tangshan_core-hengshui_man2],[hengshui_man2-hengshui_edge2]",chengde_man2~hengshui_edge2
cangzhou_man1,21,beijing_cloud1,5,5.34,cangzhou_man1-tianjin_core1-beijing_core1-beijing_cloud1,"[cangzhou_man1-tianjin_core1],[tianjin_core1-beijing_core1],[beijing_core1-beijing_cloud1]",cangzhou_man1~beijing_cloud1
cangzhou_man1,21,beijing_cloud2,6,5.75,cangzhou_man1-tianjin_core1-beijing_core2-beijing_cloud2,"[cangzhou_man1-tianjin_core1],[tianjin_core1-beijing_core2],[beijing_core2-beijing_cloud2]",cangzhou_man1~beijing_cloud2
cangzhou_man1,21,beijing_edge1,7,6.34,cangzhou_man1-tianjin_core1-beijing_core1-beijing_man1-beijing_edge1,"[cangzhou_man1-tianjin_core1],[tianjin_core1-beijing_core1],[beijing_core1-beijing_man1],[beijing_man1-beijing_edge1]",cangzhou_man1~beijing_edge1
cangzhou_man1,21,beijing_edge2,8,6.34,cangzhou_man1-tianjin_core1-beijing_core1-beijing_man2-beijing_edge2,"[cangzhou_man1-tianjin_core1],[tianjin_core1-beijing_core1],[beijing_core1-beijing_man2],[beijing_man2-beijing_edge2]",cangzhou_man1~beijing_edge2
cangzhou_man1,21,beijing_edge3,9,6.84,cangzhou_man1-tianjin_core1-beijing_core1-beijing_man2-beijing_edge3,"[cangzhou_man1-tianjin_core1],[tianjin_core1-beijing_core1],[beijing_core1-beijing_man2],[beijing_man2-beijing_edge3]",cangzhou_man1~beijing_edge3
cangzhou_man1,21,beijing_edge4,10,6.84,cangzhou_man1-tianjin_core1-beijing_core1-beijing_man2-beijing_edge4,"[cangzhou_man1-tianjin_core1],[tianjin_core1-beijing_core1],[beijing_core1-beijing_man2],[beijing_man2-beijing_edge4]",cangzhou_man1~beijing_edge4
cangzhou_man1,21,tianjin_cloud1,15,2.88,cangzhou_man1-tianjin_core1-tianjin_cloud1,"[cangzhou_man1-tianjin_core1],[tianjin_core1-tianjin_cloud1]",cangzhou_man1~tianjin_cloud1
cangzhou_man1,21,tianjin_cloud2,16,2.88,cangzhou_man1-tianjin_core2-tianjin_cloud2,"[cangzhou_man1-tianjin_core2],[tianjin_core2-tianjin_cloud2]",cangzhou_man1~tianjin_cloud2
cangzhou_man1,21,tianjin_edge1,17,3.88,cangzhou_man1-tianjin_core1-tianjin_man1-tianjin_edge1,"[cangzhou_man1-tianjin_core1],[tianjin_core1-tianjin_man1],[tianjin_man1-tianjin_edge1]",cangzhou_man1~tianjin_edge1
cangzhou_man1,21,tianjin_edge2,18,3.88,cangzhou_man1-tianjin_core1-tianjin_man2-tianjin_edge2,"[cangzhou_man1-tianjin_core1],[tianjin_core1-tianjin_man2],[tianjin_man2-tianjin_edge2]",cangzhou_man1~tianjin_edge2
cangzhou_man1,21,tianjin_edge3,19,4.38,cangzhou_man1-tianjin_core1-tianjin_man1-tianjin_edge3,"[cangzhou_man1-tianjin_core1],[tianjin_core1-tianjin_man1],[tianjin_man1-tianjin_edge3]",cangzhou_man1~tianjin_edge3
cangzhou_man1,21,tianjin_edge4,20,4.38,cangzhou_man1-tianjin_core1-tianjin_man1-tianjin_edge4,"[cangzhou_man1-tianjin_core1],[tianjin_core1-tianjin_man1],[tianjin_man1-tianjin_edge4]",cangzhou_man1~tianjin_edge4
cangzhou_man1,21,shijiangzhuang_cloud,24,5.67,cangzhou_man1-shijiangzhuang_core-shijiangzhuang_cloud,"[cangzhou_man1-shijiangzhuang_core],[shijiangzhuang_core-shijiangzhuang_cloud]",cangzhou_man1~shijiangzhuang_cloud
cangzhou_man1,21,baoding_cloud,36,10.18,cangzhou_man1-shijiangzhuang_core-baoding_man1-baoding_cloud,"[cangzhou_man1-shijiangzhuang_core],[shijiangzhuang_core-baoding_man1],[baoding_man1-baoding_cloud]",cangzhou_man1~baoding_cloud
cangzhou_man1,21,zhangjiako_cloud,39,11.08,cangzhou_man1-tianjin_core1-beijing_core1-zhangjiako_man1-zhangjiako_cloud,"[cangzhou_man1-tianjin_core1],[tianjin_core1-beijing_core1],[beijing_core1-zhangjiako_man1],[zhangjiako_man1-zhangjiako_cloud]",cangzhou_man1~zhangjiako_cloud
cangzhou_man1,21,shijiangzhuang_edge1,48,6.67,cangzhou_man1-shijiangzhuang_core-shijiangzhuang_man1-shijiangzhuang_edge1,"[cangzhou_man1-shijiangzhuang_core],[shijiangzhuang_core-shijiangzhuang_man1],[shijiangzhuang_man1-shijiangzhuang_edge1]",cangzhou_man1~shijiangzhuang_edge1
cangzhou_man1,21,shijiangzhuang_edge2,49,6.67,cangzhou_man1-shijiangzhuang_core-shijiangzhuang_man2-shijiangzhuang_edge2,"[cangzhou_man1-shijiangzhuang_core],[shijiangzhuang_core-shijiangzhuang_man2],[shijiangzhuang_man2-shijiangzhuang_edge2]",cangzhou_man1~shijiangzhuang_edge2
cangzhou_man1,21,tangshan_edge1,50,5.88,cangzhou_man1-tianjin_core1-tangshan_core-tangshan_man1-tangshan_edge1,"[cangzhou_man1-tianjin_core1],[tianjin_core1-tangshan_core],[tangshan_core-tangshan_man1],[tangshan_man1-tangshan_edge1]",cangzhou_man1~tangshan_edge1
cangzhou_man1,21,tangshan_edge2,51,5.88,cangzhou_man1-tianjin_core1-tangshan_core-tangshan_man2-tangshan_edge2,"[cangzhou_man1-tianjin_core1],[tianjin_core1-tangshan_core],[tangshan_core-tangshan_man2],[tangshan_man2-tangshan_edge2]",cangzhou_man1~tangshan_edge2
cangzhou_man1,21,qhd_edge1,52,8.38,cangzhou_man1-tianjin_core1-tangshan_core-qhd_man1-qhd_edge1,"[cangzhou_man1-tianjin_core1],[tianjin_core1-tangshan_core],[tangshan_core-qhd_man1],[qhd_man1-qhd_edge1]",cangzhou_man1~qhd_edge1
cangzhou_man1,21,qhd_edge2,53,8.95,cangzhou_man1-tianjin_core1-tangshan_core-qhd_man2-qhd_edge2,"[cangzhou_man1-tianjin_core1],[tianjin_core1-tangshan_core],[tangshan_core-qhd_man2],[qhd_man2-qhd_edge2]",cangzhou_man1~qhd_edge2
cangzhou_man1,21,handan_edge1,54,9.77,cangzhou_man1-shijiangzhuang_core-handan_man1-handan_edge1,"[cangzhou_man1-shijiangzhuang_core],[shijiangzhuang_core-handan_man1],[handan_man1-handan_edge1]",cangzhou_man1~handan_edge1
cangzhou_man1,21,handan_edge2,55,9.77,cangzhou_man1-shijiangzhuang_core-handan_man2-handan_edge2,"[cangzhou_man1-shijiangzhuang_core],[shijiangzhuang_core-handan_man2],[handan_man2-handan_edge2]",cangzhou_man1~handan_edge2
cangzhou_man1,21,xingtai_edge1,56,8.67,cangzhou_man1-shijiangzhuang_core-xingtai_man1-xingtai_edge1,"[cangzhou_man1-shijiangzhuang_core],[shijiangzhuang_core-xingtai_man1],[xingtai_man1-xingtai_edge1]",cangzhou_man1~xingtai_edge1
cangzhou_man1,21,xingtai_edge2,57,8.67,cangzhou_man1-shijiangzhuang_core-xingtai_man2-xingtai_edge2,"[cangzhou_man1-shijiangzhuang_core],[shijiangzhuang_core-xingtai_man2],[xingtai_man2-xingtai_edge2]",cangzhou_man1~xingtai_edge2
cangzhou_man1,21,baoding_edge1,58,9.18,cangzhou_man1-shijiangzhuang_core-baoding_man1-baoding_edge1,"[cangzhou_man1-shijiangzhuang_core],[shijiangzhuang_core-baoding_man1],[baoding_man1-baoding_edge1]",cangzhou_man1~baoding_edge1
cangzhou_man1,21,baoding_edge2,59,9.18,cangzhou_man1-shijiangzhuang_core-baoding_man2-baoding_edge2,"[cangzhou_man1-shijiangzhuang_core],[shijiangzhuang_core-baoding_man2],[baoding_man2-baoding_edge2]",cangzhou_man1~baoding_edge2
cangzhou_man1,21,zhangjiako_edge1,60,10.08,cangzhou_man1-tianjin_core1-beijing_core1-zhangjiako_man1-zhangjiako_edge1,"[cangzhou_man1-tianjin_core1],[tianjin_core1-beijing_core1],[beijing_core1-zhangjiako_man1],[zhangjiako_man1-zhangjiako_edge1]",cangzhou_man1~zhangjiako_edge1
cangzhou_man1,21,zhangjiako_edge2,61,10.08,cangzhou_man1-tianjin_core1-beijing_core1-zhangjiako_man2-zhangjiako_edge2,"[cangzhou_man1-tianjin_core1],[tianjin_core1-beijing_core1],[beijing_core1-zhangjiako_man2],[zhangjiako_man2-zhangjiako_edge2]",cangzhou_man1~zhangjiako_edge2
cangzhou_man1,21,chengde_edge1,62,9.6,cangzhou_man1-tianjin_core1-tangshan_core-chengde_man1-chengde_edge1,"[cangzhou_man1-tianjin_core1],[tianjin_core1-tangshan_core],[tangshan_core-chengde_man1],[chengde_man1-chengde_edge1]",cangzhou_man1~chengde_edge1
cangzhou_man1,21,chengde_edge2,63,9.99,cangzhou_man1-tianjin_core1-tangshan_core-chengde_man2-chengde_edge2,"[cangzhou_man1-tianjin_core1],[tianjin_core1-tangshan_core],[tangshan_core-chengde_man2],[chengde_man2-chengde_edge2]",cangzhou_man1~chengde_edge2
cangzhou_man1,21,cangzhou_edge1,64,0.1,cangzhou_man1-cangzhou_edge1,[cangzhou_man1-cangzhou_edge1],cangzhou_man1~cangzhou_edge1
cangzhou_man1,21,cangzhou_edge2,65,1.1,cangzhou_man1-cangzhou_edge2,[cangzhou_man1-cangzhou_edge2],cangzhou_man1~cangzhou_edge2
cangzhou_man1,21,langfang_edge1,66,6.71,cangzhou_man1-tianjin_core1-beijing_core1-langfang_man1-langfang_edge1,"[cangzhou_man1-tianjin_core1],[tianjin_core1-beijing_core1],[beijing_core1-langfang_man1],[langfang_man1-langfang_edge1]",cangzhou_man1~langfang_edge1
cangzhou_man1,21,langfang_edge2,67,6.71,cangzhou_man1-tianjin_core1-beijing_core1-langfang_man2-langfang_edge2,"[cangzhou_man1-tianjin_core1],[tianjin_core1-beijing_core1],[beijing_core1-langfang_man2],[langfang_man2-langfang_edge2]",cangzhou_man1~langfang_edge2
cangzhou_man1,21,hengshui_edge1,68,8.64,cangzhou_man1-shijiangzhuang_core-hengshui_man1-hengshui_edge1,"[cangzhou_man1-shijiangzhuang_core],[shijiangzhuang_core-hengshui_man1],[hengshui_man1-hengshui_edge1]",cangzhou_man1~hengshui_edge1
cangzhou_man1,21,hengshui_edge2,69,8.64,cangzhou_man1-shijiangzhuang_core-hengshui_man2-hengshui_edge2,"[cangzhou_man1-shijiangzhuang_core],[shijiangzhuang_core-hengshui_man2],[hengshui_man2-hengshui_edge2]",cangzhou_man1~hengshui_edge2
cangzhou_man2,22,beijing_cloud1,5,5.34,cangzhou_man2-tianjin_core1-beijing_core1-beijing_cloud1,"[cangzhou_man2-tianjin_core1],[tianjin_core1-beijing_core1],[beijing_core1-beijing_cloud1]",cangzhou_man2~beijing_cloud1
cangzhou_man2,22,beijing_cloud2,6,5.75,cangzhou_man2-tianjin_core1-beijing_core2-beijing_cloud2,"[cangzhou_man2-tianjin_core1],[tianjin_core1-beijing_core2],[beijing_core2-beijing_cloud2]",cangzhou_man2~beijing_cloud2
cangzhou_man2,22,beijing_edge1,7,6.34,cangzhou_man2-tianjin_core1-beijing_core1-beijing_man1-beijing_edge1,"[cangzhou_man2-tianjin_core1],[tianjin_core1-beijing_core1],[beijing_core1-beijing_man1],[beijing_man1-beijing_edge1]",cangzhou_man2~beijing_edge1
cangzhou_man2,22,beijing_edge2,8,6.34,cangzhou_man2-tianjin_core1-beijing_core1-beijing_man2-beijing_edge2,"[cangzhou_man2-tianjin_core1],[tianjin_core1-beijing_core1],[beijing_core1-beijing_man2],[beijing_man2-beijing_edge2]",cangzhou_man2~beijing_edge2
cangzhou_man2,22,beijing_edge3,9,6.84,cangzhou_man2-tianjin_core1-beijing_core1-beijing_man2-beijing_edge3,"[cangzhou_man2-tianjin_core1],[tianjin_core1-beijing_core1],[beijing_core1-beijing_man2],[beijing_man2-beijing_edge3]",cangzhou_man2~beijing_edge3
cangzhou_man2,22,beijing_edge4,10,6.84,cangzhou_man2-tianjin_core1-beijing_core1-beijing_man2-beijing_edge4,"[cangzhou_man2-tianjin_core1],[tianjin_core1-beijing_core1],[beijing_core1-beijing_man2],[beijing_man2-beijing_edge4]",cangzhou_man2~beijing_edge4
cangzhou_man2,22,tianjin_cloud1,15,2.88,cangzhou_man2-tianjin_core1-tianjin_cloud1,"[cangzhou_man2-tianjin_core1],[tianjin_core1-tianjin_cloud1]",cangzhou_man2~tianjin_cloud1
cangzhou_man2,22,tianjin_cloud2,16,2.88,cangzhou_man2-tianjin_core2-tianjin_cloud2,"[cangzhou_man2-tianjin_core2],[tianjin_core2-tianjin_cloud2]",cangzhou_man2~tianjin_cloud2
cangzhou_man2,22,tianjin_edge1,17,3.88,cangzhou_man2-tianjin_core1-tianjin_man1-tianjin_edge1,"[cangzhou_man2-tianjin_core1],[tianjin_core1-tianjin_man1],[tianjin_man1-tianjin_edge1]",cangzhou_man2~tianjin_edge1
cangzhou_man2,22,tianjin_edge2,18,3.88,cangzhou_man2-tianjin_core1-tianjin_man2-tianjin_edge2,"[cangzhou_man2-tianjin_core1],[tianjin_core1-tianjin_man2],[tianjin_man2-tianjin_edge2]",cangzhou_man2~tianjin_edge2
cangzhou_man2,22,tianjin_edge3,19,4.38,cangzhou_man2-tianjin_core1-tianjin_man1-tianjin_edge3,"[cangzhou_man2-tianjin_core1],[tianjin_core1-tianjin_man1],[tianjin_man1-tianjin_edge3]",cangzhou_man2~tianjin_edge3
cangzhou_man2,22,tianjin_edge4,20,4.38,cangzhou_man2-tianjin_core1-tianjin_man1-tianjin_edge4,"[cangzhou_man2-tianjin_core1],[tianjin_core1-tianjin_man1],[tianjin_man1-tianjin_edge4]",cangzhou_man2~tianjin_edge4
cangzhou_man2,22,shijiangzhuang_cloud,24,5.67,cangzhou_man2-shijiangzhuang_core-shijiangzhuang_cloud,"[cangzhou_man2-shijiangzhuang_core],[shijiangzhuang_core-shijiangzhuang_cloud]",cangzhou_man2~shijiangzhuang_cloud
cangzhou_man2,22,baoding_cloud,36,10.18,cangzhou_man2-shijiangzhuang_core-baoding_man1-baoding_cloud,"[cangzhou_man2-shijiangzhuang_core],[shijiangzhuang_core-baoding_man1],[baoding_man1-baoding_cloud]",cangzhou_man2~baoding_cloud
cangzhou_man2,22,zhangjiako_cloud,39,11.08,cangzhou_man2-tianjin_core1-beijing_core1-zhangjiako_man2-zhangjiako_cloud,"[cangzhou_man2-tianjin_core1],[tianjin_core1-beijing_core1],[beijing_core1-zhangjiako_man2],[zhangjiako_man2-zhangjiako_cloud]",cangzhou_man2~zhangjiako_cloud
cangzhou_man2,22,shijiangzhuang_edge1,48,6.67,cangzhou_man2-shijiangzhuang_core-shijiangzhuang_man1-shijiangzhuang_edge1,"[cangzhou_man2-shijiangzhuang_core],[shijiangzhuang_core-shijiangzhuang_man1],[shijiangzhuang_man1-shijiangzhuang_edge1]",cangzhou_man2~shijiangzhuang_edge1
cangzhou_man2,22,shijiangzhuang_edge2,49,6.67,cangzhou_man2-shijiangzhuang_core-shijiangzhuang_man2-shijiangzhuang_edge2,"[cangzhou_man2-shijiangzhuang_core],[shijiangzhuang_core-shijiangzhuang_man2],[shijiangzhuang_man2-shijiangzhuang_edge2]",cangzhou_man2~shijiangzhuang_edge2
cangzhou_man2,22,tangshan_edge1,50,5.88,cangzhou_man2-tianjin_core1-tangshan_core-tangshan_man1-tangshan_edge1,"[cangzhou_man2-tianjin_core1],[tianjin_core1-tangshan_core],[tangshan_core-tangshan_man1],[tangshan_man1-tangshan_edge1]",cangzhou_man2~tangshan_edge1
cangzhou_man2,22,tangshan_edge2,51,5.88,cangzhou_man2-tianjin_core1-tangshan_core-tangshan_man2-tangshan_edge2,"[cangzhou_man2-tianjin_core1],[tianjin_core1-tangshan_core],[tangshan_core-tangshan_man2],[tangshan_man2-tangshan_edge2]",cangzhou_man2~tangshan_edge2
cangzhou_man2,22,qhd_edge1,52,8.38,cangzhou_man2-tianjin_core1-tangshan_core-qhd_man1-qhd_edge1,"[cangzhou_man2-tianjin_core1],[tianjin_core1-tangshan_core],[tangshan_core-qhd_man1],[qhd_man1-qhd_edge1]",cangzhou_man2~qhd_edge1
cangzhou_man2,22,qhd_edge2,53,8.95,cangzhou_man2-tianjin_core1-tangshan_core-qhd_man2-qhd_edge2,"[cangzhou_man2-tianjin_core1],[tianjin_core1-tangshan_core],[tangshan_core-qhd_man2],[qhd_man2-qhd_edge2]",cangzhou_man2~qhd_edge2
cangzhou_man2,22,handan_edge1,54,9.77,cangzhou_man2-shijiangzhuang_core-handan_man1-handan_edge1,"[cangzhou_man2-shijiangzhuang_core],[shijiangzhuang_core-handan_man1],[handan_man1-handan_edge1]",cangzhou_man2~handan_edge1
cangzhou_man2,22,handan_edge2,55,9.77,cangzhou_man2-shijiangzhuang_core-handan_man2-handan_edge2,"[cangzhou_man2-shijiangzhuang_core],[shijiangzhuang_core-handan_man2],[handan_man2-handan_edge2]",cangzhou_man2~handan_edge2
cangzhou_man2,22,xingtai_edge1,56,8.67,cangzhou_man2-shijiangzhuang_core-xingtai_man1-xingtai_edge1,"[cangzhou_man2-shijiangzhuang_core],[shijiangzhuang_core-xingtai_man1],[xingtai_man1-xingtai_edge1]",cangzhou_man2~xingtai_edge1
cangzhou_man2,22,xingtai_edge2,57,8.67,cangzhou_man2-shijiangzhuang_core-xingtai_man2-xingtai_edge2,"[cangzhou_man2-shijiangzhuang_core],[shijiangzhuang_core-xingtai_man2],[xingtai_man2-xingtai_edge2]",cangzhou_man2~xingtai_edge2
cangzhou_man2,22,baoding_edge1,58,9.18,cangzhou_man2-shijiangzhuang_core-baoding_man1-baoding_edge1,"[cangzhou_man2-shijiangzhuang_core],[shijiangzhuang_core-baoding_man1],[baoding_man1-baoding_edge1]",cangzhou_man2~baoding_edge1
cangzhou_man2,22,baoding_edge2,59,9.18,cangzhou_man2-shijiangzhuang_core-baoding_man2-baoding_edge2,"[cangzhou_man2-shijiangzhuang_core],[shijiangzhuang_core-baoding_man2],[baoding_man2-baoding_edge2]",cangzhou_man2~baoding_edge2
cangzhou_man2,22,zhangjiako_edge1,60,10.08,cangzhou_man2-tianjin_core1-beijing_core1-zhangjiako_man1-zhangjiako_edge1,"[cangzhou_man2-tianjin_core1],[tianjin_core1-beijing_core1],[beijing_core1-zhangjiako_man1],[zhangjiako_man1-zhangjiako_edge1]",cangzhou_man2~zhangjiako_edge1
cangzhou_man2,22,zhangjiako_edge2,61,10.08,cangzhou_man2-tianjin_core1-beijing_core1-zhangjiako_man2-zhangjiako_edge2,"[cangzhou_man2-tianjin_core1],[tianjin_core1-beijing_core1],[beijing_core1-zhangjiako_man2],[zhangjiako_man2-zhangjiako_edge2]",cangzhou_man2~zhangjiako_edge2
cangzhou_man2,22,chengde_edge1,62,9.6,cangzhou_man2-tianjin_core1-tangshan_core-chengde_man1-chengde_edge1,"[cangzhou_man2-tianjin_core1],[tianjin_core1-tangshan_core],[tangshan_core-chengde_man1],[chengde_man1-chengde_edge1]",cangzhou_man2~chengde_edge1
cangzhou_man2,22,chengde_edge2,63,9.99,cangzhou_man2-tianjin_core1-tangshan_core-chengde_man2-chengde_edge2,"[cangzhou_man2-tianjin_core1],[tianjin_core1-tangshan_core],[tangshan_core-chengde_man2],[chengde_man2-chengde_edge2]",cangzhou_man2~chengde_edge2
cangzhou_man2,22,cangzhou_edge1,64,1.1,cangzhou_man2-cangzhou_edge1,[cangzhou_man2-cangzhou_edge1],cangzhou_man2~cangzhou_edge1
cangzhou_man2,22,cangzhou_edge2,65,0.1,cangzhou_man2-cangzhou_edge2,[cangzhou_man2-cangzhou_edge2],cangzhou_man2~cangzhou_edge2
cangzhou_man2,22,langfang_edge1,66,6.71,cangzhou_man2-tianjin_core1-beijing_core1-langfang_man1-langfang_edge1,"[cangzhou_man2-tianjin_core1],[tianjin_core1-beijing_core1],[beijing_core1-langfang_man1],[langfang_man1-langfang_edge1]",cangzhou_man2~langfang_edge1
cangzhou_man2,22,langfang_edge2,67,6.71,cangzhou_man2-tianjin_core1-beijing_core1-langfang_man2-langfang_edge2,"[cangzhou_man2-tianjin_core1],[tianjin_core1-beijing_core1],[beijing_core1-langfang_man2],[langfang_man2-langfang_edge2]",cangzhou_man2~langfang_edge2
cangzhou_man2,22,hengshui_edge1,68,8.64,cangzhou_man2-shijiangzhuang_core-hengshui_man1-hengshui_edge1,"[cangzhou_man2-shijiangzhuang_core],[shijiangzhuang_core-hengshui_man1],[hengshui_man1-hengshui_edge1]",cangzhou_man2~hengshui_edge1
cangzhou_man2,22,hengshui_edge2,69,8.64,cangzhou_man2-shijiangzhuang_core-hengshui_man2-hengshui_edge2,"[cangzhou_man2-shijiangzhuang_core],[shijiangzhuang_core-hengshui_man2],[hengshui_man2-hengshui_edge2]",cangzhou_man2~hengshui_edge2
langfang_man1,23,beijing_cloud1,5,1.47,langfang_man1-beijing_core1-beijing_cloud1,"[langfang_man1-beijing_core1],[beijing_core1-beijing_cloud1]",langfang_man1~beijing_cloud1
langfang_man1,23,beijing_cloud2,6,1.47,langfang_man1-beijing_core2-beijing_cloud2,"[langfang_man1-beijing_core2],[beijing_core2-beijing_cloud2]",langfang_man1~beijing_cloud2
langfang_man1,23,beijing_edge1,7,2.47,langfang_man1-beijing_core2-beijing_man1-beijing_edge1,"[langfang_man1-beijing_core2],[beijing_core2-beijing_man1],[beijing_man1-beijing_edge1]",langfang_man1~beijing_edge1
langfang_man1,23,beijing_edge2,8,2.47,langfang_man1-beijing_core2-beijing_man2-beijing_edge2,"[langfang_man1-beijing_core2],[beijing_core2-beijing_man2],[beijing_man2-beijing_edge2]",langfang_man1~beijing_edge2
langfang_man1,23,beijing_edge3,9,2.97,langfang_man1-beijing_core2-beijing_man1-beijing_edge3,"[langfang_man1-beijing_core2],[beijing_core2-beijing_man1],[beijing_man1-beijing_edge3]",langfang_man1~beijing_edge3
langfang_man1,23,beijing_edge4,10,2.97,langfang_man1-beijing_core2-beijing_man1-beijing_edge4,"[langfang_man1-beijing_core2],[beijing_core2-beijing_man1],[beijing_man1-beijing_edge4]",langfang_man1~beijing_edge4
langfang_man1,23,tianjin_cloud1,15,3.93,langfang_man1-beijing_core1-tianjin_core1-tianjin_cloud1,"[langfang_man1-beijing_core1],[beijing_core1-tianjin_core1],[tianjin_core1-tianjin_cloud1]",langfang_man1~tianjin_cloud1
langfang_man1,23,tianjin_cloud2,16,4.93,langfang_man1-beijing_core1-tianjin_core1-tianjin_cloud2,"[langfang_man1-beijing_core1],[beijing_core1-tianjin_core1],[tianjin_core1-tianjin_cloud2]",langfang_man1~tianjin_cloud2
langfang_man1,23,tianjin_edge1,17,4.93,langfang_man1-beijing_core1-tianjin_core1-tianjin_man1-tianjin_edge1,"[langfang_man1-beijing_core1],[beijing_core1-tianjin_core1],[tianjin_core1-tianjin_man1],[tianjin_man1-tianjin_edge1]",langfang_man1~tianjin_edge1
langfang_man1,23,tianjin_edge2,18,4.93,langfang_man1-beijing_core1-tianjin_core1-tianjin_man2-tianjin_edge2,"[langfang_man1-beijing_core1],[beijing_core1-tianjin_core1],[tianjin_core1-tianjin_man2],[tianjin_man2-tianjin_edge2]",langfang_man1~tianjin_edge2
langfang_man1,23,tianjin_edge3,19,5.43,langfang_man1-beijing_core1-tianjin_core1-tianjin_man2-tianjin_edge3,"[langfang_man1-beijing_core1],[beijing_core1-tianjin_core1],[tianjin_core1-tianjin_man2],[tianjin_man2-tianjin_edge3]",langfang_man1~tianjin_edge3
langfang_man1,23,tianjin_edge4,20,5.43,langfang_man1-beijing_core1-tianjin_core1-tianjin_man2-tianjin_edge4,"[langfang_man1-beijing_core1],[beijing_core1-tianjin_core1],[tianjin_core1-tianjin_man2],[tianjin_man2-tianjin_edge4]",langfang_man1~tianjin_edge4
langfang_man1,23,shijiangzhuang_cloud,24,7.23,langfang_man1-shijiangzhuang_core-shijiangzhuang_cloud,"[langfang_man1-shijiangzhuang_core],[shijiangzhuang_core-shijiangzhuang_cloud]",langfang_man1~shijiangzhuang_cloud
langfang_man1,23,baoding_cloud,36,11.13,langfang_man1-tangshan_core-baoding_man2-baoding_cloud,"[langfang_man1-tangshan_core],[tangshan_core-baoding_man2],[baoding_man2-baoding_cloud]",langfang_man1~baoding_cloud
langfang_man1,23,zhangjiako_cloud,39,7.2,langfang_man1-beijing_core2-zhangjiako_man1-zhangjiako_cloud,"[langfang_man1-beijing_core2],[beijing_core2-zhangjiako_man1],[zhangjiako_man1-zhangjiako_cloud]",langfang_man1~zhangjiako_cloud
langfang_man1,23,shijiangzhuang_edge1,48,8.23,langfang_man1-shijiangzhuang_core-shijiangzhuang_man1-shijiangzhuang_edge1,"[langfang_man1-shijiangzhuang_core],[shijiangzhuang_core-shijiangzhuang_man1],[shijiangzhuang_man1-shijiangzhuang_edge1]",langfang_man1~shijiangzhuang_edge1
langfang_man1,23,shijiangzhuang_edge2,49,8.23,langfang_man1-shijiangzhuang_core-shijiangzhuang_man2-shijiangzhuang_edge2,"[langfang_man1-shijiangzhuang_core],[shijiangzhuang_core-shijiangzhuang_man2],[shijiangzhuang_man2-shijiangzhuang_edge2]",langfang_man1~shijiangzhuang_edge2
langfang_man1,23,tangshan_edge1,50,5.15,langfang_man1-tangshan_core-tangshan_man1-tangshan_edge1,"[langfang_man1-tangshan_core],[tangshan_core-tangshan_man1],[tangshan_man1-tangshan_edge1]",langfang_man1~tangshan_edge1
langfang_man1,23,tangshan_edge2,51,5.15,langfang_man1-tangshan_core-tangshan_man2-tangshan_edge2,"[langfang_man1-tangshan_core],[tangshan_core-tangshan_man2],[tangshan_man2-tangshan_edge2]",langfang_man1~tangshan_edge2
langfang_man1,23,qhd_edge1,52,7.65,langfang_man1-tangshan_core-qhd_man1-qhd_edge1,"[langfang_man1-tangshan_core],[tangshan_core-qhd_man1],[qhd_man1-qhd_edge1]",langfang_man1~qhd_edge1
langfang_man1,23,qhd_edge2,53,8.21,langfang_man1-tangshan_core-qhd_man2-qhd_edge2,"[langfang_man1-tangshan_core],[tangshan_core-qhd_man2],[qhd_man2-qhd_edge2]",langfang_man1~qhd_edge2
langfang_man1,23,handan_edge1,54,11.33,langfang_man1-shijiangzhuang_core-handan_man1-handan_edge1,"[langfang_man1-shijiangzhuang_core],[shijiangzhuang_core-handan_man1],[handan_man1-handan_edge1]",langfang_man1~handan_edge1
langfang_man1,23,handan_edge2,55,11.33,langfang_man1-shijiangzhuang_core-handan_man2-handan_edge2,"[langfang_man1-shijiangzhuang_core],[shijiangzhuang_core-handan_man2],[handan_man2-handan_edge2]",langfang_man1~handan_edge2
langfang_man1,23,xingtai_edge1,56,10.23,langfang_man1-shijiangzhuang_core-xingtai_man1-xingtai_edge1,"[langfang_man1-shijiangzhuang_core],[shijiangzhuang_core-xingtai_man1],[xingtai_man1-xingtai_edge1]",langfang_man1~xingtai_edge1
langfang_man1,23,xingtai_edge2,57,10.23,langfang_man1-shijiangzhuang_core-xingtai_man2-xingtai_edge2,"[langfang_man1-shijiangzhuang_core],[shijiangzhuang_core-xingtai_man2],[xingtai_man2-xingtai_edge2]",langfang_man1~xingtai_edge2
langfang_man1,23,baoding_edge1,58,10.74,langfang_man1-shijiangzhuang_core-baoding_man1-baoding_edge1,"[langfang_man1-shijiangzhuang_core],[shijiangzhuang_core-baoding_man1],[baoding_man1-baoding_edge1]",langfang_man1~baoding_edge1
langfang_man1,23,baoding_edge2,59,10.13,langfang_man1-tangshan_core-baoding_man2-baoding_edge2,"[langfang_man1-tangshan_core],[tangshan_core-baoding_man2],[baoding_man2-baoding_edge2]",langfang_man1~baoding_edge2
langfang_man1,23,zhangjiako_edge1,60,6.2,langfang_man1-beijing_core2-zhangjiako_man1-zhangjiako_edge1,"[langfang_man1-beijing_core2],[beijing_core2-zhangjiako_man1],[zhangjiako_man1-zhangjiako_edge1]",langfang_man1~zhangjiako_edge1
langfang_man1,23,zhangjiako_edge2,61,6.2,langfang_man1-beijing_core1-zhangjiako_man2-zhangjiako_edge2,"[langfang_man1-beijing_core1],[beijing_core1-zhangjiako_man2],[zhangjiako_man2-zhangjiako_edge2]",langfang_man1~zhangjiako_edge2
langfang_man1,23,chengde_edge1,62,6.96,langfang_man1-beijing_core1-chengde_man1-chengde_edge1,"[langfang_man1-beijing_core1],[beijing_core1-chengde_man1],[chengde_man1-chengde_edge1]",langfang_man1~chengde_edge1
langfang_man1,23,chengde_edge2,63,6.96,langfang_man1-beijing_core2-chengde_man2-chengde_edge2,"[langfang_man1-beijing_core2],[beijing_core2-chengde_man2],[chengde_man2-chengde_edge2]",langfang_man1~chengde_edge2
langfang_man1,23,cangzhou_edge1,64,6.71,langfang_man1-beijing_core1-tianjin_core1-cangzhou_man1-cangzhou_edge1,"[langfang_man1-beijing_core1],[beijing_core1-tianjin_core1],[tianjin_core1-cangzhou_man1],[cangzhou_man1-cangzhou_edge1]",langfang_man1~cangzhou_edge1
langfang_man1,23,cangzhou_edge2,65,6.71,langfang_man1-beijing_core1-tianjin_core1-cangzhou_man2-cangzhou_edge2,"[langfang_man1-beijing_core1],[beijing_core1-tianjin_core1],[tianjin_core1-cangzhou_man2],[cangzhou_man2-cangzhou_edge2]",langfang_man1~cangzhou_edge2
langfang_man1,23,langfang_edge1,66,0.1,langfang_man1-langfang_edge1,[langfang_man1-langfang_edge1],langfang_man1~langfang_edge1
langfang_man1,23,langfang_edge2,67,1.1,langfang_man1-langfang_edge2,[langfang_man1-langfang_edge2],langfang_man1~langfang_edge2
langfang_man1,23,hengshui_edge1,68,10.21,langfang_man1-shijiangzhuang_core-hengshui_man1-hengshui_edge1,"[langfang_man1-shijiangzhuang_core],[shijiangzhuang_core-hengshui_man1],[hengshui_man1-hengshui_edge1]",langfang_man1~hengshui_edge1
langfang_man1,23,hengshui_edge2,69,10.21,langfang_man1-shijiangzhuang_core-hengshui_man2-hengshui_edge2,"[langfang_man1-shijiangzhuang_core],[shijiangzhuang_core-hengshui_man2],[hengshui_man2-hengshui_edge2]",langfang_man1~hengshui_edge2
langfang_man2,24,beijing_cloud1,5,1.47,langfang_man2-beijing_core1-beijing_cloud1,"[langfang_man2-beijing_core1],[beijing_core1-beijing_cloud1]",langfang_man2~beijing_cloud1
langfang_man2,24,beijing_cloud2,6,1.47,langfang_man2-beijing_core2-beijing_cloud2,"[langfang_man2-beijing_core2],[beijing_core2-beijing_cloud2]",langfang_man2~beijing_cloud2
langfang_man2,24,beijing_edge1,7,2.47,langfang_man2-beijing_core2-beijing_man1-beijing_edge1,"[langfang_man2-beijing_core2],[beijing_core2-beijing_man1],[beijing_man1-beijing_edge1]",langfang_man2~beijing_edge1
langfang_man2,24,beijing_edge2,8,2.47,langfang_man2-beijing_core2-beijing_man2-beijing_edge2,"[langfang_man2-beijing_core2],[beijing_core2-beijing_man2],[beijing_man2-beijing_edge2]",langfang_man2~beijing_edge2
langfang_man2,24,beijing_edge3,9,2.97,langfang_man2-beijing_core2-beijing_man1-beijing_edge3,"[langfang_man2-beijing_core2],[beijing_core2-beijing_man1],[beijing_man1-beijing_edge3]",langfang_man2~beijing_edge3
langfang_man2,24,beijing_edge4,10,2.97,langfang_man2-beijing_core2-beijing_man1-beijing_edge4,"[langfang_man2-beijing_core2],[beijing_core2-beijing_man1],[beijing_man1-beijing_edge4]",langfang_man2~beijing_edge4
langfang_man2,24,tianjin_cloud1,15,3.93,langfang_man2-beijing_core1-tianjin_core1-tianjin_cloud1,"[langfang_man2-beijing_core1],[beijing_core1-tianjin_core1],[tianjin_core1-tianjin_cloud1]",langfang_man2~tianjin_cloud1
langfang_man2,24,tianjin_cloud2,16,4.93,langfang_man2-beijing_core1-tianjin_core1-tianjin_cloud2,"[langfang_man2-beijing_core1],[beijing_core1-tianjin_core1],[tianjin_core1-tianjin_cloud2]",langfang_man2~tianjin_cloud2
langfang_man2,24,tianjin_edge1,17,4.93,langfang_man2-beijing_core1-tianjin_core1-tianjin_man1-tianjin_edge1,"[langfang_man2-beijing_core1],[beijing_core1-tianjin_core1],[tianjin_core1-tianjin_man1],[tianjin_man1-tianjin_edge1]",langfang_man2~tianjin_edge1
langfang_man2,24,tianjin_edge2,18,4.93,langfang_man2-beijing_core1-tianjin_core1-tianjin_man2-tianjin_edge2,"[langfang_man2-beijing_core1],[beijing_core1-tianjin_core1],[tianjin_core1-tianjin_man2],[tianjin_man2-tianjin_edge2]",langfang_man2~tianjin_edge2
langfang_man2,24,tianjin_edge3,19,5.43,langfang_man2-beijing_core1-tianjin_core1-tianjin_man2-tianjin_edge3,"[langfang_man2-beijing_core1],[beijing_core1-tianjin_core1],[tianjin_core1-tianjin_man2],[tianjin_man2-tianjin_edge3]",langfang_man2~tianjin_edge3
langfang_man2,24,tianjin_edge4,20,5.43,langfang_man2-beijing_core1-tianjin_core1-tianjin_man1-tianjin_edge4,"[langfang_man2-beijing_core1],[beijing_core1-tianjin_core1],[tianjin_core1-tianjin_man1],[tianjin_man1-tianjin_edge4]",langfang_man2~tianjin_edge4
langfang_man2,24,shijiangzhuang_cloud,24,7.23,langfang_man2-shijiangzhuang_core-shijiangzhuang_cloud,"[langfang_man2-shijiangzhuang_core],[shijiangzhuang_core-shijiangzhuang_cloud]",langfang_man2~shijiangzhuang_cloud
langfang_man2,24,baoding_cloud,36,10.3,langfang_man2-tangshan_core-baoding_man2-baoding_cloud,"[langfang_man2-tangshan_core],[tangshan_core-baoding_man2],[baoding_man2-baoding_cloud]",langfang_man2~baoding_cloud
langfang_man2,24,zhangjiako_cloud,39,7.2,langfang_man2-beijing_core1-zhangjiako_man1-zhangjiako_cloud,"[langfang_man2-beijing_core1],[beijing_core1-zhangjiako_man1],[zhangjiako_man1-zhangjiako_cloud]",langfang_man2~zhangjiako_cloud
langfang_man2,24,shijiangzhuang_edge1,48,8.23,langfang_man2-shijiangzhuang_core-shijiangzhuang_man1-shijiangzhuang_edge1,"[langfang_man2-shijiangzhuang_core],[shijiangzhuang_core-shijiangzhuang_man1],[shijiangzhuang_man1-shijiangzhuang_edge1]",langfang_man2~shijiangzhuang_edge1
langfang_man2,24,shijiangzhuang_edge2,49,8.23,langfang_man2-shijiangzhuang_core-shijiangzhuang_man2-shijiangzhuang_edge2,"[langfang_man2-shijiangzhuang_core],[shijiangzhuang_core-shijiangzhuang_man2],[shijiangzhuang_man2-shijiangzhuang_edge2]",langfang_man2~shijiangzhuang_edge2
langfang_man2,24,tangshan_edge1,50,4.31,langfang_man2-tangshan_core-tangshan_man1-tangshan_edge1,"[langfang_man2-tangshan_core],[tangshan_core-tangshan_man1],[tangshan_man1-tangshan_edge1]",langfang_man2~tangshan_edge1
langfang_man2,24,tangshan_edge2,51,4.31,langfang_man2-tangshan_core-tangshan_man2-tangshan_edge2,"[langfang_man2-tangshan_core],[tangshan_core-tangshan_man2],[tangshan_man2-tangshan_edge2]",langfang_man2~tangshan_edge2
langfang_man2,24,qhd_edge1,52,6.81,langfang_man2-tangshan_core-qhd_man1-qhd_edge1,"[langfang_man2-tangshan_core],[tangshan_core-qhd_man1],[qhd_man1-qhd_edge1]",langfang_man2~qhd_edge1
langfang_man2,24,qhd_edge2,53,7.37,langfang_man2-tangshan_core-qhd_man2-qhd_edge2,"[langfang_man2-tangshan_core],[tangshan_core-qhd_man2],[qhd_man2-qhd_edge2]",langfang_man2~qhd_edge2
langfang_man2,24,handan_edge1,54,11.33,langfang_man2-shijiangzhuang_core-handan_man1-handan_edge1,"[langfang_man2-shijiangzhuang_core],[shijiangzhuang_core-handan_man1],[handan_man1-handan_edge1]",langfang_man2~handan_edge1
langfang_man2,24,handan_edge2,55,11.33,langfang_man2-shijiangzhuang_core-handan_man2-handan_edge2,"[langfang_man2-shijiangzhuang_core],[shijiangzhuang_core-handan_man2],[handan_man2-handan_edge2]",langfang_man2~handan_edge2
langfang_man2,24,xingtai_edge1,56,10.23,langfang_man2-shijiangzhuang_core-xingtai_man1-xingtai_edge1,"[langfang_man2-shijiangzhuang_core],[shijiangzhuang_core-xingtai_man1],[xingtai_man1-xingtai_edge1]",langfang_man2~xingtai_edge1
langfang_man2,24,xingtai_edge2,57,10.23,langfang_man2-shijiangzhuang_core-xingtai_man2-xingtai_edge2,"[langfang_man2-shijiangzhuang_core],[shijiangzhuang_core-xingtai_man2],[xingtai_man2-xingtai_edge2]",langfang_man2~xingtai_edge2
langfang_man2,24,baoding_edge1,58,10.3,langfang_man2-tangshan_core-baoding_man2-baoding_edge1,"[langfang_man2-tangshan_core],[tangshan_core-baoding_man2],[baoding_man2-baoding_edge1]",langfang_man2~baoding_edge1
langfang_man2,24,baoding_edge2,59,9.3,langfang_man2-tangshan_core-baoding_man2-baoding_edge2,"[langfang_man2-tangshan_core],[tangshan_core-baoding_man2],[baoding_man2-baoding_edge2]",langfang_man2~baoding_edge2
langfang_man2,24,zhangjiako_edge1,60,6.2,langfang_man2-beijing_core1-zhangjiako_man1-zhangjiako_edge1,"[langfang_man2-beijing_core1],[beijing_core1-zhangjiako_man1],[zhangjiako_man1-zhangjiako_edge1]",langfang_man2~zhangjiako_edge1
langfang_man2,24,zhangjiako_edge2,61,6.2,langfang_man2-beijing_core1-zhangjiako_man2-zhangjiako_edge2,"[langfang_man2-beijing_core1],[beijing_core1-zhangjiako_man2],[zhangjiako_man2-zhangjiako_edge2]",langfang_man2~zhangjiako_edge2
langfang_man2,24,chengde_edge1,62,6.96,langfang_man2-beijing_core1-chengde_man1-chengde_edge1,"[langfang_man2-beijing_core1],[beijing_core1-chengde_man1],[chengde_man1-chengde_edge1]",langfang_man2~chengde_edge1
langfang_man2,24,chengde_edge2,63,6.96,langfang_man2-beijing_core1-chengde_man2-chengde_edge2,"[langfang_man2-beijing_core1],[beijing_core1-chengde_man2],[chengde_man2-chengde_edge2]",langfang_man2~chengde_edge2
langfang_man2,24,cangzhou_edge1,64,6.71,langfang_man2-beijing_core1-tianjin_core1-cangzhou_man1-cangzhou_edge1,"[langfang_man2-beijing_core1],[beijing_core1-tianjin_core1],[tianjin_core1-cangzhou_man1],[cangzhou_man1-cangzhou_edge1]",langfang_man2~cangzhou_edge1
langfang_man2,24,cangzhou_edge2,65,6.71,langfang_man2-beijing_core1-tianjin_core1-cangzhou_man2-cangzhou_edge2,"[langfang_man2-beijing_core1],[beijing_core1-tianjin_core1],[tianjin_core1-cangzhou_man2],[cangzhou_man2-cangzhou_edge2]",langfang_man2~cangzhou_edge2
langfang_man2,24,langfang_edge1,66,1.1,langfang_man2-langfang_edge1,[langfang_man2-langfang_edge1],langfang_man2~langfang_edge1
langfang_man2,24,langfang_edge2,67,0.1,langfang_man2-langfang_edge2,[langfang_man2-langfang_edge2],langfang_man2~langfang_edge2
langfang_man2,24,hengshui_edge1,68,10.21,langfang_man2-shijiangzhuang_core-hengshui_man1-hengshui_edge1,"[langfang_man2-shijiangzhuang_core],[shijiangzhuang_core-hengshui_man1],[hengshui_man1-hengshui_edge1]",langfang_man2~hengshui_edge1
langfang_man2,24,hengshui_edge2,69,10.21,langfang_man2-shijiangzhuang_core-hengshui_man2-hengshui_edge2,"[langfang_man2-shijiangzhuang_core],[shijiangzhuang_core-hengshui_man2],[hengshui_man2-hengshui_edge2]",langfang_man2~hengshui_edge2
hengshui_man1,25,beijing_cloud1,5,10.07,hengshui_man1-shijiangzhuang_core-beijing_core2-beijing_cloud1,"[hengshui_man1-shijiangzhuang_core],[shijiangzhuang_core-beijing_core2],[beijing_core2-beijing_cloud1]",hengshui_man1~beijing_cloud1
hengshui_man1,25,beijing_cloud2,6,9.07,hengshui_man1-shijiangzhuang_core-beijing_core2-beijing_cloud2,"[hengshui_man1-shijiangzhuang_core],[shijiangzhuang_core-beijing_core2],[beijing_core2-beijing_cloud2]",hengshui_man1~beijing_cloud2
hengshui_man1,25,beijing_edge1,7,10.07,hengshui_man1-shijiangzhuang_core-beijing_core2-beijing_man1-beijing_edge1,"[hengshui_man1-shijiangzhuang_core],[shijiangzhuang_core-beijing_core2],[beijing_core2-beijing_man1],[beijing_man1-beijing_edge1]",hengshui_man1~beijing_edge1
hengshui_man1,25,beijing_edge2,8,10.07,hengshui_man1-shijiangzhuang_core-beijing_core2-beijing_man2-beijing_edge2,"[hengshui_man1-shijiangzhuang_core],[shijiangzhuang_core-beijing_core2],[beijing_core2-beijing_man2],[beijing_man2-beijing_edge2]",hengshui_man1~beijing_edge2
hengshui_man1,25,beijing_edge3,9,10.57,hengshui_man1-shijiangzhuang_core-beijing_core2-beijing_man2-beijing_edge3,"[hengshui_man1-shijiangzhuang_core],[shijiangzhuang_core-beijing_core2],[beijing_core2-beijing_man2],[beijing_man2-beijing_edge3]",hengshui_man1~beijing_edge3
hengshui_man1,25,beijing_edge4,10,10.57,hengshui_man1-shijiangzhuang_core-beijing_core2-beijing_man2-beijing_edge4,"[hengshui_man1-shijiangzhuang_core],[shijiangzhuang_core-beijing_core2],[beijing_core2-beijing_man2],[beijing_man2-beijing_edge4]",hengshui_man1~beijing_edge4
hengshui_man1,25,tianjin_cloud1,15,10.47,hengshui_man1-shijiangzhuang_core-tianjin_core1-tianjin_cloud1,"[hengshui_man1-shijiangzhuang_core],[shijiangzhuang_core-tianjin_core1],[tianjin_core1-tianjin_cloud1]",hengshui_man1~tianjin_cloud1
hengshui_man1,25,tianjin_cloud2,16,11.42,hengshui_man1-shijiangzhuang_core-cangzhou_man1-tianjin_core2-tianjin_cloud2,"[hengshui_man1-shijiangzhuang_core],[shijiangzhuang_core-cangzhou_man1],[cangzhou_man1-tianjin_core2],[tianjin_core2-tianjin_cloud2]",hengshui_man1~tianjin_cloud2
hengshui_man1,25,tianjin_edge1,17,11.47,hengshui_man1-shijiangzhuang_core-tianjin_core1-tianjin_man1-tianjin_edge1,"[hengshui_man1-shijiangzhuang_core],[shijiangzhuang_core-tianjin_core1],[tianjin_core1-tianjin_man1],[tianjin_man1-tianjin_edge1]",hengshui_man1~tianjin_edge1
hengshui_man1,25,tianjin_edge2,18,11.47,hengshui_man1-shijiangzhuang_core-tianjin_core1-tianjin_man2-tianjin_edge2,"[hengshui_man1-shijiangzhuang_core],[shijiangzhuang_core-tianjin_core1],[tianjin_core1-tianjin_man2],[tianjin_man2-tianjin_edge2]",hengshui_man1~tianjin_edge2
hengshui_man1,25,tianjin_edge3,19,11.97,hengshui_man1-shijiangzhuang_core-tianjin_core1-tianjin_man2-tianjin_edge3,"[hengshui_man1-shijiangzhuang_core],[shijiangzhuang_core-tianjin_core1],[tianjin_core1-tianjin_man2],[tianjin_man2-tianjin_edge3]",hengshui_man1~tianjin_edge3
hengshui_man1,25,tianjin_edge4,20,11.97,hengshui_man1-shijiangzhuang_core-tianjin_core1-tianjin_man2-tianjin_edge4,"[hengshui_man1-shijiangzhuang_core],[shijiangzhuang_core-tianjin_core1],[tianjin_core1-tianjin_man2],[tianjin_man2-tianjin_edge4]",hengshui_man1~tianjin_edge4
hengshui_man1,25,shijiangzhuang_cloud,24,3.08,hengshui_man1-shijiangzhuang_core-shijiangzhuang_cloud,"[hengshui_man1-shijiangzhuang_core],[shijiangzhuang_core-shijiangzhuang_cloud]",hengshui_man1~shijiangzhuang_cloud
hengshui_man1,25,baoding_cloud,36,7.59,hengshui_man1-shijiangzhuang_core-baoding_man1-baoding_cloud,"[hengshui_man1-shijiangzhuang_core],[shijiangzhuang_core-baoding_man1],[baoding_man1-baoding_cloud]",hengshui_man1~baoding_cloud
hengshui_man1,25,zhangjiako_cloud,39,13.28,hengshui_man1-shijiangzhuang_core-zhangjiako_man1-zhangjiako_cloud,"[hengshui_man1-shijiangzhuang_core],[shijiangzhuang_core-zhangjiako_man1],[zhangjiako_man1-zhangjiako_cloud]",hengshui_man1~zhangjiako_cloud
hengshui_man1,25,shijiangzhuang_edge1,48,4.08,hengshui_man1-shijiangzhuang_core-shijiangzhuang_man1-shijiangzhuang_edge1,"[hengshui_man1-shijiangzhuang_core],[shijiangzhuang_core-shijiangzhuang_man1],[shijiangzhuang_man1-shijiangzhuang_edge1]",hengshui_man1~shijiangzhuang_edge1
hengshui_man1,25,shijiangzhuang_edge2,49,4.08,hengshui_man1-shijiangzhuang_core-shijiangzhuang_man2-shijiangzhuang_edge2,"[hengshui_man1-shijiangzhuang_core],[shijiangzhuang_core-shijiangzhuang_man2],[shijiangzhuang_man2-shijiangzhuang_edge2]",hengshui_man1~shijiangzhuang_edge2
hengshui_man1,25,tangshan_edge1,50,10.62,hengshui_man1-hengshui_man2-tangshan_core-tangshan_man1-tangshan_edge1,"[hengshui_man1-hengshui_man2],[hengshui_man2-tangshan_core],[tangshan_core-tangshan_man1],[tangshan_man1-tangshan_edge1]",hengshui_man1~tangshan_edge1
hengshui_man1,25,tangshan_edge2,51,10.62,hengshui_man1-hengshui_man2-tangshan_core-tangshan_man2-tangshan_edge2,"[hengshui_man1-hengshui_man2],[hengshui_man2-tangshan_core],[tangshan_core-tangshan_man2],[tangshan_man2-tangshan_edge2]",hengshui_man1~tangshan_edge2
hengshui_man1,25,qhd_edge1,52,13.12,hengshui_man1-hengshui_man2-tangshan_core-qhd_man1-qhd_edge1,"[hengshui_man1-hengshui_man2],[hengshui_man2-tangshan_core],[tangshan_core-qhd_man1],[qhd_man1-qhd_edge1]",hengshui_man1~qhd_edge1
hengshui_man1,25,qhd_edge2,53,13.68,hengshui_man1-hengshui_man2-tangshan_core-qhd_man2-qhd_edge2,"[hengshui_man1-hengshui_man2],[hengshui_man2-tangshan_core],[tangshan_core-qhd_man2],[qhd_man2-qhd_edge2]",hengshui_man1~qhd_edge2
hengshui_man1,25,handan_edge1,54,7.18,hengshui_man1-shijiangzhuang_core-handan_man1-handan_edge1,"[hengshui_man1-shijiangzhuang_core],[shijiangzhuang_core-handan_man1],[handan_man1-handan_edge1]",hengshui_man1~handan_edge1
hengshui_man1,25,handan_edge2,55,7.18,hengshui_man1-shijiangzhuang_core-handan_man2-handan_edge2,"[hengshui_man1-shijiangzhuang_core],[shijiangzhuang_core-handan_man2],[handan_man2-handan_edge2]",hengshui_man1~handan_edge2
hengshui_man1,25,xingtai_edge1,56,6.08,hengshui_man1-shijiangzhuang_core-xingtai_man1-xingtai_edge1,"[hengshui_man1-shijiangzhuang_core],[shijiangzhuang_core-xingtai_man1],[xingtai_man1-xingtai_edge1]",hengshui_man1~xingtai_edge1
hengshui_man1,25,xingtai_edge2,57,6.08,hengshui_man1-shijiangzhuang_core-xingtai_man2-xingtai_edge2,"[hengshui_man1-shijiangzhuang_core],[shijiangzhuang_core-xingtai_man2],[xingtai_man2-xingtai_edge2]",hengshui_man1~xingtai_edge2
hengshui_man1,25,baoding_edge1,58,6.59,hengshui_man1-shijiangzhuang_core-baoding_man1-baoding_edge1,"[hengshui_man1-shijiangzhuang_core],[shijiangzhuang_core-baoding_man1],[baoding_man1-baoding_edge1]",hengshui_man1~baoding_edge1
hengshui_man1,25,baoding_edge2,59,6.59,hengshui_man1-shijiangzhuang_core-baoding_man2-baoding_edge2,"[hengshui_man1-shijiangzhuang_core],[shijiangzhuang_core-baoding_man2],[baoding_man2-baoding_edge2]",hengshui_man1~baoding_edge2
hengshui_man1,25,zhangjiako_edge1,60,12.28,hengshui_man1-shijiangzhuang_core-zhangjiako_man1-zhangjiako_edge1,"[hengshui_man1-shijiangzhuang_core],[shijiangzhuang_core-zhangjiako_man1],[zhangjiako_man1-zhangjiako_edge1]",hengshui_man1~zhangjiako_edge1
hengshui_man1,25,zhangjiako_edge2,61,12.28,hengshui_man1-shijiangzhuang_core-zhangjiako_man2-zhangjiako_edge2,"[hengshui_man1-shijiangzhuang_core],[shijiangzhuang_core-zhangjiako_man2],[zhangjiako_man2-zhangjiako_edge2]",hengshui_man1~zhangjiako_edge2
hengshui_man1,25,chengde_edge1,62,14.34,hengshui_man1-hengshui_man2-tangshan_core-chengde_man1-chengde_edge1,"[hengshui_man1-hengshui_man2],[hengshui_man2-tangshan_core],[tangshan_core-chengde_man1],[chengde_man1-chengde_edge1]",hengshui_man1~chengde_edge1
hengshui_man1,25,chengde_edge2,63,14.56,hengshui_man1-shijiangzhuang_core-beijing_core2-chengde_man2-chengde_edge2,"[hengshui_man1-shijiangzhuang_core],[shijiangzhuang_core-beijing_core2],[beijing_core2-chengde_man2],[chengde_man2-chengde_edge2]",hengshui_man1~chengde_edge2
hengshui_man1,25,cangzhou_edge1,64,8.64,hengshui_man1-shijiangzhuang_core-cangzhou_man1-cangzhou_edge1,"[hengshui_man1-shijiangzhuang_core],[shijiangzhuang_core-cangzhou_man1],[cangzhou_man1-cangzhou_edge1]",hengshui_man1~cangzhou_edge1
hengshui_man1,25,cangzhou_edge2,65,8.64,hengshui_man1-shijiangzhuang_core-cangzhou_man2-cangzhou_edge2,"[hengshui_man1-shijiangzhuang_core],[shijiangzhuang_core-cangzhou_man2],[cangzhou_man2-cangzhou_edge2]",hengshui_man1~cangzhou_edge2
hengshui_man1,25,langfang_edge1,66,10.21,hengshui_man1-shijiangzhuang_core-langfang_man1-langfang_edge1,"[hengshui_man1-shijiangzhuang_core],[shijiangzhuang_core-langfang_man1],[langfang_man1-langfang_edge1]",hengshui_man1~langfang_edge1
hengshui_man1,25,langfang_edge2,67,10.21,hengshui_man1-shijiangzhuang_core-langfang_man2-langfang_edge2,"[hengshui_man1-shijiangzhuang_core],[shijiangzhuang_core-langfang_man2],[langfang_man2-langfang_edge2]",hengshui_man1~langfang_edge2
hengshui_man1,25,hengshui_edge1,68,0.1,hengshui_man1-hengshui_edge1,[hengshui_man1-hengshui_edge1],hengshui_man1~hengshui_edge1
hengshui_man1,25,hengshui_edge2,69,1.1,hengshui_man1-hengshui_edge2,[hengshui_man1-hengshui_edge2],hengshui_man1~hengshui_edge2
hengshui_man2,26,beijing_cloud1,5,10.07,hengshui_man2-shijiangzhuang_core-beijing_core2-beijing_cloud1,"[hengshui_man2-shijiangzhuang_core],[shijiangzhuang_core-beijing_core2],[beijing_core2-beijing_cloud1]",hengshui_man2~beijing_cloud1
hengshui_man2,26,beijing_cloud2,6,9.07,hengshui_man2-shijiangzhuang_core-beijing_core2-beijing_cloud2,"[hengshui_man2-shijiangzhuang_core],[shijiangzhuang_core-beijing_core2],[beijing_core2-beijing_cloud2]",hengshui_man2~beijing_cloud2
hengshui_man2,26,beijing_edge1,7,10.07,hengshui_man2-shijiangzhuang_core-beijing_core2-beijing_man1-beijing_edge1,"[hengshui_man2-shijiangzhuang_core],[shijiangzhuang_core-beijing_core2],[beijing_core2-beijing_man1],[beijing_man1-beijing_edge1]",hengshui_man2~beijing_edge1
hengshui_man2,26,beijing_edge2,8,10.07,hengshui_man2-shijiangzhuang_core-beijing_core2-beijing_man2-beijing_edge2,"[hengshui_man2-shijiangzhuang_core],[shijiangzhuang_core-beijing_core2],[beijing_core2-beijing_man2],[beijing_man2-beijing_edge2]",hengshui_man2~beijing_edge2
hengshui_man2,26,beijing_edge3,9,10.57,hengshui_man2-shijiangzhuang_core-beijing_core2-beijing_man1-beijing_edge3,"[hengshui_man2-shijiangzhuang_core],[shijiangzhuang_core-beijing_core2],[beijing_core2-beijing_man1],[beijing_man1-beijing_edge3]",hengshui_man2~beijing_edge3
hengshui_man2,26,beijing_edge4,10,10.57,hengshui_man2-shijiangzhuang_core-beijing_core2-beijing_man2-beijing_edge4,"[hengshui_man2-shijiangzhuang_core],[shijiangzhuang_core-beijing_core2],[beijing_core2-beijing_man2],[beijing_man2-beijing_edge4]",hengshui_man2~beijing_edge4
hengshui_man2,26,tianjin_cloud1,15,10.47,hengshui_man2-shijiangzhuang_core-tianjin_core1-tianjin_cloud1,"[hengshui_man2-shijiangzhuang_core],[shijiangzhuang_core-tianjin_core1],[tianjin_core1-tianjin_cloud1]",hengshui_man2~tianjin_cloud1
hengshui_man2,26,tianjin_cloud2,16,11.09,hengshui_man2-tangshan_core-tianjin_core2-tianjin_cloud2,"[hengshui_man2-tangshan_core],[tangshan_core-tianjin_core2],[tianjin_core2-tianjin_cloud2]",hengshui_man2~tianjin_cloud2
hengshui_man2,26,tianjin_edge1,17,11.47,hengshui_man2-shijiangzhuang_core-tianjin_core1-tianjin_man1-tianjin_edge1,"[hengshui_man2-shijiangzhuang_core],[shijiangzhuang_core-tianjin_core1],[tianjin_core1-tianjin_man1],[tianjin_man1-tianjin_edge1]",hengshui_man2~tianjin_edge1
hengshui_man2,26,tianjin_edge2,18,11.47,hengshui_man2-shijiangzhuang_core-tianjin_core1-tianjin_man2-tianjin_edge2,"[hengshui_man2-shijiangzhuang_core],[shijiangzhuang_core-tianjin_core1],[tianjin_core1-tianjin_man2],[tianjin_man2-tianjin_edge2]",hengshui_man2~tianjin_edge2
hengshui_man2,26,tianjin_edge3,19,11.97,hengshui_man2-shijiangzhuang_core-tianjin_core1-tianjin_man1-tianjin_edge3,"[hengshui_man2-shijiangzhuang_core],[shijiangzhuang_core-tianjin_core1],[tianjin_core1-tianjin_man1],[tianjin_man1-tianjin_edge3]",hengshui_man2~tianjin_edge3
hengshui_man2,26,tianjin_edge4,20,11.97,hengshui_man2-shijiangzhuang_core-tianjin_core1-tianjin_man1-tianjin_edge4,"[hengshui_man2-shijiangzhuang_core],[shijiangzhuang_core-tianjin_core1],[tianjin_core1-tianjin_man1],[tianjin_man1-tianjin_edge4]",hengshui_man2~tianjin_edge4
hengshui_man2,26,shijiangzhuang_cloud,24,3.08,hengshui_man2-shijiangzhuang_core-shijiangzhuang_cloud,"[hengshui_man2-shijiangzhuang_core],[shijiangzhuang_core-shijiangzhuang_cloud]",hengshui_man2~shijiangzhuang_cloud
hengshui_man2,26,baoding_cloud,36,7.59,hengshui_man2-shijiangzhuang_core-baoding_man2-baoding_cloud,"[hengshui_man2-shijiangzhuang_core],[shijiangzhuang_core-baoding_man2],[baoding_man2-baoding_cloud]",hengshui_man2~baoding_cloud
hengshui_man2,26,zhangjiako_cloud,39,13.28,hengshui_man2-shijiangzhuang_core-zhangjiako_man2-zhangjiako_cloud,"[hengshui_man2-shijiangzhuang_core],[shijiangzhuang_core-zhangjiako_man2],[zhangjiako_man2-zhangjiako_cloud]",hengshui_man2~zhangjiako_cloud
hengshui_man2,26,shijiangzhuang_edge1,48,4.08,hengshui_man2-shijiangzhuang_core-shijiangzhuang_man1-shijiangzhuang_edge1,"[hengshui_man2-shijiangzhuang_core],[shijiangzhuang_core-shijiangzhuang_man1],[shijiangzhuang_man1-shijiangzhuang_edge1]",hengshui_man2~shijiangzhuang_edge1
hengshui_man2,26,shijiangzhuang_edge2,49,4.08,hengshui_man2-shijiangzhuang_core-shijiangzhuang_man2-shijiangzhuang_edge2,"[hengshui_man2-shijiangzhuang_core],[shijiangzhuang_core-shijiangzhuang_man2],[shijiangzhuang_man2-shijiangzhuang_edge2]",hengshui_man2~shijiangzhuang_edge2
hengshui_man2,26,tangshan_edge1,50,9.62,hengshui_man2-tangshan_core-tangshan_man1-tangshan_edge1,"[hengshui_man2-tangshan_core],[tangshan_core-tangshan_man1],[tangshan_man1-tangshan_edge1]",hengshui_man2~tangshan_edge1
hengshui_man2,26,tangshan_edge2,51,9.62,hengshui_man2-tangshan_core-tangshan_man2-tangshan_edge2,"[hengshui_man2-tangshan_core],[tangshan_core-tangshan_man2],[tangshan_man2-tangshan_edge2]",hengshui_man2~tangshan_edge2
hengshui_man2,26,qhd_edge1,52,12.12,hengshui_man2-tangshan_core-qhd_man1-qhd_edge1,"[hengshui_man2-tangshan_core],[tangshan_core-qhd_man1],[qhd_man1-qhd_edge1]",hengshui_man2~qhd_edge1
hengshui_man2,26,qhd_edge2,53,12.68,hengshui_man2-tangshan_core-qhd_man2-qhd_edge2,"[hengshui_man2-tangshan_core],[tangshan_core-qhd_man2],[qhd_man2-qhd_edge2]",hengshui_man2~qhd_edge2
hengshui_man2,26,handan_edge1,54,7.18,hengshui_man2-shijiangzhuang_core-handan_man1-handan_edge1,"[hengshui_man2-shijiangzhuang_core],[shijiangzhuang_core-handan_man1],[handan_man1-handan_edge1]",hengshui_man2~handan_edge1
hengshui_man2,26,handan_edge2,55,7.18,hengshui_man2-shijiangzhuang_core-handan_man2-handan_edge2,"[hengshui_man2-shijiangzhuang_core],[shijiangzhuang_core-handan_man2],[handan_man2-handan_edge2]",hengshui_man2~handan_edge2
hengshui_man2,26,xingtai_edge1,56,6.08,hengshui_man2-shijiangzhuang_core-xingtai_man1-xingtai_edge1,"[hengshui_man2-shijiangzhuang_core],[shijiangzhuang_core-xingtai_man1],[xingtai_man1-xingtai_edge1]",hengshui_man2~xingtai_edge1
hengshui_man2,26,xingtai_edge2,57,6.08,hengshui_man2-shijiangzhuang_core-xingtai_man2-xingtai_edge2,"[hengshui_man2-shijiangzhuang_core],[shijiangzhuang_core-xingtai_man2],[xingtai_man2-xingtai_edge2]",hengshui_man2~xingtai_edge2
hengshui_man2,26,baoding_edge1,58,6.59,hengshui_man2-shijiangzhuang_core-baoding_man1-baoding_edge1,"[hengshui_man2-shijiangzhuang_core],[shijiangzhuang_core-baoding_man1],[baoding_man1-baoding_edge1]",hengshui_man2~baoding_edge1
hengshui_man2,26,baoding_edge2,59,6.59,hengshui_man2-shijiangzhuang_core-baoding_man2-baoding_edge2,"[hengshui_man2-shijiangzhuang_core],[shijiangzhuang_core-baoding_man2],[baoding_man2-baoding_edge2]",hengshui_man2~baoding_edge2
hengshui_man2,26,zhangjiako_edge1,60,12.28,hengshui_man2-shijiangzhuang_core-zhangjiako_man1-zhangjiako_edge1,"[hengshui_man2-shijiangzhuang_core],[shijiangzhuang_core-zhangjiako_man1],[zhangjiako_man1-zhangjiako_edge1]",hengshui_man2~zhangjiako_edge1
hengshui_man2,26,zhangjiako_edge2,61,12.28,hengshui_man2-shijiangzhuang_core-zhangjiako_man2-zhangjiako_edge2,"[hengshui_man2-shijiangzhuang_core],[shijiangzhuang_core-zhangjiako_man2],[zhangjiako_man2-zhangjiako_edge2]",hengshui_man2~zhangjiako_edge2
hengshui_man2,26,chengde_edge1,62,13.34,hengshui_man2-tangshan_core-chengde_man1-chengde_edge1,"[hengshui_man2-tangshan_core],[tangshan_core-chengde_man1],[chengde_man1-chengde_edge1]",hengshui_man2~chengde_edge1
hengshui_man2,26,chengde_edge2,63,13.73,hengshui_man2-tangshan_core-chengde_man2-chengde_edge2,"[hengshui_man2-tangshan_core],[tangshan_core-chengde_man2],[chengde_man2-chengde_edge2]",hengshui_man2~chengde_edge2
hengshui_man2,26,cangzhou_edge1,64,8.64,hengshui_man2-shijiangzhuang_core-cangzhou_man1-cangzhou_edge1,"[hengshui_man2-shijiangzhuang_core],[shijiangzhuang_core-cangzhou_man1],[cangzhou_man1-cangzhou_edge1]",hengshui_man2~cangzhou_edge1
hengshui_man2,26,cangzhou_edge2,65,8.64,hengshui_man2-shijiangzhuang_core-cangzhou_man2-cangzhou_edge2,"[hengshui_man2-shijiangzhuang_core],[shijiangzhuang_core-cangzhou_man2],[cangzhou_man2-cangzhou_edge2]",hengshui_man2~cangzhou_edge2
hengshui_man2,26,langfang_edge1,66,10.21,hengshui_man2-shijiangzhuang_core-langfang_man1-langfang_edge1,"[hengshui_man2-shijiangzhuang_core],[shijiangzhuang_core-langfang_man1],[langfang_man1-langfang_edge1]",hengshui_man2~langfang_edge1
hengshui_man2,26,langfang_edge2,67,10.21,hengshui_man2-shijiangzhuang_core-langfang_man2-langfang_edge2,"[hengshui_man2-shijiangzhuang_core],[shijiangzhuang_core-langfang_man2],[langfang_man2-langfang_edge2]",hengshui_man2~langfang_edge2
hengshui_man2,26,hengshui_edge1,68,1.1,hengshui_man2-hengshui_edge1,[hengshui_man2-hengshui_edge1],hengshui_man2~hengshui_edge1
hengshui_man2,26,hengshui_edge2,69,0.1,hengshui_man2-hengshui_edge2,[hengshui_man2-hengshui_edge2],hengshui_man2~hengshui_edge2
